id,content_item_id,section_id,statement,locale,topic,risk_level,jurisdiction,source_ids,source_scope,effective_from,effective_to,last_verified_at,next_review_at,verified_by,status,notes,evidence
CLM-B5B3A421B403,bezopasnost-argentina,frontmatter.summary_or_answer,"Аргентина относительно безопасна (Level 1 по Госдепу США) — главный риск не насилие, а мелкие кражи и отвлекающие скамы; в Патагонии и на севере криминала почти нет, но важна осторожность с природой.",ru,bezopasnost,critical,AR_or_review_required,SRC-E66CB6A451|SRC-25988E28BF,article_level_not_inline,review_required,review_required,2026-07-02,review_required,review_required,review_required_no_primary_source,frontmatter date is not reviewer evidence; inline mapping absent,content/knowledge-base/bezopasnost/bezopasnost-argentina.md
CLM-D4622534C774,zemletryaseniya-i-vulkany,frontmatter.summary_or_answer,"Почему запад Аргентины трясёт, а Буэнос-Айрес — нет: плоский слэб плиты Наски, растущие Анды и цепь вулканов. Крупнейшие землетрясения (Сан-Хуан 1944, Мендоса 1861, Каусете 1977), вулканический пепел над Патагонией и другие стихии — пожары, наводнения, Эль-Ниньо. Что это значит для путешественника и жителя.",ru,bezopasnost,critical,AR_or_review_required,SRC-BA0FA185BB|SRC-7F5336C8B9,article_level_not_inline,review_required,review_required,2026-07-04,review_required,review_required,review_required_no_primary_source,frontmatter date is not reviewer evidence; inline mapping absent,content/knowledge-base/bezopasnost/zemletryaseniya-i-vulkany.md
CLM-4767D9456CF9,banki-i-perevody,frontmatter.summary_or_answer,"Практика перевода денег в Аргентину в 2026 году после отмены большинства валютных ограничений: наличные доллары, Western Union, карты, USDT/стейблкоины и Wise — что выгоднее и удобнее туристу и релоканту. Про местные счета и финтех — отдельно в записи о банковском счёте.",ru,dengi,critical,AR_or_review_required,SRC-887BE4CA91|SRC-07E45CBE66|SRC-695711D591|SRC-1E3E864639,article_level_not_inline,review_required,review_required,2026-07-04,review_required,review_required,review_required_article_level_only,frontmatter date is not reviewer evidence; inline mapping absent,content/knowledge-base/dengi/banki-i-perevody.md
CLM-2C3DC2E15826,bankovskij-schet,frontmatter.summary_or_answer,"Как открыть счёт и карту в Аргентине: финтех (Ualá, Brubank, Mercado Pago) с первого дня, банковский счёт после DNI и CUIT, покупка долларов по MEP — и отдельная схема для россиян, чьи карты не работают.",ru,dengi,critical,AR_or_review_required,SRC-1E66F06EC3|SRC-8D7D3A10E1|SRC-8A7F3EC40F,article_level_not_inline,review_required,review_required,2026-07-02,review_required,review_required,review_required_article_level_only,frontmatter date is not reviewer evidence; inline mapping absent,content/knowledge-base/dengi/bankovskij-schet.md
CLM-86B4BE07A485,byudzhet-poezdki,frontmatter.summary_or_answer,"Дневные нормы по уровням (бэкпекер ~$30-40, средний ~$70-120, комфорт от $150) и пример сметы на классические 2 недели — внутренние перелёты и Патагония определяют итоговую сумму.",ru,dengi,critical,AR_or_review_required,SRC-C66BA9965F|SRC-BD2BC23443,article_level_not_inline,review_required,review_required,2026-07-02,review_required,review_required,review_required_no_primary_source,frontmatter date is not reviewer evidence; inline mapping absent,content/knowledge-base/dengi/byudzhet-poezdki.md
CLM-2715B07A20AD,gid-po-dengam,frontmatter.summary_or_answer,"Навигационная точка входа по всей денежной теме: обмен валюты и курсы (blue/MEP), оплата без карт РФ, банковский счёт и переводы, бюджеты для туриста/одиночки/семьи, налоги, инфляция и защита накоплений, оплата удалёнки, бизнес и доход от аренды. Собирает все финансовые записи базы в одну карту.",ru,dengi,critical,AR_or_review_required,"",none,review_required,review_required,2026-07-05,review_required,review_required,blocked_missing_source,frontmatter date is not reviewer evidence; inline mapping absent,content/knowledge-base/dengi/gid-po-dengam.md
CLM-FA47188A508E,inflyatsiya-i-ekonomika,frontmatter.summary_or_answer,"Почему в Аргентине высокая инфляция, зачем местные хранят сбережения в долларах, что изменили реформы 2025 года (отмена cepo и схлопывание курсов) и как всё это влияет на путешественника и релоканта.",ru,dengi,critical,AR_or_review_required,SRC-301E2F7FF5|SRC-C54A055890,article_level_not_inline,review_required,review_required,2026-07-03,review_required,review_required,review_required_article_level_only,frontmatter date is not reviewer evidence; inline mapping absent,content/knowledge-base/dengi/inflyatsiya-i-ekonomika.md
CLM-C2FA350523AC,kak-menyat-valyutu,frontmatter.summary_or_answer,"После отмены валютных ограничений (cepo) в апреле 2025 года разрыв курсов почти исчез — карта стала выгоднее наличных для большинства, кроме россиян, чьи карты РФ не работают за рубежом.",ru,dengi,critical,AR_or_review_required,SRC-E3682EC60E|SRC-BA10ED6A17,article_level_not_inline,review_required,review_required,2026-07-03,review_required,review_required,review_required_no_primary_source,frontmatter date is not reviewer evidence; inline mapping absent,content/knowledge-base/dengi/kak-menyat-valyutu.md
CLM-AD558D5EA5A5,nalogi-i-monotributo,frontmatter.summary_or_answer,"Монотрибуто — упрощённый режим для самозанятых и мелкого бизнеса, где один месячный платёж покрывает налог, пенсионный взнос и медстраховку; плюс базовая логика подоходного налога, налогового резидентства и двойного налогообложения для тех, кто остаётся надолго.",ru,dengi,critical,AR_or_review_required,SRC-347695C8AA|SRC-522736E9A7|SRC-0FE2B9214B,article_level_not_inline,review_required,review_required,2026-07-03,review_required,review_required,review_required_article_level_only,frontmatter date is not reviewer evidence; inline mapping absent,content/knowledge-base/dengi/nalogi-i-monotributo.md
CLM-1EA1586176E1,otkrytie-biznesa,frontmatter.summary_or_answer,"Как иностранцу легально работать на себя и открыть дело в Аргентине: налоговый номер CUIT, три пути — монотрибуто (для фрилансеров и малого дела), автономо (общий режим) и компания (SAS/SRL/SA). Что выбрать, сколько стоит и зачем нужен бухгалтер (contador).",ru,dengi,critical,AR_or_review_required,SRC-1D0325EA5B|SRC-3C1BF5BB10|SRC-8A7F3EC40F,article_level_not_inline,review_required,review_required,2026-07-04,review_required,review_required,review_required_article_level_only,frontmatter date is not reviewer evidence; inline mapping absent,content/knowledge-base/dengi/otkrytie-biznesa.md
CLM-CE29BE037FDC,sdacha-nedvizhimosti-v-arendu,frontmatter.summary_or_answer,"Как иностранцу-собственнику сдавать недвижимость в Аргентине и что с налогами: важное изменение 2026 — доход от долгосрочной ЖИЛОЙ аренды освобождён от подоходного налога (Ganancias), а вот temporary/Airbnb и коммерческая аренда — нет; плюс налог на имущество (Bienes Personales), монотрибуто-локация, разница резидент/нерезидент, доходность и риски. Дополняет запись о покупке недвижимости.",ru,dengi,critical,AR_or_review_required,SRC-5F91323D00|SRC-5E38761107,article_level_not_inline,review_required,review_required,2026-07-05,review_required,review_required,review_required_article_level_only,frontmatter date is not reviewer evidence; inline mapping absent,content/knowledge-base/dengi/sdacha-nedvizhimosti-v-arendu.md
CLM-6A7224C78863,stoimost-zhizni-ba,frontmatter.summary_or_answer,"Реальный месячный бюджет в Буэнос-Айресе в 2026 году: от экономного ~$1100 до комфортного $2300+, с аренды как главной статьи расходов.",ru,dengi,critical,AR_or_review_required,SRC-BD2BC23443|SRC-B5EEC99D91,article_level_not_inline,review_required,review_required,2026-07-02,review_required,review_required,review_required_no_primary_source,frontmatter date is not reviewer evidence; inline mapping absent,content/knowledge-base/dengi/stoimost-zhizni-ba.md
CLM-2734FF8CB584,stoimost-zhizni-semya-i-para,frontmatter.summary_or_answer,"Месячные бюджеты для пары и для семьи с ребёнком в Буэнос-Айресе в 2026 году, по трём уровням (эконом / комфорт / высокий). Что реально входит в каждую статью, почему пара экономит на человеке, и как частная школа становится главным драйвером семейного бюджета. Дополняет расчёт на одного человека.",ru,dengi,critical,AR_or_review_required,SRC-BD2BC23443|SRC-4F2EA9AC2E,article_level_not_inline,review_required,review_required,2026-07-05,review_required,review_required,review_required_no_primary_source,frontmatter date is not reviewer evidence; inline mapping absent,content/knowledge-base/dengi/stoimost-zhizni-semya-i-para.md
CLM-EE0F9B5B7FB0,udalyonnaya-rabota-i-oplata,frontmatter.summary_or_answer,"Практическая связка для тех, кто работает удалённо на зарубежную (или российскую) компанию: как получить оплату из-за границы, когда карты РФ не работают (Payoneer, Deel, Wise, крипта/USDT), как конвертировать выгодно (MEP/blue вместо официального курса), как легально задекларировать (монотрибуто, экспортная Factura E) и как всё это связать, теряя минимум на комиссиях и курсе.",ru,dengi,critical,AR_or_review_required,SRC-ADF5B1CE07|SRC-27207D8FE6,article_level_not_inline,review_required,review_required,2026-07-05,review_required,review_required,review_required_no_primary_source,frontmatter date is not reviewer evidence; inline mapping absent,content/knowledge-base/dengi/udalyonnaya-rabota-i-oplata.md
CLM-6474CDD3F356,zashchita-nakoplenij-ot-inflyacii,frontmatter.summary_or_answer,"Обзор инструментов, которыми в Аргентине защищают деньги от инфляции: доллар (MEP, наличные), стейблкоины (USDT), CEDEARs (доступ к акциям США в песо), гособлигации и plazo fijo UVA, недвижимость как «сейф». Плюсы, минусы и риски каждого, сценарии под разные суммы и цели. Это информирование, а не индивидуальная инвестиционная рекомендация.",ru,dengi,critical,AR_or_review_required,SRC-1829E8B8CC,article_level_not_inline,review_required,review_required,2026-07-05,review_required,review_required,blocked_invalid_source,frontmatter date is not reviewer evidence; inline mapping absent,content/knowledge-base/dengi/zashchita-nakoplenij-ot-inflyacii.md
CLM-6D03531BDC01,aktualen-li-blue-dollar,frontmatter.summary_or_answer,Актуален ли «блю-доллар» в Аргентине в 2026 году?,ru,faq,critical,AR_or_review_required,"",none,review_required,review_required,2026-06-30,review_required,review_required,blocked_missing_source,frontmatter date is not reviewer evidence; inline mapping absent,content/knowledge-base/faq/aktualen-li-blue-dollar.md
CLM-BD0D730A7ED5,besplatna-li-medicina-dlya-turista,frontmatter.summary_or_answer,Бесплатна ли медицина в Аргентине для туриста?,ru,faq,critical,AR_or_review_required,SRC-E30AB83B7D|SRC-1B1B4FAAAA,article_level_not_inline,review_required,review_required,2026-07-01,review_required,review_required,blocked_invalid_source,frontmatter date is not reviewer evidence; inline mapping absent,content/knowledge-base/faq/besplatna-li-medicina-dlya-turista.md
CLM-1272C26F0EEA,bezopasno-li-odnoj-zhenshchine,frontmatter.summary_or_answer,Безопасно ли путешествовать по Аргентине одной женщине?,ru,faq,critical,AR_or_review_required,"",none,review_required,review_required,2026-06-30,review_required,review_required,blocked_missing_source,frontmatter date is not reviewer evidence; inline mapping absent,content/knowledge-base/faq/bezopasno-li-odnoj-zhenshchine.md
CLM-FC654C39C1A8,bezopasno-li-v-argentine,frontmatter.summary_or_answer,Безопасно ли путешествовать по Аргентине?,ru,faq,critical,AR_or_review_required,"",none,review_required,review_required,2026-06-30,review_required,review_required,blocked_missing_source,frontmatter date is not reviewer evidence; inline mapping absent,content/knowledge-base/faq/bezopasno-li-v-argentine.md
CLM-9433ED95A7D3,chto-delat-krome-dostoprimechatelnostej,frontmatter.summary_or_answer,"Что делать в Буэнос-Айресе / Мендосе / Патагонии, кроме галочных достопримечательностей?",ru,faq,critical,AR_or_review_required,"",none,review_required,review_required,2026-07-05,review_required,review_required,blocked_missing_source,frontmatter date is not reviewer evidence; inline mapping absent,content/knowledge-base/faq/chto-delat-krome-dostoprimechatelnostej.md
CLM-1F0308286AE3,chto-est-vegetariancu,frontmatter.summary_or_answer,Что есть вегетарианцу или вегану в «мясной» Аргентине?,ru,faq,critical,AR_or_review_required,"",none,review_required,review_required,2026-07-05,review_required,review_required,blocked_missing_source,frontmatter date is not reviewer evidence; inline mapping absent,content/knowledge-base/faq/chto-est-vegetariancu.md
CLM-9417571E1B05,chto-takoe-dni-i-cuil,frontmatter.summary_or_answer,"Что такое DNI, CUIL и CUIT в Аргентине и зачем они нужны?",ru,faq,critical,AR_or_review_required,"",none,review_required,review_required,2026-06-30,review_required,review_required,blocked_missing_source,frontmatter date is not reviewer evidence; inline mapping absent,content/knowledge-base/faq/chto-takoe-dni-i-cuil.md
CLM-AF271BBC85FA,chto-takoe-mep,frontmatter.summary_or_answer,Что такое MEP в Аргентине и зачем он нужен?,ru,faq,critical,AR_or_review_required,"",none,review_required,review_required,2026-06-30,review_required,review_required,blocked_missing_source,frontmatter date is not reviewer evidence; inline mapping absent,content/knowledge-base/faq/chto-takoe-mep.md
CLM-FEB5DF1D1A8B,chto-takoe-prekariya,frontmatter.summary_or_answer,Что такое прекария (Residencia Precaria) в Аргентине и что она даёт?,ru,faq,critical,AR_or_review_required,SRC-E30AB83B7D|SRC-64F155CE89,article_level_not_inline,review_required,review_required,2026-07-01,review_required,review_required,review_required_article_level_only,frontmatter date is not reviewer evidence; inline mapping absent,content/knowledge-base/faq/chto-takoe-prekariya.md
CLM-E5E93BC0B715,chto-takoe-sube,frontmatter.summary_or_answer,Что такое карта SUBE и нужна ли она туристу?,ru,faq,critical,AR_or_review_required,SRC-9FC42D2F65|SRC-0221C68D98,article_level_not_inline,review_required,review_required,2026-07-01,review_required,review_required,review_required_article_level_only,frontmatter date is not reviewer evidence; inline mapping absent,content/knowledge-base/faq/chto-takoe-sube.md
CLM-DC4030A78714,esim-ili-lokalnaya-sim,frontmatter.summary_or_answer,Что выбрать в Аргентине — eSIM или локальную SIM-карту?,ru,faq,critical,AR_or_review_required,"",none,review_required,review_required,2026-06-30,review_required,review_required,blocked_missing_source,frontmatter date is not reviewer evidence; inline mapping absent,content/knowledge-base/faq/esim-ili-lokalnaya-sim.md
CLM-5BC84B62D1ED,gde-luchshiy-karnaval-v-argentine,frontmatter.summary_or_answer,Где лучший карнавал в Аргентине?,ru,faq,critical,AR_or_review_required,SRC-9DB2F62B5F|SRC-A5AC1A4A43|SRC-2D5548D43E,article_level_not_inline,review_required,review_required,2026-07-01,review_required,review_required,review_required_article_level_only,frontmatter date is not reviewer evidence; inline mapping absent,content/knowledge-base/faq/gde-luchshiy-karnaval-v-argentine.md
CLM-F80B30938C09,govoryat-li-v-argentine-po-anglijski,frontmatter.summary_or_answer,Говорят ли в Аргентине по-английски?,ru,faq,critical,AR_or_review_required,SRC-9CC55E752D,article_level_not_inline,review_required,review_required,2026-07-04,review_required,review_required,blocked_invalid_source,frontmatter date is not reviewer evidence; inline mapping absent,content/knowledge-base/faq/govoryat-li-v-argentine-po-anglijski.md
CLM-FD7631EC2860,kak-kupit-aviabilety-deshevle,frontmatter.summary_or_answer,Как купить внутренние авиабилеты по Аргентине дешевле?,ru,faq,critical,AR_or_review_required,"",none,review_required,review_required,2026-06-30,review_required,review_required,blocked_missing_source,frontmatter date is not reviewer evidence; inline mapping absent,content/knowledge-base/faq/kak-kupit-aviabilety-deshevle.md
CLM-426EB70AFA2D,kak-oplatit-tur-i-zhilyo-zaranee,frontmatter.summary_or_answer,"Как оплатить тур, отель или экскурсию заранее, если моя карта РФ не работает?",ru,faq,critical,AR_or_review_required,"",none,review_required,review_required,2026-07-05,review_required,review_required,blocked_missing_source,frontmatter date is not reviewer evidence; inline mapping absent,content/knowledge-base/faq/kak-oplatit-tur-i-zhilyo-zaranee.md
CLM-C56E91EC2ED3,kak-perevezti-kota-ili-sobaku,frontmatter.summary_or_answer,Как перевезти кота или собаку в Аргентину?,ru,faq,critical,AR_or_review_required,SRC-BD85ACFC55|SRC-9D7EF1D4AE,article_level_not_inline,review_required,review_required,2026-07-01,review_required,review_required,review_required_article_level_only,frontmatter date is not reviewer evidence; inline mapping absent,content/knowledge-base/faq/kak-perevezti-kota-ili-sobaku.md
CLM-095BF6054787,kak-platit-esli-karta-rf-ne-rabotaet,frontmatter.summary_or_answer,"Как платить в Аргентине, если карты российских банков не работают?",ru,faq,critical,AR_or_review_required,"",none,review_required,review_required,2026-06-30,review_required,review_required,blocked_missing_source,frontmatter date is not reviewer evidence; inline mapping absent,content/knowledge-base/faq/kak-platit-esli-karta-rf-ne-rabotaet.md
CLM-F06710854D2A,kak-poluchit-grazhdanstvo-za-2-goda,frontmatter.summary_or_answer,"Правда ли, что гражданство Аргентины можно получить за 2 года?",ru,faq,critical,AR_or_review_required,"",none,review_required,review_required,2026-06-30,review_required,review_required,blocked_missing_source,frontmatter date is not reviewer evidence; inline mapping absent,content/knowledge-base/faq/kak-poluchit-grazhdanstvo-za-2-goda.md
CLM-C785AF6DCD8B,kak-snyat-kvartiru-bez-garanta,frontmatter.summary_or_answer,Как снять квартиру в Аргентине без гаранта (garantía)?,ru,faq,critical,AR_or_review_required,SRC-05AA0DDD99|SRC-A6D2D410AD,article_level_not_inline,review_required,review_required,2026-07-01,review_required,review_required,review_required_article_level_only,frontmatter date is not reviewer evidence; inline mapping absent,content/knowledge-base/faq/kak-snyat-kvartiru-bez-garanta.md
CLM-08338FAD7BC1,kakie-dokumenty-vezti-s-soboj,frontmatter.summary_or_answer,Какие документы везти с собой при переезде в Аргентину?,ru,faq,critical,AR_or_review_required,SRC-64F155CE89|SRC-3A9FFF6269|SRC-C30ACE4A9F,article_level_not_inline,review_required,review_required,2026-07-01,review_required,review_required,review_required_article_level_only,frontmatter date is not reviewer evidence; inline mapping absent,content/knowledge-base/faq/kakie-dokumenty-vezti-s-soboj.md
CLM-566FF8AA87E2,kakie-privivki-nuzhny-dlya-argentiny,frontmatter.summary_or_answer,Какие прививки нужны для поездки в Аргентину?,ru,faq,critical,AR_or_review_required,SRC-457A0207E5|SRC-EC5103CED2,article_level_not_inline,review_required,review_required,2026-07-01,review_required,review_required,review_required_article_level_only,frontmatter date is not reviewer evidence; inline mapping absent,content/knowledge-base/faq/kakie-privivki-nuzhny-dlya-argentiny.md
CLM-487689846ACD,kakie-rajony-ba-izbegat,frontmatter.summary_or_answer,Какие районы Буэнос-Айреса стоит избегать?,ru,faq,critical,AR_or_review_required,"",none,review_required,review_required,2026-06-30,review_required,review_required,blocked_missing_source,frontmatter date is not reviewer evidence; inline mapping absent,content/knowledge-base/faq/kakie-rajony-ba-izbegat.md
CLM-FB8B60DFCB52,kakie-rozetki-v-argentine,frontmatter.summary_or_answer,"Какие розетки и напряжение в Аргентине, нужен ли адаптер?",ru,faq,critical,AR_or_review_required,SRC-3497879828,article_level_not_inline,review_required,review_required,2026-07-04,review_required,review_required,blocked_invalid_source,frontmatter date is not reviewer evidence; inline mapping absent,content/knowledge-base/faq/kakie-rozetki-v-argentine.md
CLM-DEE3542AE321,kakoj-dohod-nuzhen-dlya-rantye,frontmatter.summary_or_answer,Какой доход нужен для получения резиденции рантье в Аргентине?,ru,faq,critical,AR_or_review_required,"",none,review_required,review_required,2026-06-30,review_required,review_required,blocked_missing_source,frontmatter date is not reviewer evidence; inline mapping absent,content/knowledge-base/faq/kakoj-dohod-nuzhen-dlya-rantye.md
CLM-8152E84EF6C4,kakoj-mesyats-kuda-ehat,frontmatter.summary_or_answer,У меня отпуск в конкретном месяце — куда в Аргентине в это время реально ехать?,ru,faq,critical,AR_or_review_required,"",none,review_required,review_required,2026-07-05,review_required,review_required,blocked_missing_source,frontmatter date is not reviewer evidence; inline mapping absent,content/knowledge-base/faq/kakoj-mesyats-kuda-ehat.md
CLM-72F928016153,kakoj-otrub-steika-zakazat,frontmatter.summary_or_answer,"Bife de chorizo и ojo de bife — в чём разница, и что такое рибай?",ru,faq,critical,AR_or_review_required,"",none,review_required,review_required,2026-06-30,review_required,review_required,blocked_missing_source,frontmatter date is not reviewer evidence; inline mapping absent,content/knowledge-base/faq/kakoj-otrub-steika-zakazat.md
CLM-CC11B9979E6B,kogda-luchshe-ehat-v-argentinu,frontmatter.summary_or_answer,Когда лучше ехать в Аргентину?,ru,faq,critical,AR_or_review_required,"",none,review_required,review_required,2026-06-30,review_required,review_required,blocked_missing_source,frontmatter date is not reviewer evidence; inline mapping absent,content/knowledge-base/faq/kogda-luchshe-ehat-v-argentinu.md
CLM-B01102179254,kogda-smotret-kitov-v-argentine,frontmatter.summary_or_answer,Когда лучше смотреть китов в Аргентине?,ru,faq,critical,AR_or_review_required,SRC-A01974AADC|SRC-8CCB2041E6,article_level_not_inline,review_required,review_required,2026-07-01,review_required,review_required,review_required_article_level_only,frontmatter date is not reviewer evidence; inline mapping absent,content/knowledge-base/faq/kogda-smotret-kitov-v-argentine.md
CLM-104F24D79506,kogda-uchebnyj-god-v-argentine,frontmatter.summary_or_answer,Когда начинается учебный год в Аргентине?,ru,faq,critical,AR_or_review_required,SRC-3F72BEC323|SRC-AFECC479CD,article_level_not_inline,review_required,review_required,2026-07-01,review_required,review_required,review_required_no_primary_source,frontmatter date is not reviewer evidence; inline mapping absent,content/knowledge-base/faq/kogda-uchebnyj-god-v-argentine.md
CLM-566035ABBFBF,mozhno-li-delat-vizaran,frontmatter.summary_or_answer,"Можно ли жить в Аргентине на визаранах, как в Азии?",ru,faq,critical,AR_or_review_required,SRC-E30DB57A89|SRC-64F155CE89,article_level_not_inline,review_required,review_required,2026-07-01,review_required,review_required,review_required_article_level_only,frontmatter date is not reviewer evidence; inline mapping absent,content/knowledge-base/faq/mozhno-li-delat-vizaran.md
CLM-27B43E5D24E8,mozhno-li-doehat-do-ushuaji-na-mashine,frontmatter.summary_or_answer,Можно ли доехать до Ушуайи на машине?,ru,faq,critical,AR_or_review_required,SRC-B528081250|SRC-96424A7C6B,article_level_not_inline,review_required,review_required,2026-07-01,review_required,review_required,review_required_no_primary_source,frontmatter date is not reviewer evidence; inline mapping absent,content/knowledge-base/faq/mozhno-li-doehat-do-ushuaji-na-mashine.md
CLM-34720978E17C,mozhno-li-ezdit-po-inostrannym-pravam,frontmatter.summary_or_answer,Можно ли ездить в Аргентине по иностранным (российским) правам?,ru,faq,critical,AR_or_review_required,SRC-34F83B0FAD|SRC-3A3F60D242,article_level_not_inline,review_required,review_required,2026-07-12,review_required,review_required,review_required_article_level_only,frontmatter date is not reviewer evidence; inline mapping absent,content/knowledge-base/faq/mozhno-li-ezdit-po-inostrannym-pravam.md
CLM-94901426DBA5,mozhno-li-otkryt-schet-nerezidentu,frontmatter.summary_or_answer,Можно ли иностранцу открыть банковский счёт в Аргентине без резиденции?,ru,faq,critical,AR_or_review_required,"",none,review_required,review_required,2026-06-30,review_required,review_required,blocked_missing_source,frontmatter date is not reviewer evidence; inline mapping absent,content/knowledge-base/faq/mozhno-li-otkryt-schet-nerezidentu.md
CLM-A22AA66B2794,mozhno-li-pit-vodu-iz-krana,frontmatter.summary_or_answer,Можно ли пить воду из-под крана в Аргентине?,ru,faq,critical,AR_or_review_required,SRC-921701387C,article_level_not_inline,review_required,review_required,2026-07-04,review_required,review_required,blocked_invalid_source,frontmatter date is not reviewer evidence; inline mapping absent,content/knowledge-base/faq/mozhno-li-pit-vodu-iz-krana.md
CLM-987929E4625E,mozhno-li-rabotat-na-mestnuyu-kompaniyu,frontmatter.summary_or_answer,Можно ли иностранцу устроиться на работу в аргентинскую компанию?,ru,faq,critical,AR_or_review_required,SRC-1984A87296|SRC-EAEAE9EA77,article_level_not_inline,review_required,review_required,2026-07-01,review_required,review_required,review_required_article_level_only,frontmatter date is not reviewer evidence; inline mapping absent,content/knowledge-base/faq/mozhno-li-rabotat-na-mestnuyu-kompaniyu.md
CLM-5C7FE2C569B1,mozhno-li-snimat-dronom,frontmatter.summary_or_answer,Можно ли снимать дроном в Аргентине туристу?,ru,faq,critical,AR_or_review_required,SRC-A1D1B08FB5,article_level_not_inline,review_required,review_required,2026-07-05,review_required,review_required,review_required_no_primary_source,frontmatter date is not reviewer evidence; inline mapping absent,content/knowledge-base/faq/mozhno-li-snimat-dronom.md
CLM-1A47BDB11DE7,mozhno-li-uchitsya-v-universitete-besplatno,frontmatter.summary_or_answer,Может ли иностранец учиться в аргентинском университете бесплатно?,ru,faq,critical,AR_or_review_required,SRC-E30AB83B7D|SRC-839E5D6E07,article_level_not_inline,review_required,review_required,2026-07-01,review_required,review_required,review_required_article_level_only,frontmatter date is not reviewer evidence; inline mapping absent,content/knowledge-base/faq/mozhno-li-uchitsya-v-universitete-besplatno.md
CLM-755CFCA5AAAE,mozhno-li-uvidet-lednik-bez-trekkinga,frontmatter.summary_or_answer,Можно ли увидеть ледник Перито-Морено без специальной подготовки и трекинга?,ru,faq,critical,AR_or_review_required,"",none,review_required,review_required,2026-06-30,review_required,review_required,blocked_missing_source,frontmatter date is not reviewer evidence; inline mapping absent,content/knowledge-base/faq/mozhno-li-uvidet-lednik-bez-trekkinga.md
CLM-A6B2E67515B9,mozhno-li-vodit-po-rossijskim-pravam,frontmatter.summary_or_answer,Можно ли водить машину в Аргентине по российским правам?,ru,faq,critical,AR_or_review_required,SRC-3A3F60D242|SRC-D2FC47EC9F|SRC-3595CA7B2F,article_level_not_inline,review_required,review_required,2026-07-01,review_required,review_required,review_required_article_level_only,frontmatter date is not reviewer evidence; inline mapping absent,content/knowledge-base/faq/mozhno-li-vodit-po-rossijskim-pravam.md
CLM-A1D9EB5B220C,nuzhen-li-4x4-ruta-40,frontmatter.summary_or_answer,Нужен ли полноприводный автомобиль для Дороги семи озёр и Руты 40?,ru,faq,critical,AR_or_review_required,"",none,review_required,review_required,2026-06-30,review_required,review_required,blocked_missing_source,frontmatter date is not reviewer evidence; inline mapping absent,content/knowledge-base/faq/nuzhen-li-4x4-ruta-40.md
CLM-75C75A73120D,nuzhen-li-permit-na-akonkagua,frontmatter.summary_or_answer,"Нужен ли пермит, чтобы увидеть Аконкагуа?",ru,faq,critical,AR_or_review_required,SRC-7760E7E0DD|SRC-E7F35A388D,article_level_not_inline,review_required,review_required,2026-07-01,review_required,review_required,review_required_article_level_only,frontmatter date is not reviewer evidence; inline mapping absent,content/knowledge-base/faq/nuzhen-li-permit-na-akonkagua.md
CLM-95E2668DF787,nuzhna-li-strahovka-dlya-vezda,frontmatter.summary_or_answer,Нужна ли медицинская страховка для поездки в Аргентину?,ru,faq,critical,AR_or_review_required,"",none,review_required,review_required,2026-06-30,review_required,review_required,blocked_missing_source,frontmatter date is not reviewer evidence; inline mapping absent,content/knowledge-base/faq/nuzhna-li-strahovka-dlya-vezda.md
CLM-829E0659DB1B,nuzhna-li-viza-cifrovomu-kochevniku,frontmatter.summary_or_answer,"Нужна ли отдельная виза цифровому кочевнику в Аргентине, если можно въехать по безвизу на 90 дней?",ru,faq,critical,AR_or_review_required,"",none,review_required,review_required,2026-06-30,review_required,review_required,blocked_missing_source,frontmatter date is not reviewer evidence; inline mapping absent,content/knowledge-base/faq/nuzhna-li-viza-cifrovomu-kochevniku.md
CLM-A1A1FCD366C2,nuzhno-li-ostavlyat-chaevye,frontmatter.summary_or_answer,Нужно ли оставлять чаевые в Аргентине и сколько?,ru,faq,critical,AR_or_review_required,SRC-8227DCDA54|SRC-93F824E024,article_level_not_inline,review_required,review_required,2026-07-01,review_required,review_required,blocked_invalid_source,frontmatter date is not reviewer evidence; inline mapping absent,content/knowledge-base/faq/nuzhno-li-ostavlyat-chaevye.md
CLM-AEE1114ED174,nuzhno-li-otkazyvatsya-ot-grazhdanstva,frontmatter.summary_or_answer,Нужно ли отказываться от российского гражданства при получении аргентинского?,ru,faq,critical,AR_or_review_required,"",none,review_required,review_required,2026-06-30,review_required,review_required,blocked_missing_source,frontmatter date is not reviewer evidence; inline mapping absent,content/knowledge-base/faq/nuzhno-li-otkazyvatsya-ot-grazhdanstva.md
CLM-904DDD583A4C,rody-v-argentine,frontmatter.summary_or_answer,Что даёт рождение ребёнка в Аргентине?,ru,faq,critical,AR_or_review_required,SRC-E7E449901C|SRC-BDA59D46B4,article_level_not_inline,review_required,review_required,2026-07-01,review_required,review_required,blocked_invalid_source,frontmatter date is not reviewer evidence; inline mapping absent,content/knowledge-base/faq/rody-v-argentine.md
CLM-0862144AC891,samyj-yuzhnyj-gorod-mira,frontmatter.summary_or_answer,Ушуайя — правда самый южный город в мире?,ru,faq,critical,AR_or_review_required,"",none,review_required,review_required,2026-06-30,review_required,review_required,blocked_missing_source,frontmatter date is not reviewer evidence; inline mapping absent,content/knowledge-base/faq/samyj-yuzhnyj-gorod-mira.md
CLM-04DB723815FF,skam-s-falshivoj-policiej,frontmatter.summary_or_answer,Что за мошенничество с «фальшивой полицией» в Аргентине?,ru,faq,critical,AR_or_review_required,"",none,review_required,review_required,2026-06-30,review_required,review_required,blocked_missing_source,frontmatter date is not reviewer evidence; inline mapping absent,content/knowledge-base/faq/skam-s-falshivoj-policiej.md
CLM-F9E454EEAE6D,skolko-deneg-brat-na-poezdku,frontmatter.summary_or_answer,Сколько денег нужно брать на поездку в Аргентину?,ru,faq,critical,AR_or_review_required,"",none,review_required,review_required,2026-06-30,review_required,review_required,blocked_missing_source,frontmatter date is not reviewer evidence; inline mapping absent,content/knowledge-base/faq/skolko-deneg-brat-na-poezdku.md
CLM-6221EBF9F9F9,skolko-dnej-na-marshrut-2-nedeli,frontmatter.summary_or_answer,Реально ли увидеть главное в Аргентине за 2 недели?,ru,faq,critical,AR_or_review_required,"",none,review_required,review_required,2026-06-30,review_required,review_required,blocked_missing_source,frontmatter date is not reviewer evidence; inline mapping absent,content/knowledge-base/faq/skolko-dnej-na-marshrut-2-nedeli.md
CLM-406E9AD0E802,skolko-dnej-nuzhno-na-iguasu,frontmatter.summary_or_answer,Сколько дней нужно на парк Игуасу?,ru,faq,critical,AR_or_review_required,"",none,review_required,review_required,2026-06-30,review_required,review_required,blocked_missing_source,frontmatter date is not reviewer evidence; inline mapping absent,content/knowledge-base/faq/skolko-dnej-nuzhno-na-iguasu.md
CLM-F3B36E703DFE,skolko-letet-iz-rossii,frontmatter.summary_or_answer,Сколько лететь из России в Аргентину и какие есть маршруты?,ru,faq,critical,AR_or_review_required,"",none,review_required,review_required,2026-06-30,review_required,review_required,blocked_missing_source,frontmatter date is not reviewer evidence; inline mapping absent,content/knowledge-base/faq/skolko-letet-iz-rossii.md
CLM-F4CB89FCDE2D,skolko-nalichnyh-mozhno-vvezti,frontmatter.summary_or_answer,Сколько наличных можно ввезти в Аргентину без декларации?,ru,faq,critical,AR_or_review_required,SRC-1892E0BCA3|SRC-9CBC2AB075,article_level_not_inline,review_required,review_required,2026-07-01,review_required,review_required,review_required_article_level_only,frontmatter date is not reviewer evidence; inline mapping absent,content/knowledge-base/faq/skolko-nalichnyh-mozhno-vvezti.md
CLM-3159FF79A7CD,skolko-stoit-oformit-vnzh,frontmatter.summary_or_answer,Сколько стоит оформление резиденции или визы цифрового кочевника в Аргентине?,ru,faq,critical,AR_or_review_required,"",none,review_required,review_required,2026-06-30,review_required,review_required,blocked_missing_source,frontmatter date is not reviewer evidence; inline mapping absent,content/knowledge-base/faq/skolko-stoit-oformit-vnzh.md
CLM-A61D182BD436,skolko-stoit-zhizn-v-buenos-ajrese,frontmatter.summary_or_answer,Сколько денег нужно на жизнь в Буэнос-Айресе в месяц?,ru,faq,critical,AR_or_review_required,"",none,review_required,review_required,2026-06-30,review_required,review_required,blocked_missing_source,frontmatter date is not reviewer evidence; inline mapping absent,content/knowledge-base/faq/skolko-stoit-zhizn-v-buenos-ajrese.md
CLM-40D00BB1F781,stoit-li-ehat-na-poezde-v-oblaka,frontmatter.summary_or_answer,Стоит ли ехать на «Поезде в облака»?,ru,faq,critical,AR_or_review_required,SRC-6B599BC743|SRC-1FB1D78DE7,article_level_not_inline,review_required,review_required,2026-07-01,review_required,review_required,review_required_article_level_only,frontmatter date is not reviewer evidence; inline mapping absent,content/knowledge-base/faq/stoit-li-ehat-na-poezde-v-oblaka.md
CLM-519E88FF5D13,viza-cifrovogo-kochevnika-chto-daet,frontmatter.summary_or_answer,Что даёт виза цифрового кочевника в Аргентине и ведёт ли она к ПМЖ?,ru,faq,critical,AR_or_review_required,"",none,review_required,review_required,2026-06-30,review_required,review_required,blocked_missing_source,frontmatter date is not reviewer evidence; inline mapping absent,content/knowledge-base/faq/viza-cifrovogo-kochevnika-chto-daet.md
CLM-028ADE2FD909,viza-rf-v-argentinu,frontmatter.summary_or_answer,Нужна ли виза в Аргентину гражданам России?,ru,faq,critical,AR_or_review_required,"",none,review_required,review_required,2026-06-30,review_required,review_required,blocked_missing_source,frontmatter date is not reviewer evidence; inline mapping absent,content/knowledge-base/faq/viza-rf-v-argentinu.md
CLM-6CEEE9CC2918,viza-v-braziliyu-dlya-iguasu,frontmatter.summary_or_answer,"Нужна ли виза в Бразилию, чтобы посмотреть водопады Игуасу с бразильской стороны?",ru,faq,critical,AR_or_review_required,"",none,review_required,review_required,2026-06-30,review_required,review_required,blocked_missing_source,frontmatter date is not reviewer evidence; inline mapping absent,content/knowledge-base/faq/viza-v-braziliyu-dlya-iguasu.md
CLM-70D9D9ABAA1C,vo-skolko-uzhinayut-v-argentine,frontmatter.summary_or_answer,Во сколько в Аргентине обедают и ужинают?,ru,faq,critical,AR_or_review_required,SRC-3F81B2B44E,article_level_not_inline,review_required,review_required,2026-07-04,review_required,review_required,blocked_invalid_source,frontmatter date is not reviewer evidence; inline mapping absent,content/knowledge-base/faq/vo-skolko-uzhinayut-v-argentine.md
CLM-A1E32DD3F0C4,gid-po-medicine,frontmatter.summary_or_answer,"Навигационная точка входа по медицине и здоровью: как устроена система (público/obra social/prepaga), какую страховку выбрать, роды и беременность, доступная среда, плюс практические FAQ (вода из-под крана, прививки, страховка на въезд, бесплатная ли медицина туристу). Собирает всю медицинскую тему в одну карту.",ru,medicina,critical,AR_or_review_required,"",none,review_required,review_required,2026-07-05,review_required,review_required,blocked_missing_source,frontmatter date is not reviewer evidence; inline mapping absent,content/knowledge-base/medicina/gid-po-medicine.md
CLM-0F38B9C5CF99,medicina-i-strahovka,frontmatter.summary_or_answer,"Государственная медицина в Аргентине бесплатна даже для иностранцев, но туристам и релокантам всё равно стоит оформлять страховку — частный сектор быстрее и привычнее по сервису.",ru,medicina,critical,AR_or_review_required,SRC-8C7C3EEC59|SRC-5AB6AA1263|SRC-1DB27ACBD9|SRC-6653575C0B,article_level_not_inline,review_required,review_required,2026-06-30,review_required,review_required,review_required_no_primary_source,frontmatter date is not reviewer evidence; inline mapping absent,content/knowledge-base/medicina/medicina-i-strahovka.md
CLM-CFD896097C07,provoz-lekarstv,frontmatter.summary_or_answer,"Личные лекарства ввозить можно, но на границе могут попросить рецепт и назначение врача, а количество должно быть разумным — по длительности поездки. Для препаратов с психотропными/наркотическими веществами требования строже: легализованный рецепт с активным веществом и дозировкой, иногда разрешение ANMAT. Пересылать такие препараты почтой нельзя.",ru,medicina,critical,AR_or_review_required,SRC-31F85E0DA5|SRC-D593EBA438|SRC-2C333B4A66,article_level_not_inline,review_required,review_required,2026-07-12,review_required,review_required,review_required_article_level_only,frontmatter date is not reviewer evidence; inline mapping absent,content/knowledge-base/medicina/provoz-lekarstv.md
CLM-6AE295518D6D,rody-i-beremennost,frontmatter.summary_or_answer,"Как устроены беременность и роды в Аргентине для иностранцев: государственное (бесплатное) и частное (prepaga) ведение, выбор больницы, стоимость, документы новорождённого, автоматическое гражданство ребёнка по праву почвы и что это (после DNU 366/2025) даёт родителям, плюс типичные ошибки.",ru,medicina,critical,AR_or_review_required,SRC-921701387C|SRC-C8458FD54C,article_level_not_inline,review_required,review_required,2026-07-04,review_required,review_required,blocked_invalid_source,frontmatter date is not reviewer evidence; inline mapping absent,content/knowledge-base/medicina/rody-i-beremennost.md
CLM-104E6069B14E,sistema-zdravoohraneniya,frontmatter.summary_or_answer,"Как устроена медицина в Аргентине и что это значит для путешественника и релоканта: три уровня системы (государственные больницы público, страховки по работе obra social и частные планы prepaga), важное изменение DNU 366/2025 для временных резидентов, экстренная помощь 107, аптеки. Экстренная помощь бесплатна всем, плановая для приезжих — по страховке.",ru,medicina,critical,AR_or_review_required,SRC-41F2BF5E5A|SRC-74AF9645DD|SRC-C8458FD54C,article_level_not_inline,review_required,review_required,2026-07-04,review_required,review_required,review_required_article_level_only,frontmatter date is not reviewer evidence; inline mapping absent,content/knowledge-base/medicina/sistema-zdravoohraneniya.md
CLM-B1800AC7557F,apostil-i-perevod-dokumentov,frontmatter.summary_or_answer,"Пошагово: какие российские документы апостилировать (и почему только в России), как их переводит присяжный переводчик (traductor público) уже в Аргентине и как перевод легализуется в Коллегии переводчиков. Ключевой первый практический шаг любой резиденции, где путают порядок и теряют время.",ru,pereezd,critical,AR_or_review_required,SRC-756872AF94|SRC-C30ACE4A9F,article_level_not_inline,review_required,review_required,2026-07-04,review_required,review_required,review_required_article_level_only,frontmatter date is not reviewer evidence; inline mapping absent,content/knowledge-base/pereezd/apostil-i-perevod-dokumentov.md
CLM-B4D2F544B392,argentina-vs-drugie-strany,frontmatter.summary_or_answer,"Сравнение Аргентины с популярными у русскоязычных направлениями переезда (Грузия, Армения, Казахстан, Сербия, Черногория, Турция, другие страны Латинской Америки) по ключевым осям: въезд, скорость гражданства, стоимость жизни, работа, язык, удалённость, стабильность. Честно, без рекламы: в чём Аргентина реально сильна, в чём проигрывает, и кому она подходит, а кому лучше выбрать другое.",ru,pereezd,critical,AR_or_review_required,SRC-2C5C08DFA7,article_level_not_inline,review_required,review_required,2026-07-05,review_required,review_required,blocked_invalid_source,frontmatter date is not reviewer evidence; inline mapping absent,content/knowledge-base/pereezd/argentina-vs-drugie-strany.md
CLM-ECFF074BA375,certificado-de-domicilio,frontmatter.summary_or_answer,"Многие процедуры в Аргентине требуют подтверждения адреса. Резидент с DNI получает certificado de domicilio в RENAPER или полиции; иностранцу без DNI в Буэнос-Айресе оформляют его через систему TAD с двумя свидетелями. Разбираем, зачем он нужен, кто и как его выдаёт и чем отличается декларация о месте жительства.",ru,pereezd,critical,AR_or_review_required,SRC-8835B9AE1F|SRC-63F3B103D9|SRC-98D2DD4013,article_level_not_inline,review_required,review_required,2026-07-12,review_required,review_required,review_required_article_level_only,frontmatter date is not reviewer evidence; inline mapping absent,content/knowledge-base/pereezd/certificado-de-domicilio.md
CLM-F7403843BCCF,chek-list-pereezda,frontmatter.summary_or_answer,"Пошаговый чек-лист переезда: что сделать в России до отъезда (апостиль документов, деньги, тёплые вещи), что решить сразу по прилёте (жильё, SIM, SUBE, прекария) и что оформлять в первые месяцы (DNI, CUIL, банк, долгосрочное жильё). Со ссылками на подробные гайды по каждому пункту.",ru,pereezd,critical,AR_or_review_required,SRC-3792B2CF14,article_level_not_inline,review_required,review_required,2026-07-04,review_required,review_required,blocked_invalid_source,frontmatter date is not reviewer evidence; inline mapping absent,content/knowledge-base/pereezd/chek-list-pereezda.md
CLM-0A576FA2C16C,dni-cuil,frontmatter.summary_or_answer,"Порядок получения документов после одобрения резиденции: DNI в RENAPER, затем CUIL (найм) или CUIT (самозанятость, счета, бизнес) — с учётом упразднения CDI в 2026 году.",ru,pereezd,critical,AR_or_review_required,SRC-849E8B50A3|SRC-A1B3254570|SRC-8A7F3EC40F,article_level_not_inline,review_required,review_required,2026-07-02,review_required,review_required,review_required_article_level_only,frontmatter date is not reviewer evidence; inline mapping absent,content/knowledge-base/pereezd/dni-cuil.md
CLM-CF1B1CA9E79D,gid-po-dokumentam,frontmatter.summary_or_answer,"Навигационная точка входа по документам и легализации: виза и въезд, все пути резиденции (работа, рантье/пенсия, учёба, семья, кочевник), DNI и CUIL, путь к гражданству, апостиль и переводы, признание диплома, воинский учёт. Собирает всю документальную вертикаль базы в одну карту.",ru,pereezd,critical,AR_or_review_required,"",none,review_required,review_required,2026-07-05,review_required,review_required,blocked_missing_source,frontmatter date is not reviewer evidence; inline mapping absent,content/knowledge-base/pereezd/gid-po-dokumentam.md
CLM-DE94E8E1F031,gid-relokanta,frontmatter.summary_or_answer,"Навигационная точка входа для переезжающего: весь путь от решения до интеграции по шести этапам (решаюсь → готовлюсь в России → первые дни → легализация → быт → интеграция), со ссылками на подробные разборы, плюс маршруты под особые случаи (семья, пенсионер, бизнес, инвестиции, студент, доступность). Начните здесь, если думаете о переезде.",ru,pereezd,critical,AR_or_review_required,"",none,review_required,review_required,2026-07-05,review_required,review_required,blocked_missing_source,frontmatter date is not reviewer evidence; inline mapping absent,content/knowledge-base/pereezd/gid-relokanta.md
CLM-437DED7D48F3,grazhdanstvo,frontmatter.summary_or_answer,"После реформы DNU 366/2025 натурализация — административная процедура через Миграционную службу (DNM), а не суд: нужно 2 года легальной непрерывной резиденции без выездов.",ru,pereezd,critical,AR_or_review_required,SRC-8040A831EC|SRC-FEC101A772|SRC-E30AB83B7D,article_level_not_inline,review_required,review_required,2026-07-02,review_required,review_required,review_required_article_level_only,frontmatter date is not reviewer evidence; inline mapping absent,content/knowledge-base/pereezd/grazhdanstvo.md
CLM-8D00E86860F5,pereezd-s-minimalnym-byudzhetom,frontmatter.summary_or_answer,"Честный разбор для того, кто хочет переехать в Аргентину один с $6-8 тысячами, слабым испанским и без удалённой работы: реально ли это, на сколько хватит денег, план выживания первого месяца, где жить дёшево, как быстро начать зарабатывать, какие профессии доступны без языка и какие риски приведут к тому, что деньги кончатся раньше, чем появится доход. Без розовых очков.",ru,pereezd,critical,AR_or_review_required,SRC-AEF03B26E8,article_level_not_inline,review_required,review_required,2026-07-05,review_required,review_required,blocked_invalid_source,frontmatter date is not reviewer evidence; inline mapping absent,content/knowledge-base/pereezd/pereezd-s-minimalnym-byudzhetom.md
CLM-96E0E82B847E,perevoz-veshchey-i-pitomtsev,frontmatter.summary_or_answer,"Как ввезти личные вещи без пошлины по режиму menaje de casa и провезти собаку или кошку — микрочип, прививки, сертификаты и карантин (точнее, его отсутствие при соблюдении требований). Плюс жизнь с питомцем на месте: ветеринары, где покупать корм, стоимость содержания, выгул и аренда с животными.",ru,pereezd,critical,AR_or_review_required,SRC-BD85ACFC55|SRC-82DB24284A|SRC-9D7EF1D4AE|SRC-9B4A6BE28C,article_level_not_inline,review_required,review_required,2026-07-01,review_required,review_required,review_required_article_level_only,frontmatter date is not reviewer evidence; inline mapping absent,content/knowledge-base/pereezd/perevoz-veshchey-i-pitomtsev.md
CLM-14F0DED6DA19,pervyj-mesyac-plan,frontmatter.summary_or_answer,"Дневной план действий на первый месяц после переезда в Буэнос-Айрес: что сделать в день прилёта, в первую неделю (SIM, SUBE, наличные, жильё), во вторую (счёт-финтех, старт документов, быт) и к концу месяца (долгосрочная аренда, испанский, рутина). Практическая последовательность поверх общего чек-листа переезда.",ru,pereezd,critical,AR_or_review_required,SRC-A978CE17B3,article_level_not_inline,review_required,review_required,2026-07-05,review_required,review_required,blocked_invalid_source,frontmatter date is not reviewer evidence; inline mapping absent,content/knowledge-base/pereezd/pervyj-mesyac-plan.md
CLM-472209B971F2,plan-podgotovki-6-mesyacev,frontmatter.summary_or_answer,"Помесячный таймлайн подготовки к переезду в Аргентину со стороны России: что делать за 6, 4-5, 2-3 месяца, за месяц и в последнюю неделю. Документы и апостиль, доверенности, финансы и валюта, налоговые и имущественные дела, вещи и питомцы, дети и школа, билеты и жильё на старт. Дополняет чек-лист переезда таймингом «до отъезда».",ru,pereezd,critical,AR_or_review_required,SRC-A978CE17B3,article_level_not_inline,review_required,review_required,2026-07-05,review_required,review_required,blocked_invalid_source,frontmatter date is not reviewer evidence; inline mapping absent,content/knowledge-base/pereezd/plan-podgotovki-6-mesyacev.md
CLM-A808AF0578B1,priznanie-diploma,frontmatter.summary_or_answer,"Как признать российский (или иной иностранный) диплом в Аргентине: разница между школьным и вузовским признанием, для каких профессий гомологация обязательна (врачи, юристы, инженеры и др.), а где диплом принимают и так (IT, маркетинг), процедура через Министерство образования и университеты (например, UBA), документы, сроки и где особенно сложно. Дополняет запись про школу для детей.",ru,pereezd,critical,AR_or_review_required,SRC-FBB14005F3,article_level_not_inline,review_required,review_required,2026-07-05,review_required,review_required,review_required_article_level_only,frontmatter date is not reviewer evidence; inline mapping absent,content/knowledge-base/pereezd/priznanie-diploma.md
CLM-F4B91ABF70CE,rabochaya-viza,frontmatter.summary_or_answer,"Углублённый разбор резиденции по трудоустройству (trabajador migrante): пре-контракт, требование RENURE к работодателю, отличие от визы цифрового кочевника и реальная проблема замкнутого круга «нужна работа для резиденции — нужна резиденция для работы».",ru,pereezd,critical,AR_or_review_required,SRC-1984A87296|SRC-C4A80E423A|SRC-D521B27AE6,article_level_not_inline,review_required,review_required,2026-07-02,review_required,review_required,blocked_invalid_source,frontmatter date is not reviewer evidence; inline mapping absent,content/knowledge-base/pereezd/rabochaya-viza.md
CLM-8D235D18186E,rabota-i-poisk-raboty,frontmatter.summary_or_answer,"Как устроен рынок труда в Аргентине для иностранца: какие профессии востребованы, сколько реально зарабатывают, где искать вакансии (LinkedIn, Bumeran, Computrabajo, ZonaJobs, Workana), нужен ли испанский, какие варианты есть без языка, что с удалёнкой и как оформить работу легально.",ru,pereezd,critical,AR_or_review_required,SRC-0215F7F149|SRC-F1299F1FDE,article_level_not_inline,review_required,review_required,2026-07-04,review_required,review_required,review_required_no_primary_source,frontmatter date is not reviewer evidence; inline mapping absent,content/knowledge-base/pereezd/rabota-i-poisk-raboty.md
CLM-948CC3263EF7,raskhozhdeniya-dni-cuit-cuil,frontmatter.summary_or_answer,"У иностранца имя, фамилия или дата рождения в DNI, CUIL и CUIT нередко расходятся — из-за транслитерации, двух фамилий или формата даты. Это ломает банковские и налоговые операции. Разбираем принцип «DNI — источник истины» и порядок исправления: сначала DNI (RENAPER/Registro Civil), затем CUIL (ANSES), затем CUIT (ARCA).",ru,pereezd,critical,AR_or_review_required,SRC-E15771692B|SRC-301D37F0B9|SRC-E108DA3A6A,article_level_not_inline,review_required,review_required,2026-07-12,review_required,review_required,review_required_article_level_only,frontmatter date is not reviewer evidence; inline mapping absent,content/knowledge-base/pereezd/raskhozhdeniya-dni-cuit-cuil.md
CLM-439B20FF9DC2,shkola-dlya-detey,frontmatter.summary_or_answer,"Практический гайд по зачислению ребёнка в аргентинскую школу — структура jardín/primaria/secundaria, разница гос/частных школ, документы для иностранца и почему учебный год с марта влияет на дату переезда.",ru,pereezd,critical,AR_or_review_required,SRC-EAB451FE8F|SRC-3F72BEC323|SRC-AFECC479CD|SRC-BA9613D300,article_level_not_inline,review_required,review_required,2026-07-01,review_required,review_required,review_required_article_level_only,frontmatter date is not reviewer evidence; inline mapping absent,content/knowledge-base/pereezd/shkola-dlya-detey.md
CLM-1169C691456D,soobshestvo-i-adaptaciya,frontmatter.summary_or_answer,"Тёплый и честный разбор для первых месяцев: где найти русскоязычное сообщество (чаты, группы, специалисты на русском — юристы, бухгалтеры, врачи, риелторы), русские магазины и продукты; и про саму адаптацию — почему тяжело от языка, бюрократии и оторванности, как найти баланс между «русским пузырём» и интеграцией, и где искать поддержку. Без идеализации, с заботой.",ru,pereezd,critical,AR_or_review_required,SRC-0D4ACF8546,article_level_not_inline,review_required,review_required,2026-07-05,review_required,review_required,review_required_no_primary_source,frontmatter date is not reviewer evidence; inline mapping absent,content/knowledge-base/pereezd/soobshestvo-i-adaptaciya.md
CLM-24C448187897,status-expediente-migraciones,frontmatter.summary_or_answer,"После подачи на резиденцию через RaDEX заявителя чаще всего тревожит одно: «что с моим делом?». Разбираем, где смотреть статус (Consulta Unificada, портал уведомлений, почта), какие бывают типовые этапы — от подачи до диспозиции, — и почему главное правило простое: регулярно проверять email и вовремя отвечать на замечания (observaciones).",ru,pereezd,critical,AR_or_review_required,SRC-CDF21B409F|SRC-2900325447|SRC-A6C2DC317E,article_level_not_inline,review_required,review_required,2026-07-12,review_required,review_required,review_required_article_level_only,frontmatter date is not reviewer evidence; inline mapping absent,content/knowledge-base/pereezd/status-expediente-migraciones.md
CLM-88FEFB7A9BD5,stoit-li-pereezzhat,frontmatter.summary_or_answer,"Честный разбор без розовых очков: сильные и слабые стороны жизни в Аргентине, для кого страна подходит, а для кого нет, и типичные ошибки переезжающих. Помогает принять решение осознанно, а не по картинке из соцсетей.",ru,pereezd,critical,AR_or_review_required,SRC-3792B2CF14,article_level_not_inline,review_required,review_required,2026-07-04,review_required,review_required,blocked_invalid_source,frontmatter date is not reviewer evidence; inline mapping absent,content/knowledge-base/pereezd/stoit-li-pereezzhat.md
CLM-096C9B59E53A,studencheskaya-zhizn,frontmatter.summary_or_answer,"Практический быт студента-иностранца поверх студенческой резиденции: как поступить в аргентинский вуз (государственный или частный), зачем нужен экзамен по испанскому CELU, что с бесплатностью госвузов после реформы, где искать студенческое жильё, можно ли подрабатывать, и сколько реально стоит студенческая жизнь. Дополняет запись о резиденции по учёбе бытовой стороной.",ru,pereezd,critical,AR_or_review_required,SRC-86645F0671|SRC-D4BF35C71D,article_level_not_inline,review_required,review_required,2026-07-05,review_required,review_required,blocked_invalid_source,frontmatter date is not reviewer evidence; inline mapping absent,content/knowledge-base/pereezd/studencheskaya-zhizn.md
CLM-B844A3B6B644,viza-cifrovogo-kochevnika,frontmatter.summary_or_answer,Транзитная резиденция для удалёнщиков на зарубежных клиентов сроком до года — без пути к ПМЖ и без фиксированного порога дохода.,ru,pereezd,critical,AR_or_review_required,SRC-13CCE012BC|SRC-418976129B,article_level_not_inline,review_required,review_required,2026-07-02,review_required,review_required,review_required_article_level_only,frontmatter date is not reviewer evidence; inline mapping absent,content/knowledge-base/pereezd/viza-cifrovogo-kochevnika.md
CLM-5DAAB043E129,vnzh-argentina,frontmatter.summary_or_answer,"Карта легальных путей остаться в Аргентине надолго — рантье, работа, учёба, семья, инвестор — и как устроен процесс через RaDEX после реформы DNU 366/2025.",ru,pereezd,critical,AR_or_review_required,SRC-3A9FFF6269|SRC-E30AB83B7D|SRC-3ED6DD211A|SRC-13CCE012BC,article_level_not_inline,review_required,review_required,2026-07-01,review_required,review_required,review_required_article_level_only,frontmatter date is not reviewer evidence; inline mapping absent,content/knowledge-base/pereezd/vnzh-argentina.md
CLM-134BE48EE7BC,vnzh-po-uchebe,frontmatter.summary_or_answer,"Резиденция по учёбе — популярный «вход» для молодёжи: зачисление в признанное учебное заведение даёт легальное пребывание на время обучения. Что нужно (программа от 3 лет, зачисление, средства, апостилированный аттестат/диплом), к чему ведёт и чем отличается от других оснований.",ru,pereezd,critical,AR_or_review_required,SRC-756872AF94|SRC-FBB14005F3,article_level_not_inline,review_required,review_required,2026-07-04,review_required,review_required,review_required_article_level_only,frontmatter date is not reviewer evidence; inline mapping absent,content/knowledge-base/pereezd/vnzh-po-uchebe.md
CLM-8A06CA7AFC6D,vnzh-rantye,frontmatter.summary_or_answer,"Углублённый разбор самого популярного пути ВНЖ для релокантов на пассивном доходе — точный список документов, актуальный порог дохода на 2026 год, реальные сроки и причины отказов.",ru,pereezd,critical,AR_or_review_required,SRC-3A9FFF6269|SRC-00BF7BE181|SRC-E0C8F7231E|SRC-F2C3637D03,article_level_not_inline,review_required,review_required,2026-07-02,review_required,review_required,review_required_article_level_only,frontmatter date is not reviewer evidence; inline mapping absent,content/knowledge-base/pereezd/vnzh-rantye.md
CLM-0E3BB22B845F,voditelskie-prava,frontmatter.summary_or_answer,"Турист может водить по национальным правам с международным водительским удостоверением, но резиденту рано или поздно придётся получать местную licencia de conducir — и почти всегда через полноценный экзамен, потому что права выдают провинции и муниципалитеты, а не федерация.",ru,pereezd,critical,AR_or_review_required,SRC-3A3F60D242|SRC-A3866404EC|SRC-D2FC47EC9F|SRC-40258DF419|SRC-3595CA7B2F,article_level_not_inline,review_required,review_required,2026-07-12,review_required,review_required,review_required_article_level_only,frontmatter date is not reviewer evidence; inline mapping absent,content/knowledge-base/pereezd/voditelskie-prava.md
CLM-3968A852BEFA,voinskij-uchet-i-voennyj-bilet,frontmatter.summary_or_answer,"Разбор для мужчин призывного/мобилизационного возраста: нужен ли военный билет для аргентинских процедур (резиденция, DNI, гражданство, консульские дела) — короткий ответ: для аргентинской стороны нет; и что важно знать про российский воинский учёт при выезде и проживании за границей. Тема чувствительная и правила РФ активно меняются — материал информационный, с направлением к официальным источникам и профильным юристам.",ru,pereezd,critical,AR_or_review_required,SRC-524B76FE70,article_level_not_inline,review_required,review_required,2026-07-05,review_required,review_required,review_required_article_level_only,frontmatter date is not reviewer evidence; inline mapping absent,content/knowledge-base/pereezd/voinskij-uchet-i-voennyj-bilet.md
CLM-050AEC650A9E,vossoedinenie-semi,frontmatter.summary_or_answer,"Как получить резиденцию в Аргентине через родство с гражданином или резидентом ПМЖ — кто считается прямым родственником, что делать незарегистрированным парам и чем путь через гражданина отличается от пути через резидента.",ru,pereezd,critical,AR_or_review_required,SRC-BBE66F0396|SRC-E7E449901C|SRC-3C6E317CBA|SRC-9A90E283F3,article_level_not_inline,review_required,review_required,2026-07-01,review_required,review_required,review_required_article_level_only,frontmatter date is not reviewer evidence; inline mapping absent,content/knowledge-base/pereezd/vossoedinenie-semi.md
CLM-C85D5759D08E,zhile-i-arenda,frontmatter.summary_or_answer,"Краткосрочная аренда через Airbnb/Booking для туристов и первых недель релокации против классического договора аренды (alquiler): гарантия, инмобилиария, депозит и схемы для тех, у кого нет местного гаранта.",ru,pereezd,critical,AR_or_review_required,SRC-05AA0DDD99|SRC-5366CDB90F,article_level_not_inline,review_required,review_required,2026-07-01,review_required,review_required,blocked_invalid_source,frontmatter date is not reviewer evidence; inline mapping absent,content/knowledge-base/pereezd/zhile-i-arenda.md
CLM-324351B97022,zhizn-na-pensii,frontmatter.summary_or_answer,"Практический разбор для тех, кто рассматривает Аргентину для жизни на пенсии: как получить резиденцию пенсионера/рантье, как получать иностранную пенсию и конвертировать её выгодно, как устроена медицина в возрасте (prepaga и возрастные нюансы, público как база), где спокойнее и комфортнее жить, сколько реально стоит жизнь пожилой пары и честные минусы (инфляция, удалённость, язык).",ru,pereezd,critical,AR_or_review_required,SRC-F72D87F611,article_level_not_inline,review_required,review_required,2026-07-05,review_required,review_required,blocked_invalid_source,frontmatter date is not reviewer evidence; inline mapping absent,content/knowledge-base/pereezd/zhizn-na-pensii.md
CLM-F7358971FC64,aeroporty,frontmatter.summary_or_answer,"Как устроены аэропорты Аргентины и как добраться из них в город: два аэропорта Буэнос-Айреса (международный Эсейса EZE и внутренний Аэропарке AEP на разных концах города), стыковки между ними, трансферы (такси, приложения, шаттлы) и главные внутренние аэропорты страны.",ru,transport,high,AR_or_review_required,SRC-813580547B|SRC-802B4F35D7,article_level_not_inline,review_required,review_required,2026-07-04,review_required,review_required,review_required_no_primary_source,frontmatter date is not reviewer evidence; inline mapping absent,content/knowledge-base/transport/aeroporty.md
CLM-7E308A76A7AB,arenda-avto-i-vozhdenie,frontmatter.summary_or_answer,"Когда стоит брать машину в Аргентине и как это работает: международное водительское удостоверение (обязательно для прав на кириллице), возраст и депозит, платные дороги и оплата, грунтовые дороги (ripio) Патагонии, огромные расстояния и заправки, пересечение границы с Чили.",ru,transport,high,AR_or_review_required,SRC-2ECA03FF41|SRC-E01D886787|SRC-4A77EB6FE7,article_level_not_inline,review_required,review_required,2026-07-04,review_required,review_required,review_required_no_primary_source,frontmatter date is not reviewer evidence; inline mapping absent,content/knowledge-base/transport/arenda-avto-i-vozhdenie.md
CLM-D0E7726A3FE9,certificado-de-legalidad-prav,frontmatter.summary_or_answer,"У «certificado de legalidad» водительских прав два разных смысла. Аргентинец берёт certificado de legalidad своей licencia nacional (бесплатно, онлайн), чтобы использовать её за границей или оформить процедуру в другой юрисдикции. Иностранцу, наоборот, нужна легальность его зарубежных прав (через консульство страны выдачи, с апостилем и переводом), чтобы подтвердить стаж при получении аргентинских прав.",ru,transport,high,AR_or_review_required,SRC-5B8B75704D|SRC-4A55C29B16,article_level_not_inline,review_required,review_required,2026-07-12,review_required,review_required,review_required_article_level_only,frontmatter date is not reviewer evidence; inline mapping absent,content/knowledge-base/transport/certificado-de-legalidad-prav.md
CLM-5DEE8028D3C7,dokumenty-dlya-poezdki-na-avto,frontmatter.summary_or_answer,"Обязательный комплект для управления автомобилем: действующие права (или иностранные + МВУ), документ на машину (cédula verde, а на чужую — cédula azul или доверенность), обязательная страховка (seguro), действующий техосмотр VTV и оплаченный налог patente. Отдельно — что нужно, если машина не ваша и если вы выезжаете в Чили.",ru,transport,high,AR_or_review_required,SRC-718A2B8D2D|SRC-EB80BD3D3B,article_level_not_inline,review_required,review_required,2026-07-12,review_required,review_required,review_required_article_level_only,frontmatter date is not reviewer evidence; inline mapping absent,content/knowledge-base/transport/dokumenty-dlya-poezdki-na-avto.md
CLM-5A537E57AA3D,gid-po-transportu,frontmatter.summary_or_answer,"Навигационная точка входа по транспорту: как долететь из России, внутренние перелёты и расстояния, междугородние автобусы и поезда, аренда и покупка авто, права, городской транспорт по SUBE, трансфер из аэропорта. Собирает всю транспортную тему в одну карту — для туриста и релоканта.",ru,transport,high,AR_or_review_required,"",none,review_required,review_required,2026-07-05,review_required,review_required,blocked_missing_source,frontmatter date is not reviewer evidence; inline mapping absent,content/knowledge-base/transport/gid-po-transportu.md
CLM-3C03D5D1D6B8,istoriya-zheleznyh-dorog,frontmatter.summary_or_answer,"Почему в Аргентине когда-то была одна из крупнейших железнодорожных сетей мира — и почему сегодня поезда играют скромную роль. От британского «золотого века» и пика в 47 000 км до национализации Пероном, дефицитов и роковой приватизации 1990-х с лозунгом «ramal que para, ramal que cierra».",ru,transport,high,AR_or_review_required,SRC-B2437F2761,article_level_not_inline,review_required,review_required,2026-07-04,review_required,review_required,review_required_no_primary_source,frontmatter date is not reviewer evidence; inline mapping absent,content/knowledge-base/transport/istoriya-zheleznyh-dorog.md
CLM-E6F6783240EB,iz-esejsy-v-ba,frontmatter.summary_or_answer,"От международных воздушных ворот Аргентины (~22 км, 40-60 минут) до центра города — шесть вариантов трансфера на любой бюджет, от такси до автобуса с картой SUBE.",ru,transport,high,AR_or_review_required,SRC-802B4F35D7|SRC-D66F6BE237,article_level_not_inline,review_required,review_required,2026-07-02,review_required,review_required,review_required_article_level_only,frontmatter date is not reviewer evidence; inline mapping absent,content/knowledge-base/transport/iz-esejsy-v-ba.md
CLM-D918E38D9869,kak-dobratsya-iz-rossii,frontmatter.summary_or_answer,"Прямых рейсов нет — путь занимает примерно 26-32 часа с одной-двумя пересадками через Дубай, Стамбул, Доху или Аддис-Абебу; виза для граждан РФ не нужна (безвиз до 90 дней).",ru,transport,high,AR_or_review_required,SRC-331A588B2D|SRC-1C6FB00504,article_level_not_inline,review_required,review_required,2026-07-02,review_required,review_required,review_required_article_level_only,frontmatter date is not reviewer evidence; inline mapping absent,content/knowledge-base/transport/kak-dobratsya-iz-rossii.md
CLM-205F2D599D6C,kak-poluchit-prava-v-argentine,frontmatter.summary_or_answer,"Полное руководство для иностранцев: можно ли ездить с российскими и другими иностранными правами, кому доступен обмен (canje), как получить аргентинскую лицензию с нуля и какие документы нужны — с пошаговым порядком для Буэнос-Айреса (CABA).",ru,transport,high,AR_or_review_required,SRC-40258DF419|SRC-34F83B0FAD|SRC-718A2B8D2D|SRC-D73F3CCB40,article_level_not_inline,review_required,review_required,2026-07-12,review_required,review_required,review_required_article_level_only,frontmatter date is not reviewer evidence; inline mapping absent,content/knowledge-base/transport/kak-poluchit-prava-v-argentine.md
CLM-8D9C0F238BC5,mezhgorodnie-avtobusy,frontmatter.summary_or_answer,"Междугородние автобусы («micros») — основа наземного транспорта Аргентины: развитая сеть, ночные рейсы с раскладывающимися креслами-кроватями (cama, semi-cama, suite). Как выбрать класс, где купить билет (Plataforma10, терминал Ретиро), сколько занимает дорога и когда автобус выгоднее самолёта.",ru,transport,high,AR_or_review_required,SRC-663A454B0B|SRC-7DB7AD9C33|SRC-CB07676EA0,article_level_not_inline,review_required,review_required,2026-07-04,review_required,review_required,review_required_article_level_only,frontmatter date is not reviewer evidence; inline mapping absent,content/knowledge-base/transport/mezhgorodnie-avtobusy.md
CLM-039FDCB56E16,pochemu-net-pryamyh-reisov,frontmatter.summary_or_answer,"Почему между Россией и Аргентиной нет прямого рейса — дело в расстоянии «на край света», отсутствии коммерческого маршрута и текущих ограничениях. История единственного прямого перелёта Aerolíneas в Москву за вакциной «Спутник V» (40 часов туда-обратно), как летают на практике через пересадки и почему аргентинские рейсы — среди самых длинных в мире.",ru,transport,high,AR_or_review_required,SRC-22FABD1CA7,article_level_not_inline,review_required,review_required,2026-07-04,review_required,review_required,review_required_no_primary_source,frontmatter date is not reviewer evidence; inline mapping absent,content/knowledge-base/transport/pochemu-net-pryamyh-reisov.md
CLM-D872584A01FB,poezda,frontmatter.summary_or_answer,"Пассажирские поезда Аргентины — нишевый, но дешёвый и атмосферный способ передвижения по центру страны: Trenes Argentinos связывают Буэнос-Айрес с Мар-дель-Платой, Росарио, Кордовой и Тукуманом. Сеть ограничена (не покрывает Патагонию и большую часть севера), зато билеты недорогие. Плюс отдельные туристические поезда-аттракционы.",ru,transport,high,AR_or_review_required,SRC-128B0FDABA|SRC-F1152E66CB,article_level_not_inline,review_required,review_required,2026-07-04,review_required,review_required,review_required_article_level_only,frontmatter date is not reviewer evidence; inline mapping absent,content/knowledge-base/transport/poezda.md
CLM-7214472082C1,pokupka-avtomobilya,frontmatter.summary_or_answer,"Как иностранцу купить и оформить автомобиль в Аргентине: проверка истории (informe de dominio), техосмотр VTV, переход права через форму 08 в Registro del Automotor, документы (título, cédula verde), налоги и расходы на содержание (patente, страховка, топливо, парковки), надёжные марки.",ru,transport,high,AR_or_review_required,SRC-C58661A47E|SRC-AD9948BD0F,article_level_not_inline,review_required,review_required,2026-07-04,review_required,review_required,review_required_article_level_only,frontmatter date is not reviewer evidence; inline mapping absent,content/knowledge-base/transport/pokupka-avtomobilya.md
CLM-209A2282CABC,posle-dtp,frontmatter.summary_or_answer,"Пошагово после аварии: безопасность и раненые (911), обмен данными (права, страховка, patente, свидетели), фотофиксация места, полицейская denuncia при ущербе или пострадавших и обязательная denuncia в страховую в течение 72 часов — без неё полис не срабатывает.",ru,transport,high,AR_or_review_required,SRC-AAA6D45F9D|SRC-C294F0600E,article_level_not_inline,review_required,review_required,2026-07-12,review_required,review_required,review_required_article_level_only,frontmatter date is not reviewer evidence; inline mapping absent,content/knowledge-base/transport/posle-dtp.md
CLM-200951F42833,prava-passazhira-otmena-reisa,frontmatter.summary_or_answer,"При отмене рейса авиакомпания обязана предложить ближайший свой рейс, переоформление на другого перевозчика или другой маршрут; если ничего не подходит — полный возврат стоимости. При задержке свыше 4 часов положены еда и напитки, свыше 8 — ещё и гостиница с трансфером. Исключения — погода и форс-мажор. Права закреплены Resolución 1532/98, а с 2025 действует новая система жалоб ANAC.",ru,transport,high,AR_or_review_required,SRC-454DFF18F2|SRC-C9671C7BB1,article_level_not_inline,review_required,review_required,2026-07-12,review_required,review_required,review_required_article_level_only,frontmatter date is not reviewer evidence; inline mapping absent,content/knowledge-base/transport/prava-passazhira-otmena-reisa.md
CLM-5F6BD7520D3E,shtrafy-i-scoring,frontmatter.summary_or_answer,"Как проверить и оплатить дорожные штрафы (infracciones) в Аргентине, как работает балльная система scoring (у водителя есть исходный запас баллов, он уменьшается за серьёзные нарушения) и почему суммы считают не в песо, а в «условных единицах» (UF), привязанных к цене бензина. С 2026 года коды нарушений унифицированы по всей стране.",ru,transport,high,AR_or_review_required,SRC-36E56FFD1F|SRC-C5FAD3808B|SRC-6E80B1FAD4,article_level_not_inline,review_required,review_required,2026-07-12,review_required,review_required,review_required_article_level_only,frontmatter date is not reviewer evidence; inline mapping absent,content/knowledge-base/transport/shtrafy-i-scoring.md
CLM-67C2CE262BD4,vnutrennie-aviabilety,frontmatter.summary_or_answer,"Каркас почти любого маршрута по стране: три авиакомпании, аэропорты Аэропарке (AEP) и Эсейса (EZE) — разные точки, и правила, как купить дешевле.",ru,transport,high,AR_or_review_required,SRC-2E7DAB040E|SRC-6C60613D66,article_level_not_inline,review_required,review_required,2026-07-02,review_required,review_required,blocked_invalid_source,frontmatter date is not reviewer evidence; inline mapping absent,content/knowledge-base/transport/vnutrennie-aviabilety.md
CLM-6799EAC03747,vysokogorye-na-avto,frontmatter.summary_or_answer,"Северо-запад Аргентины и высокие перевалы Куйо — это дороги на 3500-4900 м, где к обычным рискам добавляются горная болезнь (сороче) и особенности машины на высоте: двигатель теряет мощность, между заправками сотни километров, связь пропадает. Разбираем, как подготовиться к высоте, топливу, холоду и одиночным участкам.",ru,transport,high,AR_or_review_required,SRC-44DB4D3FD3,article_level_not_inline,review_required,review_required,2026-07-12,review_required,review_required,review_required_article_level_only,frontmatter date is not reviewer evidence; inline mapping absent,content/knowledge-base/transport/vysokogorye-na-avto.md
CLM-2D893826AC23,gid-po-zhilyu,frontmatter.summary_or_answer,"Навигационная точка входа по жилью: где остановиться туристу, как снять квартиру вдолгую (и без гаранта), покупка недвижимости иностранцем, сдача в аренду и налоги, бытовые нюансы жилья и выбор района. Собирает все записи про жильё в одну карту — для туриста и релоканта.",ru,zhile,critical,AR_or_review_required,"",none,review_required,review_required,2026-07-05,review_required,review_required,blocked_missing_source,frontmatter date is not reviewer evidence; inline mapping absent,content/knowledge-base/zhile/gid-po-zhilyu.md
CLM-78145BE1CA64,kemping-i-palatki,frontmatter.summary_or_answer,"Как устроен кемпинг в Аргентине: организованные кемпинги с сервисом и «дикий» camping agreste в нацпарках, правила и разрешения APN, специфика Патагонии (ветер, брони, сезон), снаряжение и безопасность. Практичный и недорогой способ путешествовать по природным регионам.",ru,zhile,critical,AR_or_review_required,SRC-286D36A29D,article_level_not_inline,review_required,review_required,2026-07-06,review_required,review_required,review_required_article_level_only,frontmatter date is not reviewer evidence; inline mapping absent,content/knowledge-base/zhile/kemping-i-palatki.md
CLM-09631FAEB06D,pokupka-nedvizhimosti,frontmatter.summary_or_answer,"Иностранец может купить недвижимость в Аргентине наравне с гражданами — без резиденции и визы. Как устроена сделка (boleto → escritura у нотариуса-эскрибано), почему платят наличными долларами, сколько составляют закрывающие расходы и налоги и на что смотреть, чтобы не потерять деньги.",ru,zhile,critical,AR_or_review_required,SRC-5C51BABC34|SRC-B99BEFA151,article_level_not_inline,review_required,review_required,2026-07-04,review_required,review_required,review_required_no_primary_source,frontmatter date is not reviewer evidence; inline mapping absent,content/knowledge-base/zhile/pokupka-nedvizhimosti.md
CLM-FEC9C7E4F0BE,zhile-dlya-turistov,frontmatter.summary_or_answer,"Форматы туристического жилья в Аргентине и как выбрать: отели, хостелы, апарт-отели и краткосрочная аренда (Airbnb/Booking), усадьбы (estancias) в пампе, домики (cabañas) в Патагонии, гостевые дома (posadas/hospedajes) на севере. В каких районах селиться в Буэнос-Айресе и чем платить, если карта РФ не работает.",ru,zhile,critical,AR_or_review_required,SRC-D83B31F7D4,article_level_not_inline,review_required,review_required,2026-07-04,review_required,review_required,blocked_invalid_source,frontmatter date is not reviewer evidence; inline mapping absent,content/knowledge-base/zhile/zhile-dlya-turistov.md
