"id","url","quality_score","band","public","blockers","evidence"
"aconcagua-provincial-park","/baza-znaniy/aconcagua-provincial-park","100","ready","yes","none","publication-quality.ts"
"aep-eze-stykovka","/baza-znaniy/aep-eze-stykovka","100","ready","yes","none","publication-quality.ts"
"aeroporty","/baza-znaniy/aeroporty","100","ready","yes","none","publication-quality.ts"
"aktualen-li-blue-dollar","/baza-znaniy/aktualen-li-blue-dollar","20","blocked","no","missing_sensitive_source;thin_content","publication-quality.ts"
"alero-charcamata","/baza-znaniy/alero-charcamata","10","blocked","no","not_publication_ready;non_russian_title;non_russian_summary","publication-quality.ts"
"alersesy-skrytye-ozyora","/baza-znaniy/alersesy-skrytye-ozyora","100","ready","yes","none","publication-quality.ts"
"almacenes-de-ramos-generales-en-la-pampa","/baza-znaniy/almacenes-de-ramos-generales-en-la-pampa","40","blocked","no","machine_translation_marker","publication-quality.ts"
"alumine","/baza-znaniy/alumine","10","blocked","no","not_publication_ready;non_russian_title;non_russian_summary","publication-quality.ts"
"amaicha-del-valle-y-ciudad-sagrada-de-los-quilmes","/baza-znaniy/amaicha-del-valle-y-ciudad-sagrada-de-los-quilmes","10","blocked","no","not_publication_ready;non_russian_title;non_russian_summary","publication-quality.ts"
"andinismo-y-montanismo-en-neuquen","/baza-znaniy/andinismo-y-montanismo-en-neuquen","10","blocked","no","not_publication_ready;non_russian_title;non_russian_summary","publication-quality.ts"
"angastaco","/baza-znaniy/angastaco","10","blocked","no","not_publication_ready;non_russian_title;non_russian_summary","publication-quality.ts"
"antofagasta-de-la-sierra","/baza-znaniy/antofagasta-de-la-sierra","10","blocked","no","not_publication_ready;non_russian_title;non_russian_summary","publication-quality.ts"
"apostil-i-perevod-dokumentov","/baza-znaniy/apostil-i-perevod-dokumentov","100","ready","yes","none","publication-quality.ts"
"area-natural-protegida-rio-limay","/baza-znaniy/area-natural-protegida-rio-limay","10","blocked","no","not_publication_ready;non_russian_title;non_russian_summary","publication-quality.ts"
"arenda-avto-i-vozhdenie","/baza-znaniy/arenda-avto-i-vozhdenie","100","ready","yes","none","publication-quality.ts"
"argentina-10-dney","/baza-znaniy/argentina-10-dney","100","ready","yes","none","publication-quality.ts"
"argentina-2-nedeli","/baza-znaniy/argentina-2-nedeli","100","ready","yes","none","publication-quality.ts"
"argentina-3-nedeli","/baza-znaniy/argentina-3-nedeli","100","ready","yes","none","publication-quality.ts"
"argentina-vs-drugie-strany","/baza-znaniy/argentina-vs-drugie-strany","100","ready","yes","none","publication-quality.ts"
"arte-urbano-en-buenos-aires","/baza-znaniy/arte-urbano-en-buenos-aires","40","blocked","no","machine_translation_marker","publication-quality.ts"
"artesania-formosena","/baza-znaniy/artesania-formosena","10","blocked","no","not_publication_ready;non_russian_title;non_russian_summary","publication-quality.ts"
"asado","/baza-znaniy/asado","100","ready","yes","none","publication-quality.ts"
"astroturismo-en-san-juan","/baza-znaniy/astroturismo-en-san-juan","10","blocked","no","not_publication_ready;non_russian_title;non_russian_summary","publication-quality.ts"
"autodromo-internacional-de-rio-hondo","/baza-znaniy/autodromo-internacional-de-rio-hondo","10","blocked","no","not_publication_ready;non_russian_title;non_russian_summary","publication-quality.ts"
"avellaneda","/baza-znaniy/avellaneda","10","blocked","no","not_publication_ready;non_russian_title;non_russian_summary","publication-quality.ts"
"aventura-en-la-patagonia-andina","/baza-znaniy/aventura-en-la-patagonia-andina","45","blocked","no","not_publication_ready;non_russian_summary","publication-quality.ts"
"aventura-submarina-en-puerto-madryn","/baza-znaniy/aventura-submarina-en-puerto-madryn","10","blocked","no","not_publication_ready;non_russian_title;non_russian_summary","publication-quality.ts"
"aves-del-chaco","/baza-znaniy/aves-del-chaco","0","blocked","no","not_publication_ready;non_russian_title;non_russian_summary;placeholder_content","publication-quality.ts"
"avistaje-de-aves-en-formosa","/baza-znaniy/avistaje-de-aves-en-formosa","0","blocked","no","not_publication_ready;non_russian_title;non_russian_summary;placeholder_content","publication-quality.ts"
"avistaje-de-aves-en-la-pampa","/baza-znaniy/avistaje-de-aves-en-la-pampa","40","blocked","no","machine_translation_marker","publication-quality.ts"
"avistaje-de-aves-en-santa-cruz","/baza-znaniy/avistaje-de-aves-en-santa-cruz","80","review","no","thin_content","publication-quality.ts"
"ba-rajony-realnyj-vybor","/baza-znaniy/ba-rajony-realnyj-vybor","100","ready","yes","none","publication-quality.ts"
"bahia-blanca","/baza-znaniy/bahia-blanca","85","review","no","missing_hero","publication-quality.ts"
"banado-la-estrella","/baza-znaniy/banado-la-estrella","100","ready","yes","none","publication-quality.ts"
"banki-i-perevody","/baza-znaniy/banki-i-perevody","100","ready","yes","none","publication-quality.ts"
"bankovskij-schet","/baza-znaniy/bankovskij-schet","100","ready","yes","none","publication-quality.ts"
"bariloche","/baza-znaniy/bariloche","100","ready","yes","none","publication-quality.ts"
"bariloche-tihie-smotrovye","/baza-znaniy/bariloche-tihie-smotrovye","100","ready","yes","none","publication-quality.ts"
"barreal","/baza-znaniy/barreal","85","review","no","missing_hero","publication-quality.ts"
"bebidas-y-gastronomia-en-cordoba","/baza-znaniy/bebidas-y-gastronomia-en-cordoba","10","blocked","no","not_publication_ready;non_russian_title;non_russian_summary","publication-quality.ts"
"belen","/baza-znaniy/belen","10","blocked","no","not_publication_ready;non_russian_title;non_russian_summary","publication-quality.ts"
"besplatna-li-medicina-dlya-turista","/baza-znaniy/besplatna-li-medicina-dlya-turista","100","ready","yes","none","publication-quality.ts"
"bezopasno-li-odnoj-zhenshchine","/baza-znaniy/bezopasno-li-odnoj-zhenshchine","20","blocked","no","missing_sensitive_source;thin_content","publication-quality.ts"
"bezopasno-li-v-argentine","/baza-znaniy/bezopasno-li-v-argentine","20","blocked","no","missing_sensitive_source;thin_content","publication-quality.ts"
"bezopasnost-argentina","/baza-znaniy/bezopasnost-argentina","100","ready","yes","none","publication-quality.ts"
"bienal-internacional-de-esculturas-en-resistencia","/baza-znaniy/bienal-internacional-de-esculturas-en-resistencia","10","blocked","no","not_publication_ready;non_russian_title;non_russian_summary","publication-quality.ts"
"bodega-submarina-en-las-grutas","/baza-znaniy/bodega-submarina-en-las-grutas","10","blocked","no","not_publication_ready;non_russian_title;non_russian_summary","publication-quality.ts"
"bosque-petrificado","/baza-znaniy/bosque-petrificado","70","review","no","not_publication_ready","publication-quality.ts"
"buceo-en-el-golfo-san-matias","/baza-znaniy/buceo-en-el-golfo-san-matias","10","blocked","no","not_publication_ready;non_russian_title;non_russian_summary","publication-quality.ts"
"buceo-en-las-costas-de-ushuaia","/baza-znaniy/buceo-en-las-costas-de-ushuaia","80","review","no","thin_content","publication-quality.ts"
"buenos-aires","/baza-znaniy/buenos-aires","100","ready","yes","none","publication-quality.ts"
"buenos-aires-province","/baza-znaniy/buenos-aires-province","100","ready","yes","none","publication-quality.ts"
"buenos-aires-tradicional","/baza-znaniy/buenos-aires-tradicional","40","blocked","no","machine_translation_marker","publication-quality.ts"
"byt-i-zhilyo","/baza-znaniy/byt-i-zhilyo","100","ready","yes","none","publication-quality.ts"
"byudzhet-poezdki","/baza-znaniy/byudzhet-poezdki","100","ready","yes","none","publication-quality.ts"
"caba","/baza-znaniy/caba","100","ready","yes","none","publication-quality.ts"
"cabalgata-en-el-lago-roca","/baza-znaniy/cabalgata-en-el-lago-roca","10","blocked","no","not_publication_ready;non_russian_title;non_russian_summary","publication-quality.ts"
"cabalgata-en-los-molles","/baza-znaniy/cabalgata-en-los-molles","10","blocked","no","not_publication_ready;non_russian_title;non_russian_summary","publication-quality.ts"
"cabalgatas-en-cerro-belvedere-y-cascada-inacayal","/baza-znaniy/cabalgatas-en-cerro-belvedere-y-cascada-inacayal","80","review","no","thin_content","publication-quality.ts"
"cabalgatas-en-la-estepa-de-bariloche","/baza-znaniy/cabalgatas-en-la-estepa-de-bariloche","80","review","no","thin_content","publication-quality.ts"
"cabalgatas-en-las-sierras-bonaerenses","/baza-znaniy/cabalgatas-en-las-sierras-bonaerenses","80","review","no","thin_content","publication-quality.ts"
"cabalgatas-en-tafi-del-valle","/baza-znaniy/cabalgatas-en-tafi-del-valle","10","blocked","no","not_publication_ready;non_russian_title;non_russian_summary","publication-quality.ts"
"cabalgatas-en-valle-chico","/baza-znaniy/cabalgatas-en-valle-chico","10","blocked","no","not_publication_ready;non_russian_title;non_russian_summary","publication-quality.ts"
"cachi","/baza-znaniy/cachi","10","blocked","no","not_publication_ready;non_russian_title;non_russian_summary","publication-quality.ts"
"cafayate","/baza-znaniy/cafayate","100","ready","yes","none","publication-quality.ts"
"camino-de-la-costa","/baza-znaniy/camino-de-la-costa","10","blocked","no","not_publication_ready;non_russian_title;non_russian_summary","publication-quality.ts"
"caminos-de-la-fe-san-juan","/baza-znaniy/caminos-de-la-fe-san-juan","10","blocked","no","not_publication_ready;non_russian_title;non_russian_summary","publication-quality.ts"
"campo-del-cielo","/baza-znaniy/campo-del-cielo","10","blocked","no","not_publication_ready;non_russian_title;non_russian_summary","publication-quality.ts"
"campo-del-cielo-y-saenz-pena","/baza-znaniy/campo-del-cielo-y-saenz-pena","10","blocked","no","not_publication_ready;non_russian_title;non_russian_summary","publication-quality.ts"
"canon-del-atuel","/baza-znaniy/canon-del-atuel","80","review","no","thin_content","publication-quality.ts"
"capilla-del-monte","/baza-znaniy/capilla-del-monte","10","blocked","no","not_publication_ready;non_russian_title;non_russian_summary","publication-quality.ts"
"carcarana","/baza-znaniy/carcarana","10","blocked","no","not_publication_ready;non_russian_title;non_russian_summary","publication-quality.ts"
"carmen-del-sauce","/baza-znaniy/carmen-del-sauce","10","blocked","no","not_publication_ready;non_russian_title;non_russian_summary","publication-quality.ts"
"carnaval-de-humahuaca","/baza-znaniy/carnaval-de-humahuaca","10","blocked","no","not_publication_ready;non_russian_title;non_russian_summary","publication-quality.ts"
"carnaval-en-corrientes","/baza-znaniy/carnaval-en-corrientes","10","blocked","no","not_publication_ready;non_russian_title;non_russian_summary","publication-quality.ts"
"casa-de-san-martin-en-yapeyu","/baza-znaniy/casa-de-san-martin-en-yapeyu","10","blocked","no","not_publication_ready;non_russian_title;non_russian_summary","publication-quality.ts"
"casa-historica-tucuman","/baza-znaniy/casa-historica-tucuman","100","ready","yes","none","publication-quality.ts"
"cascada-chachin","/baza-znaniy/cascada-chachin","50","blocked","no","not_publication_ready;thin_content","publication-quality.ts"
"cascada-del-rio-noque","/baza-znaniy/cascada-del-rio-noque","50","blocked","no","not_publication_ready;thin_content","publication-quality.ts"
"cascada-nivinco-y-pichi-traful","/baza-znaniy/cascada-nivinco-y-pichi-traful","80","review","no","thin_content","publication-quality.ts"
"cascadas-santa-ana-y-dora","/baza-znaniy/cascadas-santa-ana-y-dora","50","blocked","no","not_publication_ready;thin_content","publication-quality.ts"
"catamaran-en-el-rio-parana","/baza-znaniy/catamaran-en-el-rio-parana","10","blocked","no","not_publication_ready;non_russian_title;non_russian_summary","publication-quality.ts"
"catamaran-en-la-triple-frontera","/baza-znaniy/catamaran-en-la-triple-frontera","80","review","no","thin_content","publication-quality.ts"
"catamarca","/baza-znaniy/catamarca","100","ready","yes","none","publication-quality.ts"
"caucete-san-juan","/baza-znaniy/caucete-san-juan","10","blocked","no","not_publication_ready;non_russian_title;non_russian_summary","publication-quality.ts"
"caviahue-copahue","/baza-znaniy/caviahue-copahue","80","review","no","thin_content","publication-quality.ts"
"centro-de-esqui-la-hoya","/baza-znaniy/centro-de-esqui-la-hoya","10","blocked","no","not_publication_ready;non_russian_title;non_russian_summary","publication-quality.ts"
"centro-termal-bernardo-larroude","/baza-znaniy/centro-termal-bernardo-larroude","10","blocked","no","not_publication_ready;non_russian_title;non_russian_summary","publication-quality.ts"
"centros-de-esqui-en-neuquen","/baza-znaniy/centros-de-esqui-en-neuquen","10","blocked","no","not_publication_ready;non_russian_title;non_russian_summary","publication-quality.ts"
"cerro-castor","/baza-znaniy/cerro-castor","50","blocked","no","not_publication_ready;thin_content","publication-quality.ts"
"cerro-mercedario-y-grandes-cumbres-de-san-juan","/baza-znaniy/cerro-mercedario-y-grandes-cumbres-de-san-juan","50","blocked","no","not_publication_ready;thin_content","publication-quality.ts"
"cerro-tronador","/baza-znaniy/cerro-tronador","50","blocked","no","not_publication_ready;thin_content","publication-quality.ts"
"cerros-catedral-y-perito-moreno","/baza-znaniy/cerros-catedral-y-perito-moreno","80","review","no","thin_content","publication-quality.ts"
"certificado-de-domicilio","/baza-znaniy/certificado-de-domicilio","100","ready","yes","none","publication-quality.ts"
"certificado-de-legalidad-prav","/baza-znaniy/certificado-de-legalidad-prav","100","ready","yes","none","publication-quality.ts"
"chek-list-pereezda","/baza-znaniy/chek-list-pereezda","100","ready","yes","none","publication-quality.ts"
"cholila","/baza-znaniy/cholila","10","blocked","no","not_publication_ready;non_russian_title;non_russian_summary","publication-quality.ts"
"chto-delat-krome-dostoprimechatelnostej","/baza-znaniy/chto-delat-krome-dostoprimechatelnostej","100","ready","yes","none","publication-quality.ts"
"chto-est-vegetariancu","/baza-znaniy/chto-est-vegetariancu","100","ready","yes","none","publication-quality.ts"
"chto-stoit-deneg-prioritety","/baza-znaniy/chto-stoit-deneg-prioritety","100","ready","yes","none","publication-quality.ts"
"chto-takoe-dni-i-cuil","/baza-znaniy/chto-takoe-dni-i-cuil","20","blocked","no","missing_sensitive_source;thin_content","publication-quality.ts"
"chto-takoe-mep","/baza-znaniy/chto-takoe-mep","20","blocked","no","missing_sensitive_source;thin_content","publication-quality.ts"
"chto-takoe-prekariya","/baza-znaniy/chto-takoe-prekariya","100","ready","yes","none","publication-quality.ts"
"chto-takoe-sube","/baza-znaniy/chto-takoe-sube","100","ready","yes","none","publication-quality.ts"
"circuito-callejero-de-potrero-de-los-funes","/baza-znaniy/circuito-callejero-de-potrero-de-los-funes","10","blocked","no","not_publication_ready;non_russian_title;non_russian_summary","publication-quality.ts"
"circuito-cultural-en-formosa","/baza-znaniy/circuito-cultural-en-formosa","10","blocked","no","not_publication_ready;non_russian_title;non_russian_summary","publication-quality.ts"
"circuito-de-cervecerias-en-rosario","/baza-znaniy/circuito-de-cervecerias-en-rosario","10","blocked","no","not_publication_ready;non_russian_title;non_russian_summary","publication-quality.ts"
"circuito-gastronomico-en-el-rio-parana","/baza-znaniy/circuito-gastronomico-en-el-rio-parana","10","blocked","no","not_publication_ready;non_russian_title;non_russian_summary","publication-quality.ts"
"ciudad-de-corrientes","/baza-znaniy/ciudad-de-corrientes","80","review","no","thin_content","publication-quality.ts"
"ciudad-de-formosa","/baza-znaniy/ciudad-de-formosa","50","blocked","no","not_publication_ready;thin_content","publication-quality.ts"
"ciudad-de-salta","/baza-znaniy/ciudad-de-salta","50","blocked","no","not_publication_ready;thin_content","publication-quality.ts"
"ciudad-de-san-juan","/baza-znaniy/ciudad-de-san-juan","50","blocked","no","not_publication_ready;thin_content","publication-quality.ts"
"ciudad-de-santa-fe","/baza-znaniy/ciudad-de-santa-fe","50","blocked","no","not_publication_ready;thin_content","publication-quality.ts"
"clorinda","/baza-znaniy/clorinda","10","blocked","no","not_publication_ready;non_russian_title;non_russian_summary","publication-quality.ts"
"colon","/baza-znaniy/colon","10","blocked","no","not_publication_ready;non_russian_title;non_russian_summary","publication-quality.ts"
"colon-entre-rios","/baza-znaniy/colon-entre-rios","85","review","no","missing_hero","publication-quality.ts"
"colonia-carlos-pellegrini","/baza-znaniy/colonia-carlos-pellegrini","30","blocked","no","not_publication_ready;mixed_script_word;thin_content","publication-quality.ts"
"colonia-menonita-en-la-pampa","/baza-znaniy/colonia-menonita-en-la-pampa","80","review","no","thin_content","publication-quality.ts"
"colonia-suiza","/baza-znaniy/colonia-suiza","50","blocked","no","not_publication_ready;thin_content","publication-quality.ts"
"colonias-judias-en-santa-fe","/baza-znaniy/colonias-judias-en-santa-fe","50","blocked","no","not_publication_ready;thin_content","publication-quality.ts"
"comandante-luis-piedrabuena","/baza-znaniy/comandante-luis-piedrabuena","10","blocked","no","not_publication_ready;non_russian_title;non_russian_summary","publication-quality.ts"
"comarca-andina-del-paralelo-42","/baza-znaniy/comarca-andina-del-paralelo-42","10","blocked","no","not_publication_ready;non_russian_title;non_russian_summary","publication-quality.ts"
"cordero-patagonico","/baza-znaniy/cordero-patagonico","40","blocked","no","machine_translation_marker","publication-quality.ts"
"cordoba-de-las-campanas","/baza-znaniy/cordoba-de-las-campanas","10","blocked","no","not_publication_ready;non_russian_title;non_russian_summary","publication-quality.ts"
"corredor-de-la-puna","/baza-znaniy/corredor-de-la-puna","10","blocked","no","not_publication_ready;non_russian_title;non_russian_summary","publication-quality.ts"
"corredor-del-viento","/baza-znaniy/corredor-del-viento","10","blocked","no","not_publication_ready;non_russian_title;non_russian_summary","publication-quality.ts"
"cosquin","/baza-znaniy/cosquin","10","blocked","no","not_publication_ready;non_russian_title;non_russian_summary","publication-quality.ts"
"costa-atlantica-bonaerense","/baza-znaniy/costa-atlantica-bonaerense","80","review","no","thin_content","publication-quality.ts"
"costa-atlantica-de-la-provincia-de-buenos-aires","/baza-znaniy/costa-atlantica-de-la-provincia-de-buenos-aires","45","blocked","no","not_publication_ready;non_russian_summary","publication-quality.ts"
"costanera-de-corrientes","/baza-znaniy/costanera-de-corrientes","10","blocked","no","not_publication_ready;non_russian_title;non_russian_summary","publication-quality.ts"
"costanera-de-formosa","/baza-znaniy/costanera-de-formosa","10","blocked","no","not_publication_ready;non_russian_title;non_russian_summary","publication-quality.ts"
"cruce-de-los-andes","/baza-znaniy/cruce-de-los-andes","10","blocked","no","not_publication_ready;non_russian_title;non_russian_summary","publication-quality.ts"
"cuesta-del-viento","/baza-znaniy/cuesta-del-viento","10","blocked","no","not_publication_ready;non_russian_title;non_russian_summary","publication-quality.ts"
"cueva-de-las-manos","/baza-znaniy/cueva-de-las-manos","70","review","no","not_publication_ready","publication-quality.ts"
"cultura-guarani-en-misiones","/baza-znaniy/cultura-guarani-en-misiones","10","blocked","no","not_publication_ready;non_russian_title;non_russian_summary","publication-quality.ts"
"cusi-cusi","/baza-znaniy/cusi-cusi","10","blocked","no","not_publication_ready;non_russian_title;non_russian_summary","publication-quality.ts"
"cuyo","/baza-znaniy/cuyo","100","ready","yes","none","publication-quality.ts"
"dalyokie-parki-nastroj-na-tishinu","/baza-znaniy/dalyokie-parki-nastroj-na-tishinu","100","ready","yes","none","publication-quality.ts"
"delta-del-parana","/baza-znaniy/delta-del-parana","45","blocked","no","not_publication_ready;non_russian_summary","publication-quality.ts"
"deportes-extremos-en-la-rioja","/baza-znaniy/deportes-extremos-en-la-rioja","10","blocked","no","not_publication_ready;non_russian_title;non_russian_summary","publication-quality.ts"
"deportes-extremos-en-paso-de-la-patria","/baza-znaniy/deportes-extremos-en-paso-de-la-patria","10","blocked","no","not_publication_ready;non_russian_title;non_russian_summary","publication-quality.ts"
"dikaya-priroda","/baza-znaniy/dikaya-priroda","100","ready","yes","none","publication-quality.ts"
"dinosaurios-de-la-patagonia","/baza-znaniy/dinosaurios-de-la-patagonia","45","blocked","no","not_publication_ready;non_russian_summary","publication-quality.ts"
"dinosaurios-en-neuquen","/baza-znaniy/dinosaurios-en-neuquen","10","blocked","no","not_publication_ready;non_russian_title;non_russian_summary","publication-quality.ts"
"dique-piscu-yacu","/baza-znaniy/dique-piscu-yacu","50","blocked","no","not_publication_ready;thin_content","publication-quality.ts"
"dni-cuil","/baza-znaniy/dni-cuil","100","ready","yes","none","publication-quality.ts"
"dni-cuil-cuit-putanitsa","/baza-znaniy/dni-cuil-cuit-putanitsa","100","ready","yes","none","publication-quality.ts"
"dokumenty-dlya-poezdki-na-avto","/baza-znaniy/dokumenty-dlya-poezdki-na-avto","100","ready","yes","none","publication-quality.ts"
"dostupnaya-sreda-i-invalidnost","/baza-znaniy/dostupnaya-sreda-i-invalidnost","100","ready","yes","none","publication-quality.ts"
"dunas-de-taton","/baza-znaniy/dunas-de-taton","50","blocked","no","not_publication_ready;thin_content","publication-quality.ts"
"el-bolson","/baza-znaniy/el-bolson","100","ready","yes","none","publication-quality.ts"
"el-calafate","/baza-znaniy/el-calafate","100","ready","yes","none","publication-quality.ts"
"el-chaku","/baza-znaniy/el-chaku","50","blocked","no","not_publication_ready;thin_content","publication-quality.ts"
"el-chalten","/baza-znaniy/el-chalten","100","ready","yes","none","publication-quality.ts"
"el-curanto","/baza-znaniy/el-curanto","50","blocked","no","not_publication_ready;thin_content","publication-quality.ts"
"el-gaucho","/baza-znaniy/el-gaucho","50","blocked","no","not_publication_ready;thin_content","publication-quality.ts"
"el-hoyo","/baza-znaniy/el-hoyo","80","review","no","thin_content","publication-quality.ts"
"el-mate","/baza-znaniy/el-mate","50","blocked","no","not_publication_ready;thin_content","publication-quality.ts"
"el-nihuil","/baza-znaniy/el-nihuil","50","blocked","no","not_publication_ready;thin_content","publication-quality.ts"
"el-obelisco-de-cafayate","/baza-znaniy/el-obelisco-de-cafayate","50","blocked","no","not_publication_ready;thin_content","publication-quality.ts"
"el-rodeo","/baza-znaniy/el-rodeo","50","blocked","no","not_publication_ready;thin_content","publication-quality.ts"
"el-salitral-encantado","/baza-znaniy/el-salitral-encantado","50","blocked","no","not_publication_ready;thin_content","publication-quality.ts"
"el-sauzalito","/baza-znaniy/el-sauzalito","50","blocked","no","not_publication_ready;thin_content","publication-quality.ts"
"el-sosneado","/baza-znaniy/el-sosneado","50","blocked","no","not_publication_ready;thin_content","publication-quality.ts"
"el-trapiche","/baza-znaniy/el-trapiche","50","blocked","no","not_publication_ready;thin_content","publication-quality.ts"
"el-tren-patagonico","/baza-znaniy/el-tren-patagonico","80","review","no","thin_content","publication-quality.ts"
"el-vino-malbec","/baza-znaniy/el-vino-malbec","50","blocked","no","not_publication_ready;thin_content","publication-quality.ts"
"eldorado","/baza-znaniy/eldorado","10","blocked","no","not_publication_ready;non_russian_title;non_russian_summary","publication-quality.ts"
"empanadas","/baza-znaniy/empanadas","100","ready","yes","none","publication-quality.ts"
"empedrado","/baza-znaniy/empedrado","80","review","no","thin_content","publication-quality.ts"
"empedrado-y-el-carrizal","/baza-znaniy/empedrado-y-el-carrizal","10","blocked","no","not_publication_ready;non_russian_title;non_russian_summary","publication-quality.ts"
"epuyen","/baza-znaniy/epuyen","10","blocked","no","not_publication_ready;non_russian_title;non_russian_summary","publication-quality.ts"
"esim-i-svyaz","/baza-znaniy/esim-i-svyaz","100","ready","yes","none","publication-quality.ts"
"esim-ili-lokalnaya-sim","/baza-znaniy/esim-ili-lokalnaya-sim","80","review","no","thin_content","publication-quality.ts"
"esquel","/baza-znaniy/esquel","85","review","no","missing_hero","publication-quality.ts"
"esquina","/baza-znaniy/esquina","10","blocked","no","not_publication_ready;non_russian_title;non_russian_summary","publication-quality.ts"
"estancias-turisticas-de-campo","/baza-znaniy/estancias-turisticas-de-campo","10","blocked","no","not_publication_ready;non_russian_title;non_russian_summary","publication-quality.ts"
"expedicion-al-avion-de-los-uruguayos","/baza-znaniy/expedicion-al-avion-de-los-uruguayos","10","blocked","no","not_publication_ready;non_russian_title;non_russian_summary","publication-quality.ts"
"expediciones-en-el-lago-huechulafquen","/baza-znaniy/expediciones-en-el-lago-huechulafquen","10","blocked","no","not_publication_ready;non_russian_title;non_russian_summary","publication-quality.ts"
"falshivye-policejskie-i-obmenniki","/baza-znaniy/falshivye-policejskie-i-obmenniki","100","ready","yes","none","publication-quality.ts"
"federacion","/baza-znaniy/federacion","10","blocked","no","not_publication_ready;non_russian_title;non_russian_summary","publication-quality.ts"
"feria-de-simoca","/baza-znaniy/feria-de-simoca","10","blocked","no","not_publication_ready;non_russian_title;non_russian_summary","publication-quality.ts"
"festival-de-cosquin","/baza-znaniy/festival-de-cosquin","10","blocked","no","not_publication_ready;non_russian_title;non_russian_summary","publication-quality.ts"
"fiambala","/baza-znaniy/fiambala","10","blocked","no","not_publication_ready;non_russian_title;non_russian_summary","publication-quality.ts"
"fiesta-nacional-del-canotaje-en-chaco","/baza-znaniy/fiesta-nacional-del-canotaje-en-chaco","10","blocked","no","not_publication_ready;non_russian_title;non_russian_summary","publication-quality.ts"
"fiesta-nacional-del-sol-en-san-juan","/baza-znaniy/fiesta-nacional-del-sol-en-san-juan","10","blocked","no","not_publication_ready;non_russian_title;non_russian_summary","publication-quality.ts"
"fiestas-y-festivales-en-cordoba","/baza-znaniy/fiestas-y-festivales-en-cordoba","10","blocked","no","not_publication_ready;non_russian_title;non_russian_summary","publication-quality.ts"
"folklor-i-muzyka","/baza-znaniy/folklor-i-muzyka","100","ready","yes","none","publication-quality.ts"
"formosa","/baza-znaniy/formosa","100","ready","yes","none","publication-quality.ts"
"frutas-de-pepita-en-el-alto-valle-del-rio-negro","/baza-znaniy/frutas-de-pepita-en-el-alto-valle-del-rio-negro","10","blocked","no","not_publication_ready;non_russian_title;non_russian_summary","publication-quality.ts"
"futbol","/baza-znaniy/futbol","100","ready","yes","none","publication-quality.ts"
"futbol-kak-popast-bez-skama","/baza-znaniy/futbol-kak-popast-bez-skama","100","ready","yes","none","publication-quality.ts"
"gaiman","/baza-znaniy/gaiman","10","blocked","no","not_publication_ready;non_russian_title;non_russian_summary","publication-quality.ts"
"galeses-en-argentina","/baza-znaniy/galeses-en-argentina","10","blocked","no","not_publication_ready;non_russian_title;non_russian_summary","publication-quality.ts"
"gastronomia-de-chaco","/baza-znaniy/gastronomia-de-chaco","10","blocked","no","not_publication_ready;non_russian_title;non_russian_summary","publication-quality.ts"
"gastronomia-de-entre-rios","/baza-znaniy/gastronomia-de-entre-rios","10","blocked","no","not_publication_ready;non_russian_title;non_russian_summary","publication-quality.ts"
"gastronomia-de-jujuy","/baza-znaniy/gastronomia-de-jujuy","10","blocked","no","not_publication_ready;non_russian_title;non_russian_summary","publication-quality.ts"
"gastronomia-de-la-pampa","/baza-znaniy/gastronomia-de-la-pampa","10","blocked","no","not_publication_ready;non_russian_title;non_russian_summary","publication-quality.ts"
"gastronomia-de-misiones","/baza-znaniy/gastronomia-de-misiones","10","blocked","no","not_publication_ready;non_russian_title;non_russian_summary","publication-quality.ts"
"gastronomia-de-tierra-del-fuego","/baza-znaniy/gastronomia-de-tierra-del-fuego","45","blocked","no","not_publication_ready;non_russian_summary","publication-quality.ts"
"gastronomia-en-cordoba","/baza-znaniy/gastronomia-en-cordoba","10","blocked","no","not_publication_ready;non_russian_title;non_russian_summary","publication-quality.ts"
"gastronomia-en-santa-fe","/baza-znaniy/gastronomia-en-santa-fe","10","blocked","no","not_publication_ready;non_russian_title;non_russian_summary","publication-quality.ts"
"gastronomia-en-santiago-del-estero","/baza-znaniy/gastronomia-en-santiago-del-estero","10","blocked","no","not_publication_ready;non_russian_title;non_russian_summary","publication-quality.ts"
"gastronomia-portena","/baza-znaniy/gastronomia-portena","40","blocked","no","machine_translation_marker","publication-quality.ts"
"gde-luchshiy-karnaval-v-argentine","/baza-znaniy/gde-luchshiy-karnaval-v-argentine","100","ready","yes","none","publication-quality.ts"
"general-acha","/baza-znaniy/general-acha","10","blocked","no","not_publication_ready;non_russian_title;non_russian_summary","publication-quality.ts"
"gid-po-dengam","/baza-znaniy/gid-po-dengam","40","blocked","no","missing_sensitive_source","publication-quality.ts"
"gid-po-dokumentam","/baza-znaniy/gid-po-dokumentam","40","blocked","no","missing_sensitive_source","publication-quality.ts"
"gid-po-kulture","/baza-znaniy/gid-po-kulture","100","ready","yes","none","publication-quality.ts"
"gid-po-medicine","/baza-znaniy/gid-po-medicine","40","blocked","no","missing_sensitive_source","publication-quality.ts"
"gid-po-transportu","/baza-znaniy/gid-po-transportu","100","ready","yes","none","publication-quality.ts"
"gid-po-zhilyu","/baza-znaniy/gid-po-zhilyu","100","ready","yes","none","publication-quality.ts"
"gid-puteshestvennika","/baza-znaniy/gid-puteshestvennika","100","ready","yes","none","publication-quality.ts"
"gid-relokanta","/baza-znaniy/gid-relokanta","40","blocked","no","missing_sensitive_source","publication-quality.ts"
"glaciar-huemul","/baza-znaniy/glaciar-huemul","50","blocked","no","not_publication_ready;thin_content","publication-quality.ts"
"glaciar-ojo-del-albino","/baza-znaniy/glaciar-ojo-del-albino","50","blocked","no","not_publication_ready;thin_content","publication-quality.ts"
"golf-en-mendoza","/baza-znaniy/golf-en-mendoza","45","blocked","no","not_publication_ready;non_russian_summary","publication-quality.ts"
"golf-en-tierra-del-fuego","/baza-znaniy/golf-en-tierra-del-fuego","45","blocked","no","not_publication_ready;non_russian_summary","publication-quality.ts"
"gosudarstvennye-prilozheniya","/baza-znaniy/gosudarstvennye-prilozheniya","100","ready","yes","none","publication-quality.ts"
"govoryat-li-v-argentine-po-anglijski","/baza-znaniy/govoryat-li-v-argentine-po-anglijski","100","ready","yes","none","publication-quality.ts"
"grazhdanstvo","/baza-znaniy/grazhdanstvo","100","ready","yes","none","publication-quality.ts"
"gualeguaychu","/baza-znaniy/gualeguaychu","10","blocked","no","not_publication_ready;non_russian_title;non_russian_summary","publication-quality.ts"
"herradura","/baza-znaniy/herradura","10","blocked","no","not_publication_ready;non_russian_title;non_russian_summary","publication-quality.ts"
"hornocal","/baza-znaniy/hornocal","85","review","no","missing_hero","publication-quality.ts"
"humahuaca","/baza-znaniy/humahuaca","10","blocked","no","not_publication_ready;non_russian_title;non_russian_summary","publication-quality.ts"
"ibera","/baza-znaniy/ibera","80","review","no","mixed_script_word","publication-quality.ts"
"ibera-rassvet-i-tihie-portaly","/baza-znaniy/ibera-rassvet-i-tihie-portaly","80","review","no","mixed_script_word","publication-quality.ts"
"iglesia-nuestra-senora-del-rosario-y-san-francisco","/baza-znaniy/iglesia-nuestra-senora-del-rosario-y-san-francisco","10","blocked","no","not_publication_ready;non_russian_title;non_russian_summary","publication-quality.ts"
"iguasu","/baza-znaniy/iguasu","80","review","no","mixed_script_word","publication-quality.ts"
"iguasu-foto-sekrety","/baza-znaniy/iguasu-foto-sekrety","100","ready","yes","none","publication-quality.ts"
"iguasu-ritm-bez-tolp-i-sveta","/baza-znaniy/iguasu-ritm-bez-tolp-i-sveta","100","ready","yes","none","publication-quality.ts"
"inflyatsiya-i-ekonomika","/baza-znaniy/inflyatsiya-i-ekonomika","100","ready","yes","none","publication-quality.ts"
"intendente-alvear","/baza-znaniy/intendente-alvear","10","blocked","no","not_publication_ready;non_russian_title;non_russian_summary","publication-quality.ts"
"interesnye-fakty","/baza-znaniy/interesnye-fakty","100","ready","yes","none","publication-quality.ts"
"iruya","/baza-znaniy/iruya","10","blocked","no","not_publication_ready;non_russian_title;non_russian_summary","publication-quality.ts"
"ischigualasto","/baza-znaniy/ischigualasto","100","ready","yes","none","publication-quality.ts"
"isla-del-cerrito","/baza-znaniy/isla-del-cerrito","10","blocked","no","not_publication_ready;non_russian_title;non_russian_summary","publication-quality.ts"
"isla-medialuna-antartida","/baza-znaniy/isla-medialuna-antartida","10","blocked","no","not_publication_ready;non_russian_title;non_russian_summary","publication-quality.ts"
"ispanskij-dlya-puteshestvennika","/baza-znaniy/ispanskij-dlya-puteshestvennika","50","blocked","no","placeholder_content","publication-quality.ts"
"istoriya-argentiny","/baza-znaniy/istoriya-argentiny","80","review","no","mixed_script_word","publication-quality.ts"
"istoriya-zheleznyh-dorog","/baza-znaniy/istoriya-zheleznyh-dorog","100","ready","yes","none","publication-quality.ts"
"ituzaingo","/baza-znaniy/ituzaingo","10","blocked","no","not_publication_ready;non_russian_title;non_russian_summary","publication-quality.ts"
"iz-esejsy-v-ba","/baza-znaniy/iz-esejsy-v-ba","100","ready","yes","none","publication-quality.ts"
"jaaukanigas","/baza-znaniy/jaaukanigas","10","blocked","no","not_publication_ready;non_russian_title;non_russian_summary","publication-quality.ts"
"jachal","/baza-znaniy/jachal","10","blocked","no","not_publication_ready;non_russian_title;non_russian_summary","publication-quality.ts"
"jaramillo","/baza-znaniy/jaramillo","10","blocked","no","not_publication_ready;non_russian_title;non_russian_summary","publication-quality.ts"
"juan-jose-castelli","/baza-znaniy/juan-jose-castelli","10","blocked","no","not_publication_ready;non_russian_title;non_russian_summary","publication-quality.ts"
"jujuy-en-bicicleta","/baza-znaniy/jujuy-en-bicicleta","10","blocked","no","not_publication_ready;non_russian_title;non_russian_summary","publication-quality.ts"
"junin-de-los-andes","/baza-znaniy/junin-de-los-andes","10","blocked","no","not_publication_ready;non_russian_title;non_russian_summary","publication-quality.ts"
"kachi","/baza-znaniy/kachi","100","ready","yes","none","publication-quality.ts"
"kak-dobratsya-iz-rossii","/baza-znaniy/kak-dobratsya-iz-rossii","100","ready","yes","none","publication-quality.ts"
"kak-kupit-aviabilety-deshevle","/baza-znaniy/kak-kupit-aviabilety-deshevle","80","review","no","thin_content","publication-quality.ts"
"kak-menyat-valyutu","/baza-znaniy/kak-menyat-valyutu","100","ready","yes","none","publication-quality.ts"
"kak-oplatit-tur-i-zhilyo-zaranee","/baza-znaniy/kak-oplatit-tur-i-zhilyo-zaranee","40","blocked","no","missing_sensitive_source","publication-quality.ts"
"kak-perevezti-kota-ili-sobaku","/baza-znaniy/kak-perevezti-kota-ili-sobaku","100","ready","yes","none","publication-quality.ts"
"kak-platit-esli-karta-rf-ne-rabotaet","/baza-znaniy/kak-platit-esli-karta-rf-ne-rabotaet","20","blocked","no","missing_sensitive_source;thin_content","publication-quality.ts"
"kak-poluchit-grazhdanstvo-za-2-goda","/baza-znaniy/kak-poluchit-grazhdanstvo-za-2-goda","20","blocked","no","missing_sensitive_source;thin_content","publication-quality.ts"
"kak-poluchit-prava-v-argentine","/baza-znaniy/kak-poluchit-prava-v-argentine","100","ready","yes","none","publication-quality.ts"
"kak-snyat-kvartiru-bez-garanta","/baza-znaniy/kak-snyat-kvartiru-bez-garanta","100","ready","yes","none","publication-quality.ts"
"kakie-dokumenty-vezti-s-soboj","/baza-znaniy/kakie-dokumenty-vezti-s-soboj","100","ready","yes","none","publication-quality.ts"
"kakie-privivki-nuzhny-dlya-argentiny","/baza-znaniy/kakie-privivki-nuzhny-dlya-argentiny","100","ready","yes","none","publication-quality.ts"
"kakie-rajony-ba-izbegat","/baza-znaniy/kakie-rajony-ba-izbegat","80","review","no","thin_content","publication-quality.ts"
"kakie-rozetki-v-argentine","/baza-znaniy/kakie-rozetki-v-argentine","100","ready","yes","none","publication-quality.ts"
"kakoj-dohod-nuzhen-dlya-rantye","/baza-znaniy/kakoj-dohod-nuzhen-dlya-rantye","20","blocked","no","missing_sensitive_source;thin_content","publication-quality.ts"
"kakoj-mesyats-kuda-ehat","/baza-znaniy/kakoj-mesyats-kuda-ehat","100","ready","yes","none","publication-quality.ts"
"kakoj-otrub-steika-zakazat","/baza-znaniy/kakoj-otrub-steika-zakazat","80","review","no","thin_content","publication-quality.ts"
"kaminito-la-boka","/baza-znaniy/kaminito-la-boka","100","ready","yes","none","publication-quality.ts"
"kanal-bigl-i-poezd-na-kray-sveta","/baza-znaniy/kanal-bigl-i-poezd-na-kray-sveta","100","ready","yes","none","publication-quality.ts"
"kayak-en-bariloche","/baza-znaniy/kayak-en-bariloche","80","review","no","thin_content","publication-quality.ts"
"kayak-en-el-parana","/baza-znaniy/kayak-en-el-parana","10","blocked","no","not_publication_ready;non_russian_title;non_russian_summary","publication-quality.ts"
"kemping-i-palatki","/baza-znaniy/kemping-i-palatki","100","ready","yes","none","publication-quality.ts"
"kladbische-recoleta","/baza-znaniy/kladbische-recoleta","100","ready","yes","none","publication-quality.ts"
"klimat-po-regionam","/baza-znaniy/klimat-po-regionam","100","ready","yes","none","publication-quality.ts"
"kogda-luchshe-ehat-v-argentinu","/baza-znaniy/kogda-luchshe-ehat-v-argentinu","80","review","no","thin_content","publication-quality.ts"
"kogda-smotret-kitov-v-argentine","/baza-znaniy/kogda-smotret-kitov-v-argentine","100","ready","yes","none","publication-quality.ts"
"kogda-uchebnyj-god-v-argentine","/baza-znaniy/kogda-uchebnyj-god-v-argentine","100","ready","yes","none","publication-quality.ts"
"kordova","/baza-znaniy/kordova","100","ready","yes","none","publication-quality.ts"
"korrientes","/baza-znaniy/korrientes","100","ready","yes","none","publication-quality.ts"
"kovorkingi-i-rabota-nomada","/baza-znaniy/kovorkingi-i-rabota-nomada","100","ready","yes","none","publication-quality.ts"
"kuhnya","/baza-znaniy/kuhnya","80","review","no","mixed_script_word","publication-quality.ts"
"la-aripuca","/baza-znaniy/la-aripuca","50","blocked","no","not_publication_ready;thin_content","publication-quality.ts"
"la-cumbrecita","/baza-znaniy/la-cumbrecita","100","ready","yes","none","publication-quality.ts"
"la-mitica-ruta-40","/baza-znaniy/la-mitica-ruta-40","50","blocked","no","not_publication_ready;thin_content","publication-quality.ts"
"la-plata","/baza-znaniy/la-plata","100","ready","yes","none","publication-quality.ts"
"la-rioja","/baza-znaniy/la-rioja","100","ready","yes","none","publication-quality.ts"
"la-rioja-off-road","/baza-znaniy/la-rioja-off-road","50","blocked","no","not_publication_ready;thin_content","publication-quality.ts"
"la-ruta-del-chocolate","/baza-znaniy/la-ruta-del-chocolate","50","blocked","no","not_publication_ready;thin_content","publication-quality.ts"
"la-ruta-del-pehuen","/baza-znaniy/la-ruta-del-pehuen","50","blocked","no","not_publication_ready;thin_content","publication-quality.ts"
"laberinto-patagonia","/baza-znaniy/laberinto-patagonia","80","review","no","thin_content","publication-quality.ts"
"lago-del-desierto","/baza-znaniy/lago-del-desierto","50","blocked","no","not_publication_ready;thin_content","publication-quality.ts"
"lago-mascardi","/baza-znaniy/lago-mascardi","30","blocked","no","not_publication_ready;mixed_script_word;thin_content","publication-quality.ts"
"lago-posadas","/baza-znaniy/lago-posadas","50","blocked","no","not_publication_ready;thin_content","publication-quality.ts"
"lagos-de-tierra-del-fuego","/baza-znaniy/lagos-de-tierra-del-fuego","80","review","no","thin_content","publication-quality.ts"
"laguna-de-mar-chiquita","/baza-znaniy/laguna-de-mar-chiquita","50","blocked","no","not_publication_ready;thin_content","publication-quality.ts"
"laguna-esmeralda","/baza-znaniy/laguna-esmeralda","50","blocked","no","not_publication_ready;thin_content","publication-quality.ts"
"laguna-melincue","/baza-znaniy/laguna-melincue","50","blocked","no","not_publication_ready;thin_content","publication-quality.ts"
"lanin","/baza-znaniy/lanin","100","ready","yes","none","publication-quality.ts"
"lanin-sever-araukarii-i-termy","/baza-znaniy/lanin-sever-araukarii-i-termy","100","ready","yes","none","publication-quality.ts"
"las-lenas","/baza-znaniy/las-lenas","85","review","no","missing_hero","publication-quality.ts"
"legado-jesuita-en-cordoba","/baza-znaniy/legado-jesuita-en-cordoba","10","blocked","no","not_publication_ready;non_russian_title;non_russian_summary","publication-quality.ts"
"lgbt-travel","/baza-znaniy/lgbt-travel","100","ready","yes","none","publication-quality.ts"
"lihue-calel","/baza-znaniy/lihue-calel","100","ready","yes","none","publication-quality.ts"
"litoral","/baza-znaniy/litoral","100","ready","yes","none","publication-quality.ts"
"los-alerces","/baza-znaniy/los-alerces","100","ready","yes","none","publication-quality.ts"
"los-antiguos","/baza-znaniy/los-antiguos","35","blocked","no","not_publication_ready;non_russian_title","publication-quality.ts"
"los-cardones","/baza-znaniy/los-cardones","100","ready","yes","none","publication-quality.ts"
"los-gigantes","/baza-znaniy/los-gigantes","50","blocked","no","not_publication_ready;thin_content","publication-quality.ts"
"los-glasiares","/baza-znaniy/los-glasiares","100","ready","yes","none","publication-quality.ts"
"los-glasiares-ritm-dvuh-baz","/baza-znaniy/los-glasiares-ritm-dvuh-baz","100","ready","yes","none","publication-quality.ts"
"los-valles-calchaquies","/baza-znaniy/los-valles-calchaquies","50","blocked","no","not_publication_ready;thin_content","publication-quality.ts"
"lujan","/baza-znaniy/lujan","85","review","no","missing_hero","publication-quality.ts"
"lyubimoe-asado-mesto","/baza-znaniy/lyubimoe-asado-mesto","100","ready","no","none","publication-quality.ts"
"lyubimoe-mesto-ne-iz-putevoditelej","/baza-znaniy/lyubimoe-mesto-ne-iz-putevoditelej","100","ready","yes","none","publication-quality.ts"
"maimara","/baza-znaniy/maimara","10","blocked","no","not_publication_ready;non_russian_title;non_russian_summary","publication-quality.ts"
"malargue","/baza-znaniy/malargue","10","blocked","no","not_publication_ready;non_russian_title;non_russian_summary","publication-quality.ts"
"mar-de-las-pampas","/baza-znaniy/mar-de-las-pampas","65","review","no","thin_content;missing_hero","publication-quality.ts"
"mar-del-plata","/baza-znaniy/mar-del-plata","100","ready","yes","none","publication-quality.ts"
"marshrut-vyhodnogo-dnya-ivana","/baza-znaniy/marshrut-vyhodnogo-dnya-ivana","100","ready","no","none","publication-quality.ts"
"mate","/baza-znaniy/mate","80","review","no","mixed_script_word","publication-quality.ts"
"mate-en-la-laguna-capri","/baza-znaniy/mate-en-la-laguna-capri","10","blocked","no","not_publication_ready;non_russian_title;non_russian_summary","publication-quality.ts"
"mate-etiket-spasibo-lovushka","/baza-znaniy/mate-etiket-spasibo-lovushka","100","ready","yes","none","publication-quality.ts"
"medicina-i-strahovka","/baza-znaniy/medicina-i-strahovka","100","ready","yes","none","publication-quality.ts"
"mendoza","/baza-znaniy/mendoza","100","ready","yes","none","publication-quality.ts"
"mendoza-best-of-wine-tourism","/baza-znaniy/mendoza-best-of-wine-tourism","45","blocked","no","not_publication_ready;non_russian_summary","publication-quality.ts"
"mendoza-odna-zona-v-den","/baza-znaniy/mendoza-odna-zona-v-den","100","ready","yes","none","publication-quality.ts"
"mentalitet-i-etiket","/baza-znaniy/mentalitet-i-etiket","100","ready","yes","none","publication-quality.ts"
"mercedes-corrientes","/baza-znaniy/mercedes-corrientes","65","review","no","mixed_script_word;missing_hero","publication-quality.ts"
"merlo","/baza-znaniy/merlo","85","review","no","missing_hero","publication-quality.ts"
"mezhgorodnie-avtobusy","/baza-znaniy/mezhgorodnie-avtobusy","100","ready","yes","none","publication-quality.ts"
"mify-ob-argentine","/baza-znaniy/mify-ob-argentine","100","ready","yes","none","publication-quality.ts"
"minitrekking-sobre-el-glaciar-perito-moreno","/baza-znaniy/minitrekking-sobre-el-glaciar-perito-moreno","45","blocked","no","not_publication_ready;non_russian_summary","publication-quality.ts"
"miraflores","/baza-znaniy/miraflores","10","blocked","no","not_publication_ready;non_russian_title;non_russian_summary","publication-quality.ts"
"molino-forclaz","/baza-znaniy/molino-forclaz","10","blocked","no","not_publication_ready;non_russian_title;non_russian_summary","publication-quality.ts"
"montanismo-en-jujuy","/baza-znaniy/montanismo-en-jujuy","10","blocked","no","not_publication_ready;non_russian_title;non_russian_summary","publication-quality.ts"
"monte-olivia-y-glaciar-de-agostini","/baza-znaniy/monte-olivia-y-glaciar-de-agostini","10","blocked","no","not_publication_ready;non_russian_title;non_russian_summary","publication-quality.ts"
"monumento-natural-laguna-de-los-pozuelos","/baza-znaniy/monumento-natural-laguna-de-los-pozuelos","50","blocked","no","not_publication_ready;thin_content","publication-quality.ts"
"motochorros-telefon-na-ulitse","/baza-znaniy/motochorros-telefon-na-ulitse","100","ready","yes","none","publication-quality.ts"
"mountain-bike-en-piedra-del-aguila","/baza-znaniy/mountain-bike-en-piedra-del-aguila","10","blocked","no","not_publication_ready;non_russian_title;non_russian_summary","publication-quality.ts"
"mozhno-li-delat-vizaran","/baza-znaniy/mozhno-li-delat-vizaran","100","ready","yes","none","publication-quality.ts"
"mozhno-li-doehat-do-ushuaji-na-mashine","/baza-znaniy/mozhno-li-doehat-do-ushuaji-na-mashine","100","ready","yes","none","publication-quality.ts"
"mozhno-li-ezdit-po-inostrannym-pravam","/baza-znaniy/mozhno-li-ezdit-po-inostrannym-pravam","100","ready","yes","none","publication-quality.ts"
"mozhno-li-otkryt-schet-nerezidentu","/baza-znaniy/mozhno-li-otkryt-schet-nerezidentu","20","blocked","no","missing_sensitive_source;thin_content","publication-quality.ts"
"mozhno-li-pit-vodu-iz-krana","/baza-znaniy/mozhno-li-pit-vodu-iz-krana","100","ready","yes","none","publication-quality.ts"
"mozhno-li-rabotat-na-mestnuyu-kompaniyu","/baza-znaniy/mozhno-li-rabotat-na-mestnuyu-kompaniyu","100","ready","yes","none","publication-quality.ts"
"mozhno-li-snimat-dronom","/baza-znaniy/mozhno-li-snimat-dronom","100","ready","yes","none","publication-quality.ts"
"mozhno-li-uchitsya-v-universitete-besplatno","/baza-znaniy/mozhno-li-uchitsya-v-universitete-besplatno","100","ready","yes","none","publication-quality.ts"
"mozhno-li-uvidet-lednik-bez-trekkinga","/baza-znaniy/mozhno-li-uvidet-lednik-bez-trekkinga","80","review","no","thin_content","publication-quality.ts"
"mozhno-li-vodit-po-rossijskim-pravam","/baza-znaniy/mozhno-li-vodit-po-rossijskim-pravam","100","ready","yes","none","publication-quality.ts"
"museo-arqueologico-los-menhires","/baza-znaniy/museo-arqueologico-los-menhires","10","blocked","no","not_publication_ready;non_russian_title;non_russian_summary","publication-quality.ts"
"museo-de-arqueologia-de-alta-montana","/baza-znaniy/museo-de-arqueologia-de-alta-montana","10","blocked","no","not_publication_ready;non_russian_title;non_russian_summary","publication-quality.ts"
"museos-de-buenos-aires","/baza-znaniy/museos-de-buenos-aires","40","blocked","no","machine_translation_marker","publication-quality.ts"
"museos-de-salta","/baza-znaniy/museos-de-salta","10","blocked","no","not_publication_ready;non_russian_title;non_russian_summary","publication-quality.ts"
"nablyudenie-pro-dengi-i-banki","/baza-znaniy/nablyudenie-pro-dengi-i-banki","40","blocked","no","missing_sensitive_source","publication-quality.ts"
"nalogi-i-monotributo","/baza-znaniy/nalogi-i-monotributo","100","ready","yes","none","publication-quality.ts"
"narodnye-svyatye","/baza-znaniy/narodnye-svyatye","100","ready","yes","none","publication-quality.ts"
"nauel-uapi","/baza-znaniy/nauel-uapi","100","ready","yes","none","publication-quality.ts"
"nauka-i-tehnologii","/baza-znaniy/nauka-i-tehnologii","100","ready","yes","none","publication-quality.ts"
"navegacion-en-los-rios-limay-y-neuquen","/baza-znaniy/navegacion-en-los-rios-limay-y-neuquen","80","review","no","thin_content","publication-quality.ts"
"navegacion-en-tierra-del-fuego","/baza-znaniy/navegacion-en-tierra-del-fuego","45","blocked","no","not_publication_ready;non_russian_summary","publication-quality.ts"
"navegacion-entre-glaciares","/baza-znaniy/navegacion-entre-glaciares","10","blocked","no","not_publication_ready;non_russian_title;non_russian_summary","publication-quality.ts"
"navegacion-por-el-lago-argentino","/baza-znaniy/navegacion-por-el-lago-argentino","80","review","no","thin_content","publication-quality.ts"
"necochea","/baza-znaniy/necochea","85","review","no","missing_hero","publication-quality.ts"
"neuken","/baza-znaniy/neuken","100","ready","yes","none","publication-quality.ts"
"nevado-de-chani","/baza-znaniy/nevado-de-chani","10","blocked","no","not_publication_ready;non_russian_title;non_russian_summary","publication-quality.ts"
"newells-old-boys","/baza-znaniy/newells-old-boys","80","review","no","thin_content","publication-quality.ts"
"noa","/baza-znaniy/noa","100","ready","yes","none","publication-quality.ts"
"noa-kolco","/baza-znaniy/noa-kolco","100","ready","yes","none","publication-quality.ts"
"nueva-cordoba","/baza-znaniy/nueva-cordoba","10","blocked","no","not_publication_ready;non_russian_title;non_russian_summary","publication-quality.ts"
"nuzhen-li-4x4-ruta-40","/baza-znaniy/nuzhen-li-4x4-ruta-40","80","review","no","thin_content","publication-quality.ts"
"nuzhen-li-permit-na-akonkagua","/baza-znaniy/nuzhen-li-permit-na-akonkagua","100","ready","yes","none","publication-quality.ts"
"nuzhna-li-strahovka-dlya-vezda","/baza-znaniy/nuzhna-li-strahovka-dlya-vezda","20","blocked","no","missing_sensitive_source;thin_content","publication-quality.ts"
"nuzhna-li-viza-cifrovomu-kochevniku","/baza-znaniy/nuzhna-li-viza-cifrovomu-kochevniku","20","blocked","no","missing_sensitive_source;thin_content","publication-quality.ts"
"nuzhno-li-ostavlyat-chaevye","/baza-znaniy/nuzhno-li-ostavlyat-chaevye","100","ready","yes","none","publication-quality.ts"
"nuzhno-li-otkazyvatsya-ot-grazhdanstva","/baza-znaniy/nuzhno-li-otkazyvatsya-ot-grazhdanstva","20","blocked","no","missing_sensitive_source;thin_content","publication-quality.ts"
"obera","/baza-znaniy/obera","10","blocked","no","not_publication_ready;non_russian_title;non_russian_summary","publication-quality.ts"
"obzornaya-loma-pliege-tumbado","/baza-znaniy/obzornaya-loma-pliege-tumbado","100","ready","yes","none","publication-quality.ts"
"ognennaya-zemlya","/baza-znaniy/ognennaya-zemlya","100","ready","yes","none","publication-quality.ts"
"ognennaya-zemlya-serro-guanako","/baza-znaniy/ognennaya-zemlya-serro-guanako","100","ready","yes","none","publication-quality.ts"
"oshibka-s-dokumentami","/baza-znaniy/oshibka-s-dokumentami","40","blocked","no","missing_sensitive_source","publication-quality.ts"
"oshibka-s-zhilyom","/baza-znaniy/oshibka-s-zhilyom","40","blocked","no","missing_sensitive_source","publication-quality.ts"
"otkrytie-biznesa","/baza-znaniy/otkrytie-biznesa","100","ready","yes","none","publication-quality.ts"
"pampa","/baza-znaniy/pampa","100","ready","yes","none","publication-quality.ts"
"parana","/baza-znaniy/parana","100","ready","yes","none","publication-quality.ts"
"parapente-en-cerro-san-javier","/baza-znaniy/parapente-en-cerro-san-javier","10","blocked","no","not_publication_ready;non_russian_title;non_russian_summary","publication-quality.ts"
"parque-aereo-de-san-jose","/baza-znaniy/parque-aereo-de-san-jose","10","blocked","no","not_publication_ready;non_russian_title;non_russian_summary","publication-quality.ts"
"parque-general-san-martin","/baza-znaniy/parque-general-san-martin","10","blocked","no","not_publication_ready;non_russian_title;non_russian_summary","publication-quality.ts"
"parque-marino-costero-patagonia-austral","/baza-znaniy/parque-marino-costero-patagonia-austral","45","blocked","no","not_publication_ready;non_russian_summary","publication-quality.ts"
"parque-marino-isla-pinguino","/baza-znaniy/parque-marino-isla-pinguino","10","blocked","no","not_publication_ready;non_russian_title;non_russian_summary","publication-quality.ts"
"parque-marino-makenke","/baza-znaniy/parque-marino-makenke","10","blocked","no","not_publication_ready;non_russian_title;non_russian_summary","publication-quality.ts"
"parque-nacional-aconquija","/baza-znaniy/parque-nacional-aconquija","70","review","no","not_publication_ready","publication-quality.ts"
"parque-nacional-baritu","/baza-znaniy/parque-nacional-baritu","50","blocked","no","not_publication_ready;mixed_script_word","publication-quality.ts"
"parque-nacional-bosques-petrificados","/baza-znaniy/parque-nacional-bosques-petrificados","100","ready","yes","none","publication-quality.ts"
"parque-nacional-calilegua","/baza-znaniy/parque-nacional-calilegua","70","review","no","not_publication_ready","publication-quality.ts"
"parque-nacional-campos-del-tuyu","/baza-znaniy/parque-nacional-campos-del-tuyu","70","review","no","not_publication_ready","publication-quality.ts"
"parque-nacional-chaco","/baza-znaniy/parque-nacional-chaco","100","ready","yes","none","publication-quality.ts"
"parque-nacional-ciervo-de-los-pantanos","/baza-znaniy/parque-nacional-ciervo-de-los-pantanos","70","review","no","not_publication_ready","publication-quality.ts"
"parque-nacional-copo","/baza-znaniy/parque-nacional-copo","70","review","no","not_publication_ready","publication-quality.ts"
"parque-nacional-el-leoncito","/baza-znaniy/parque-nacional-el-leoncito","100","ready","yes","none","publication-quality.ts"
"parque-nacional-el-palmar","/baza-znaniy/parque-nacional-el-palmar","100","ready","yes","none","publication-quality.ts"
"parque-nacional-el-rey","/baza-znaniy/parque-nacional-el-rey","70","review","no","not_publication_ready","publication-quality.ts"
"parque-nacional-iguazu-patrimonio-de-la-humanidad","/baza-znaniy/parque-nacional-iguazu-patrimonio-de-la-humanidad","45","blocked","no","not_publication_ready;non_russian_summary","publication-quality.ts"
"parque-nacional-islas-de-santa-fe","/baza-znaniy/parque-nacional-islas-de-santa-fe","100","ready","yes","none","publication-quality.ts"
"parque-nacional-lago-puelo","/baza-znaniy/parque-nacional-lago-puelo","70","review","no","not_publication_ready","publication-quality.ts"
"parque-nacional-laguna-blanca","/baza-znaniy/parque-nacional-laguna-blanca","100","ready","yes","none","publication-quality.ts"
"parque-nacional-los-alerces-patrimonio-de-la-humanidad","/baza-znaniy/parque-nacional-los-alerces-patrimonio-de-la-humanidad","100","ready","yes","none","publication-quality.ts"
"parque-nacional-los-arrayanes","/baza-znaniy/parque-nacional-los-arrayanes","70","review","no","not_publication_ready","publication-quality.ts"
"parque-nacional-los-cardones","/baza-znaniy/parque-nacional-los-cardones","70","review","no","not_publication_ready","publication-quality.ts"
"parque-nacional-los-glaciares-patrimonio-de-la-humanidad","/baza-znaniy/parque-nacional-los-glaciares-patrimonio-de-la-humanidad","45","blocked","no","not_publication_ready;non_russian_summary","publication-quality.ts"
"parque-nacional-monte-leon","/baza-znaniy/parque-nacional-monte-leon","100","ready","yes","none","publication-quality.ts"
"parque-nacional-perito-moreno","/baza-znaniy/parque-nacional-perito-moreno","70","review","no","not_publication_ready","publication-quality.ts"
"parque-nacional-pre-delta","/baza-znaniy/parque-nacional-pre-delta","70","review","no","not_publication_ready","publication-quality.ts"
"parque-nacional-rio-pilcomayo","/baza-znaniy/parque-nacional-rio-pilcomayo","100","ready","yes","none","publication-quality.ts"
"parque-nacional-san-guillermo","/baza-znaniy/parque-nacional-san-guillermo","100","ready","yes","none","publication-quality.ts"
"parque-nacional-tierra-del-fuego","/baza-znaniy/parque-nacional-tierra-del-fuego","100","ready","yes","none","publication-quality.ts"
"parque-natural-valle-fertil","/baza-znaniy/parque-natural-valle-fertil","10","blocked","no","not_publication_ready;non_russian_title;non_russian_summary","publication-quality.ts"
"parque-provincial-cordon-del-plata","/baza-znaniy/parque-provincial-cordon-del-plata","80","review","no","thin_content","publication-quality.ts"
"parque-provincial-ischigualasto","/baza-znaniy/parque-provincial-ischigualasto","100","ready","yes","none","publication-quality.ts"
"parques-de-parana","/baza-znaniy/parques-de-parana","10","blocked","no","not_publication_ready;non_russian_title;non_russian_summary","publication-quality.ts"
"parques-naturales-ischigualasto-y-talampaya-patrimonios-de-la-humanidad","/baza-znaniy/parques-naturales-ischigualasto-y-talampaya-patrimonios-de-la-humanidad","10","blocked","no","not_publication_ready;non_russian_title;non_russian_summary","publication-quality.ts"
"paseos-acuaticos-en-herradura","/baza-znaniy/paseos-acuaticos-en-herradura","10","blocked","no","not_publication_ready;non_russian_title;non_russian_summary","publication-quality.ts"
"paseos-aereos-en-ushuaia","/baza-znaniy/paseos-aereos-en-ushuaia","45","blocked","no","not_publication_ready;non_russian_summary","publication-quality.ts"
"paso-de-la-patria","/baza-znaniy/paso-de-la-patria","10","blocked","no","not_publication_ready;non_russian_title;non_russian_summary","publication-quality.ts"
"pasos-del-papa-francisco","/baza-znaniy/pasos-del-papa-francisco","10","blocked","no","not_publication_ready;non_russian_title;non_russian_summary","publication-quality.ts"
"patagonia","/baza-znaniy/patagonia","100","ready","yes","none","publication-quality.ts"
"patagonia-de-los-lagos","/baza-znaniy/patagonia-de-los-lagos","45","blocked","no","not_publication_ready;non_russian_summary","publication-quality.ts"
"patagonia-park","/baza-znaniy/patagonia-park","100","ready","yes","none","publication-quality.ts"
"patagonia-yug","/baza-znaniy/patagonia-yug","100","ready","yes","none","publication-quality.ts"
"patinaje-en-bahia-redonda","/baza-znaniy/patinaje-en-bahia-redonda","10","blocked","no","not_publication_ready;non_russian_title;non_russian_summary","publication-quality.ts"
"penas-folkloricas-en-salta","/baza-znaniy/penas-folkloricas-en-salta","10","blocked","no","not_publication_ready;non_russian_title;non_russian_summary","publication-quality.ts"
"peninsula-valdes","/baza-znaniy/peninsula-valdes","100","ready","yes","none","publication-quality.ts"
"peninsula-valdes-sitio-patrimonio-mundial-de-la-unesco","/baza-znaniy/peninsula-valdes-sitio-patrimonio-mundial-de-la-unesco","10","blocked","no","not_publication_ready;non_russian_title;non_russian_summary","publication-quality.ts"
"pereezd-s-minimalnym-byudzhetom","/baza-znaniy/pereezd-s-minimalnym-byudzhetom","100","ready","yes","none","publication-quality.ts"
"perevoz-veshchey-i-pitomtsev","/baza-znaniy/perevoz-veshchey-i-pitomtsev","100","ready","yes","none","publication-quality.ts"
"perito-moreno","/baza-znaniy/perito-moreno","100","ready","yes","none","publication-quality.ts"
"pervyj-mesyac-plan","/baza-znaniy/pervyj-mesyac-plan","100","ready","yes","none","publication-quality.ts"
"pervyj-mesyac-v-argentine","/baza-znaniy/pervyj-mesyac-v-argentine","100","ready","yes","none","publication-quality.ts"
"pesca-con-devolucion-en-entre-rios","/baza-znaniy/pesca-con-devolucion-en-entre-rios","10","blocked","no","not_publication_ready;non_russian_title;non_russian_summary","publication-quality.ts"
"pesca-con-devolucion-en-formosa","/baza-znaniy/pesca-con-devolucion-en-formosa","10","blocked","no","not_publication_ready;non_russian_title;non_russian_summary","publication-quality.ts"
"pesca-deportiva-en-entre-rios","/baza-znaniy/pesca-deportiva-en-entre-rios","10","blocked","no","not_publication_ready;non_russian_title;non_russian_summary","publication-quality.ts"
"pesca-deportiva-en-isla-del-cerrito","/baza-znaniy/pesca-deportiva-en-isla-del-cerrito","10","blocked","no","not_publication_ready;non_russian_title;non_russian_summary","publication-quality.ts"
"pesca-en-el-dique-cabra-corral","/baza-znaniy/pesca-en-el-dique-cabra-corral","10","blocked","no","not_publication_ready;non_russian_title;non_russian_summary","publication-quality.ts"
"pesca-en-neuquen","/baza-znaniy/pesca-en-neuquen","10","blocked","no","not_publication_ready;non_russian_title;non_russian_summary","publication-quality.ts"
"pesca-en-tierra-del-fuego","/baza-znaniy/pesca-en-tierra-del-fuego","45","blocked","no","not_publication_ready;non_russian_summary","publication-quality.ts"
"pico-truncado","/baza-znaniy/pico-truncado","10","blocked","no","not_publication_ready;non_russian_title;non_russian_summary","publication-quality.ts"
"piedra-parada","/baza-znaniy/piedra-parada","10","blocked","no","not_publication_ready;non_russian_title;non_russian_summary","publication-quality.ts"
"pinamar","/baza-znaniy/pinamar","100","ready","yes","none","publication-quality.ts"
"pinguinos-en-punta-tombo","/baza-znaniy/pinguinos-en-punta-tombo","10","blocked","no","not_publication_ready;non_russian_title;non_russian_summary","publication-quality.ts"
"plan-podgotovki-6-mesyacev","/baza-znaniy/plan-podgotovki-6-mesyacev","100","ready","yes","none","publication-quality.ts"
"playas-de-la-patagonia","/baza-znaniy/playas-de-la-patagonia","45","blocked","no","not_publication_ready;non_russian_summary","publication-quality.ts"
"pochemu-net-pryamyh-reisov","/baza-znaniy/pochemu-net-pryamyh-reisov","100","ready","yes","none","publication-quality.ts"
"podgotovka-k-poezdke","/baza-znaniy/podgotovka-k-poezdke","100","ready","yes","none","publication-quality.ts"
"poezda","/baza-znaniy/poezda","100","ready","yes","none","publication-quality.ts"
"pokupka-avtomobilya","/baza-znaniy/pokupka-avtomobilya","100","ready","yes","none","publication-quality.ts"
"pokupka-nedvizhimosti","/baza-znaniy/pokupka-nedvizhimosti","100","ready","yes","none","publication-quality.ts"
"pokupki-i-tax-free","/baza-znaniy/pokupki-i-tax-free","100","ready","yes","none","publication-quality.ts"
"poleznye-prilozheniya","/baza-znaniy/poleznye-prilozheniya","100","ready","yes","none","publication-quality.ts"
"posadas","/baza-znaniy/posadas","10","blocked","no","not_publication_ready;non_russian_title;non_russian_summary","publication-quality.ts"
"posle-dtp","/baza-znaniy/posle-dtp","100","ready","yes","none","publication-quality.ts"
"prava-passazhira-otmena-reisa","/baza-znaniy/prava-passazhira-otmena-reisa","100","ready","yes","none","publication-quality.ts"
"prazdniki-i-traditsii","/baza-znaniy/prazdniki-i-traditsii","100","ready","yes","none","publication-quality.ts"
"priznanie-diploma","/baza-znaniy/priznanie-diploma","100","ready","yes","none","publication-quality.ts"
"provoz-lekarstv","/baza-znaniy/provoz-lekarstv","100","ready","yes","none","publication-quality.ts"
"pueblos-de-la-provincia-de-buenos-aires","/baza-znaniy/pueblos-de-la-provincia-de-buenos-aires","50","blocked","no","not_publication_ready;thin_content","publication-quality.ts"
"pueblos-galeses-y-comunidades-originarias","/baza-znaniy/pueblos-galeses-y-comunidades-originarias","80","review","no","thin_content","publication-quality.ts"
"pueblos-pintorescos-de-cordoba","/baza-znaniy/pueblos-pintorescos-de-cordoba","50","blocked","no","not_publication_ready;thin_content","publication-quality.ts"
"pueblos-rurales-en-santa-fe","/baza-znaniy/pueblos-rurales-en-santa-fe","50","blocked","no","not_publication_ready;thin_content","publication-quality.ts"
"puente-del-inca","/baza-znaniy/puente-del-inca","10","blocked","no","not_publication_ready;non_russian_title;non_russian_summary","publication-quality.ts"
"puente-rosario-victoria","/baza-znaniy/puente-rosario-victoria","80","review","no","thin_content","publication-quality.ts"
"puerto-almanza","/baza-znaniy/puerto-almanza","50","blocked","no","not_publication_ready;thin_content","publication-quality.ts"
"puerto-deseado","/baza-znaniy/puerto-deseado","10","blocked","no","not_publication_ready;non_russian_title;non_russian_summary","publication-quality.ts"
"puerto-iguazu","/baza-znaniy/puerto-iguazu","45","blocked","no","not_publication_ready;non_russian_summary","publication-quality.ts"
"puerto-madryn","/baza-znaniy/puerto-madryn","100","ready","yes","none","publication-quality.ts"
"puerto-san-julian","/baza-znaniy/puerto-san-julian","50","blocked","no","not_publication_ready;thin_content","publication-quality.ts"
"punta-tombo","/baza-znaniy/punta-tombo","100","ready","yes","none","publication-quality.ts"
"purmamarca","/baza-znaniy/purmamarca","10","blocked","no","not_publication_ready;non_russian_title;non_russian_summary","publication-quality.ts"
"purmamarka","/baza-znaniy/purmamarka","100","ready","yes","none","publication-quality.ts"
"qhapaq-nan-el-shincal","/baza-znaniy/qhapaq-nan-el-shincal","10","blocked","no","not_publication_ready;non_russian_title;non_russian_summary","publication-quality.ts"
"quebrada-de-humahuaca","/baza-znaniy/quebrada-de-humahuaca","100","ready","yes","none","publication-quality.ts"
"quebrada-de-las-flechas","/baza-znaniy/quebrada-de-las-flechas","50","blocked","no","not_publication_ready;thin_content","publication-quality.ts"
"quitilipi","/baza-znaniy/quitilipi","10","blocked","no","not_publication_ready;non_russian_title;non_russian_summary","publication-quality.ts"
"rabochaya-viza","/baza-znaniy/rabochaya-viza","100","ready","yes","none","publication-quality.ts"
"rabota-i-poisk-raboty","/baza-znaniy/rabota-i-poisk-raboty","100","ready","yes","none","publication-quality.ts"
"rafaela","/baza-znaniy/rafaela","10","blocked","no","not_publication_ready;non_russian_title;non_russian_summary","publication-quality.ts"
"rafting-en-el-rio-chimehuin","/baza-znaniy/rafting-en-el-rio-chimehuin","10","blocked","no","not_publication_ready;non_russian_title;non_russian_summary","publication-quality.ts"
"rafting-en-el-rio-corcovado","/baza-znaniy/rafting-en-el-rio-corcovado","10","blocked","no","not_publication_ready;non_russian_title;non_russian_summary","publication-quality.ts"
"rafting-en-el-rio-hua-hum","/baza-znaniy/rafting-en-el-rio-hua-hum","80","review","no","thin_content","publication-quality.ts"
"rafting-en-el-rio-manso","/baza-znaniy/rafting-en-el-rio-manso","10","blocked","no","not_publication_ready;non_russian_title;non_russian_summary","publication-quality.ts"
"rafting-en-el-rio-mendoza","/baza-znaniy/rafting-en-el-rio-mendoza","80","review","no","thin_content","publication-quality.ts"
"raskhozhdeniya-dni-cuit-cuil","/baza-znaniy/raskhozhdeniya-dni-cuit-cuil","100","ready","yes","none","publication-quality.ts"
"razvlecheniya-i-nochnaya-zhizn","/baza-znaniy/razvlecheniya-i-nochnaya-zhizn","100","ready","yes","none","publication-quality.ts"
"reconquista","/baza-znaniy/reconquista","80","review","no","thin_content","publication-quality.ts"
"red-de-refugios-de-montana","/baza-znaniy/red-de-refugios-de-montana","10","blocked","no","not_publication_ready;non_russian_title;non_russian_summary","publication-quality.ts"
"renca-san-luis","/baza-znaniy/renca-san-luis","10","blocked","no","not_publication_ready;non_russian_title;non_russian_summary","publication-quality.ts"
"reserva-costa-atlantica-tierra-del-fuego","/baza-znaniy/reserva-costa-atlantica-tierra-del-fuego","50","blocked","no","not_publication_ready;thin_content","publication-quality.ts"
"reserva-de-biosfera-laguna-blanca","/baza-znaniy/reserva-de-biosfera-laguna-blanca","50","blocked","no","not_publication_ready;thin_content","publication-quality.ts"
"reserva-de-biosfera-laguna-oca","/baza-znaniy/reserva-de-biosfera-laguna-oca","50","blocked","no","not_publication_ready;thin_content","publication-quality.ts"
"reserva-de-biosfera-yaboti","/baza-znaniy/reserva-de-biosfera-yaboti","30","blocked","no","not_publication_ready;mixed_script_word;thin_content","publication-quality.ts"
"reserva-natural-colonia-benitez","/baza-znaniy/reserva-natural-colonia-benitez","50","blocked","no","not_publication_ready;thin_content","publication-quality.ts"
"reserva-natural-el-nogalar-de-los-toldos","/baza-znaniy/reserva-natural-el-nogalar-de-los-toldos","50","blocked","no","not_publication_ready;thin_content","publication-quality.ts"
"reserva-natural-estricta-san-antonio","/baza-znaniy/reserva-natural-estricta-san-antonio","50","blocked","no","not_publication_ready;thin_content","publication-quality.ts"
"reserva-natural-ibera","/baza-znaniy/reserva-natural-ibera","30","blocked","no","not_publication_ready;mixed_script_word;thin_content","publication-quality.ts"
"reserva-natural-laguna-brava","/baza-znaniy/reserva-natural-laguna-brava","50","blocked","no","not_publication_ready;thin_content","publication-quality.ts"
"reserva-natural-pichi-mahuida","/baza-znaniy/reserva-natural-pichi-mahuida","50","blocked","no","not_publication_ready;thin_content","publication-quality.ts"
"reserva-natural-quebrada-de-los-condores","/baza-znaniy/reserva-natural-quebrada-de-los-condores","50","blocked","no","not_publication_ready;thin_content","publication-quality.ts"
"reserva-natural-silvestre-isla-de-los-estados","/baza-znaniy/reserva-natural-silvestre-isla-de-los-estados","50","blocked","no","not_publication_ready;thin_content","publication-quality.ts"
"reserva-provincial-parque-luro","/baza-znaniy/reserva-provincial-parque-luro","50","blocked","no","not_publication_ready;thin_content","publication-quality.ts"
"resistencia","/baza-znaniy/resistencia","100","ready","yes","none","publication-quality.ts"
"restorany-i-kak-est","/baza-znaniy/restorany-i-kak-est","100","ready","yes","none","publication-quality.ts"
"ria-de-bahia-blanca","/baza-znaniy/ria-de-bahia-blanca","10","blocked","no","not_publication_ready;non_russian_title;non_russian_summary","publication-quality.ts"
"rio-gallegos","/baza-znaniy/rio-gallegos","50","blocked","no","not_publication_ready;thin_content","publication-quality.ts"
"rio-grande","/baza-znaniy/rio-grande","50","blocked","no","not_publication_ready;thin_content","publication-quality.ts"
"rio-parana","/baza-znaniy/rio-parana","50","blocked","no","not_publication_ready;thin_content","publication-quality.ts"
"rody-i-beremennost","/baza-znaniy/rody-i-beremennost","100","ready","yes","none","publication-quality.ts"
"rody-v-argentine","/baza-znaniy/rody-v-argentine","100","ready","yes","none","publication-quality.ts"
"roque-saenz-pena","/baza-znaniy/roque-saenz-pena","10","blocked","no","not_publication_ready;non_russian_title;non_russian_summary","publication-quality.ts"
"rosario","/baza-znaniy/rosario","100","ready","yes","none","publication-quality.ts"
"rossiya-vs-argentina","/baza-znaniy/rossiya-vs-argentina","100","ready","yes","none","publication-quality.ts"
"ruinas-de-quilmes","/baza-znaniy/ruinas-de-quilmes","65","review","no","thin_content;missing_hero","publication-quality.ts"
"ruta-40-en-chubut","/baza-znaniy/ruta-40-en-chubut","80","review","no","thin_content","publication-quality.ts"
"ruta-40-en-santa-cruz","/baza-znaniy/ruta-40-en-santa-cruz","10","blocked","no","not_publication_ready;non_russian_title;non_russian_summary","publication-quality.ts"
"ruta-40-sem-ozer","/baza-znaniy/ruta-40-sem-ozer","100","ready","yes","none","publication-quality.ts"
"ruta-40-sem-ozer-ne-speshite","/baza-znaniy/ruta-40-sem-ozer-ne-speshite","100","ready","yes","none","publication-quality.ts"
"ruta-azul","/baza-znaniy/ruta-azul","10","blocked","no","not_publication_ready;non_russian_title;non_russian_summary","publication-quality.ts"
"ruta-de-la-cultura-qom","/baza-znaniy/ruta-de-la-cultura-qom","10","blocked","no","not_publication_ready;non_russian_title;non_russian_summary","publication-quality.ts"
"ruta-de-los-siete-lagos","/baza-znaniy/ruta-de-los-siete-lagos","80","review","no","thin_content","publication-quality.ts"
"ruta-del-adobe-en-catamarca","/baza-znaniy/ruta-del-adobe-en-catamarca","10","blocked","no","not_publication_ready;non_russian_title;non_russian_summary","publication-quality.ts"
"ruta-del-artesano-en-tucuman","/baza-znaniy/ruta-del-artesano-en-tucuman","10","blocked","no","not_publication_ready;non_russian_title;non_russian_summary","publication-quality.ts"
"ruta-del-olivo-san-juan","/baza-znaniy/ruta-del-olivo-san-juan","10","blocked","no","not_publication_ready;non_russian_title;non_russian_summary","publication-quality.ts"
"ruta-del-vino-en-la-patagonia","/baza-znaniy/ruta-del-vino-en-la-patagonia","45","blocked","no","not_publication_ready;non_russian_summary","publication-quality.ts"
"ruta-del-vino-en-san-juan","/baza-znaniy/ruta-del-vino-en-san-juan","10","blocked","no","not_publication_ready;non_russian_title;non_russian_summary","publication-quality.ts"
"ruta-del-vino-en-tucuman","/baza-znaniy/ruta-del-vino-en-tucuman","10","blocked","no","not_publication_ready;non_russian_title;non_russian_summary","publication-quality.ts"
"ruta-interlagos-san-juan","/baza-znaniy/ruta-interlagos-san-juan","10","blocked","no","not_publication_ready;non_russian_title;non_russian_summary","publication-quality.ts"
"rutas-de-tierra-del-fuego","/baza-znaniy/rutas-de-tierra-del-fuego","45","blocked","no","not_publication_ready;non_russian_summary","publication-quality.ts"
"sabores-de-chaco","/baza-znaniy/sabores-de-chaco","10","blocked","no","not_publication_ready;non_russian_title;non_russian_summary","publication-quality.ts"
"sabores-riojanos","/baza-znaniy/sabores-riojanos","10","blocked","no","not_publication_ready;non_russian_title;non_russian_summary","publication-quality.ts"
"salinas-grandes","/baza-znaniy/salinas-grandes","100","ready","yes","none","publication-quality.ts"
"salinas-grandes-jujuy","/baza-znaniy/salinas-grandes-jujuy","50","blocked","no","not_publication_ready;thin_content","publication-quality.ts"
"salta","/baza-znaniy/salta","100","ready","yes","none","publication-quality.ts"
"salta-kalchakskie-doliny-marshrut","/baza-znaniy/salta-kalchakskie-doliny-marshrut","100","ready","yes","none","publication-quality.ts"
"salta-y-san-lorenzo","/baza-znaniy/salta-y-san-lorenzo","10","blocked","no","not_publication_ready;non_russian_title;non_russian_summary","publication-quality.ts"
"salto-encantado","/baza-znaniy/salto-encantado","10","blocked","no","not_publication_ready;non_russian_title;non_russian_summary","publication-quality.ts"
"saltos-del-mocona","/baza-znaniy/saltos-del-mocona","65","review","no","mixed_script_word;missing_hero","publication-quality.ts"
"samyj-yuzhnyj-gorod-mira","/baza-znaniy/samyj-yuzhnyj-gorod-mira","80","review","no","thin_content","publication-quality.ts"
"san-antonio-de-areco","/baza-znaniy/san-antonio-de-areco","10","blocked","no","not_publication_ready;non_russian_title;non_russian_summary","publication-quality.ts"
"san-antonio-oeste","/baza-znaniy/san-antonio-oeste","50","blocked","no","not_publication_ready;thin_content","publication-quality.ts"
"san-huan","/baza-znaniy/san-huan","100","ready","yes","none","publication-quality.ts"
"san-ignacio-mini","/baza-znaniy/san-ignacio-mini","80","review","no","mixed_script_word","publication-quality.ts"
"san-jose","/baza-znaniy/san-jose","50","blocked","no","not_publication_ready;thin_content","publication-quality.ts"
"san-luis","/baza-znaniy/san-luis","100","ready","yes","none","publication-quality.ts"
"san-martin-de-los-andes","/baza-znaniy/san-martin-de-los-andes","100","ready","yes","none","publication-quality.ts"
"san-miguel-de-tucuman","/baza-znaniy/san-miguel-de-tucuman","100","ready","yes","none","publication-quality.ts"
"san-rafael","/baza-znaniy/san-rafael","10","blocked","no","not_publication_ready;non_russian_title;non_russian_summary","publication-quality.ts"
"san-salvador-de-jujuy","/baza-znaniy/san-salvador-de-jujuy","100","ready","yes","none","publication-quality.ts"
"sandboard-en-abra-pampa","/baza-znaniy/sandboard-en-abra-pampa","10","blocked","no","not_publication_ready;non_russian_title;non_russian_summary","publication-quality.ts"
"sandboard-en-las-dunas-de-saujil","/baza-znaniy/sandboard-en-las-dunas-de-saujil","10","blocked","no","not_publication_ready;non_russian_title;non_russian_summary","publication-quality.ts"
"santa-fe","/baza-znaniy/santa-fe","80","review","no","mixed_script_word","publication-quality.ts"
"santa-maria","/baza-znaniy/santa-maria","50","blocked","no","not_publication_ready;thin_content","publication-quality.ts"
"santa-rosa","/baza-znaniy/santa-rosa","100","ready","yes","none","publication-quality.ts"
"santiago-del-estero","/baza-znaniy/santiago-del-estero","100","ready","yes","none","publication-quality.ts"
"sdacha-nedvizhimosti-v-arendu","/baza-znaniy/sdacha-nedvizhimosti-v-arendu","100","ready","yes","none","publication-quality.ts"
"seclantas","/baza-znaniy/seclantas","10","blocked","no","not_publication_ready;non_russian_title;non_russian_summary","publication-quality.ts"
"senderismo-con-llamas-en-jujuy","/baza-znaniy/senderismo-con-llamas-en-jujuy","10","blocked","no","not_publication_ready;non_russian_title;non_russian_summary","publication-quality.ts"
"senderos-periurbanos-de-esquel","/baza-znaniy/senderos-periurbanos-de-esquel","10","blocked","no","not_publication_ready;non_russian_title;non_russian_summary","publication-quality.ts"
"severnye-parki-zolotoj-chas","/baza-znaniy/severnye-parki-zolotoj-chas","100","ready","yes","none","publication-quality.ts"
"shkola-dlya-detey","/baza-znaniy/shkola-dlya-detey","100","ready","yes","none","publication-quality.ts"
"shtrafy-i-scoring","/baza-znaniy/shtrafy-i-scoring","100","ready","yes","none","publication-quality.ts"
"sierra-de-la-ventana","/baza-znaniy/sierra-de-la-ventana","85","review","no","missing_hero","publication-quality.ts"
"sierra-de-las-quijadas","/baza-znaniy/sierra-de-las-quijadas","80","review","no","thin_content","publication-quality.ts"
"sierras-cordobesas","/baza-znaniy/sierras-cordobesas","50","blocked","no","not_publication_ready;thin_content","publication-quality.ts"
"sierras-de-la-provincia-de-buenos-aires","/baza-znaniy/sierras-de-la-provincia-de-buenos-aires","50","blocked","no","not_publication_ready;thin_content","publication-quality.ts"
"sierras-de-sumampa","/baza-znaniy/sierras-de-sumampa","50","blocked","no","not_publication_ready;thin_content","publication-quality.ts"
"sistema-zdravoohraneniya","/baza-znaniy/sistema-zdravoohraneniya","100","ready","yes","none","publication-quality.ts"
"skam-s-falshivoj-policiej","/baza-znaniy/skam-s-falshivoj-policiej","20","blocked","no","missing_sensitive_source;thin_content","publication-quality.ts"
"skolko-deneg-brat-na-poezdku","/baza-znaniy/skolko-deneg-brat-na-poezdku","20","blocked","no","missing_sensitive_source;thin_content","publication-quality.ts"
"skolko-dnej-na-marshrut-2-nedeli","/baza-znaniy/skolko-dnej-na-marshrut-2-nedeli","80","review","no","thin_content","publication-quality.ts"
"skolko-dnej-nuzhno-na-iguasu","/baza-znaniy/skolko-dnej-nuzhno-na-iguasu","80","review","no","thin_content","publication-quality.ts"
"skolko-letet-iz-rossii","/baza-znaniy/skolko-letet-iz-rossii","20","blocked","no","missing_sensitive_source;thin_content","publication-quality.ts"
"skolko-nalichnyh-mozhno-vvezti","/baza-znaniy/skolko-nalichnyh-mozhno-vvezti","100","ready","yes","none","publication-quality.ts"
"skolko-stoit-oformit-vnzh","/baza-znaniy/skolko-stoit-oformit-vnzh","20","blocked","no","missing_sensitive_source;thin_content","publication-quality.ts"
"skolko-stoit-zhizn-v-buenos-ajrese","/baza-znaniy/skolko-stoit-zhizn-v-buenos-ajrese","40","blocked","no","missing_sensitive_source","publication-quality.ts"
"sladkoe-dulce-de-leche","/baza-znaniy/sladkoe-dulce-de-leche","80","review","no","mixed_script_word","publication-quality.ts"
"soobshestvo-i-adaptaciya","/baza-znaniy/soobshestvo-i-adaptaciya","100","ready","yes","none","publication-quality.ts"
"status-expediente-migraciones","/baza-znaniy/status-expediente-migraciones","100","ready","yes","none","publication-quality.ts"
"stoimost-zhizni-ba","/baza-znaniy/stoimost-zhizni-ba","100","ready","yes","none","publication-quality.ts"
"stoimost-zhizni-semya-i-para","/baza-znaniy/stoimost-zhizni-semya-i-para","100","ready","yes","none","publication-quality.ts"
"stoit-li-ehat-na-poezde-v-oblaka","/baza-znaniy/stoit-li-ehat-na-poezde-v-oblaka","100","ready","yes","none","publication-quality.ts"
"stoit-li-ehat-v-argentinu","/baza-znaniy/stoit-li-ehat-v-argentinu","100","ready","yes","none","publication-quality.ts"
"stoit-li-pereezzhat","/baza-znaniy/stoit-li-pereezzhat","100","ready","yes","none","publication-quality.ts"
"studencheskaya-zhizn","/baza-znaniy/studencheskaya-zhizn","100","ready","yes","none","publication-quality.ts"
"susques","/baza-znaniy/susques","65","review","no","mixed_script_word;missing_hero","publication-quality.ts"
"tafi-del-valle","/baza-znaniy/tafi-del-valle","85","review","no","missing_hero","publication-quality.ts"
"tafi-viejo","/baza-znaniy/tafi-viejo","10","blocked","no","not_publication_ready;non_russian_title;non_russian_summary","publication-quality.ts"
"talampaya","/baza-znaniy/talampaya","100","ready","yes","none","publication-quality.ts"
"tandil","/baza-znaniy/tandil","85","review","no","missing_hero","publication-quality.ts"
"tango","/baza-znaniy/tango","100","ready","yes","none","publication-quality.ts"
"tango-en-buenos-aires","/baza-znaniy/tango-en-buenos-aires","40","blocked","no","machine_translation_marker","publication-quality.ts"
"tastil-y-santa-rosa-de-tastil","/baza-znaniy/tastil-y-santa-rosa-de-tastil","10","blocked","no","not_publication_ready;non_russian_title;non_russian_summary","publication-quality.ts"
"teatr-kolon","/baza-znaniy/teatr-kolon","100","ready","yes","none","publication-quality.ts"
"teatro-y-literatura-en-buenos-aires","/baza-znaniy/teatro-y-literatura-en-buenos-aires","40","blocked","no","machine_translation_marker","publication-quality.ts"
"temporada-de-orcas-en-peninsula-valdes","/baza-znaniy/temporada-de-orcas-en-peninsula-valdes","10","blocked","no","not_publication_ready;non_russian_title;non_russian_summary","publication-quality.ts"
"termas-de-cacheuta","/baza-znaniy/termas-de-cacheuta","50","blocked","no","not_publication_ready;thin_content","publication-quality.ts"
"termas-de-rio-hondo","/baza-znaniy/termas-de-rio-hondo","100","ready","yes","none","publication-quality.ts"
"termas-de-saenz-pena","/baza-znaniy/termas-de-saenz-pena","50","blocked","no","not_publication_ready;thin_content","publication-quality.ts"
"termas-del-rio-jordan","/baza-znaniy/termas-del-rio-jordan","50","blocked","no","not_publication_ready;thin_content","publication-quality.ts"
"termas-en-entre-rios","/baza-znaniy/termas-en-entre-rios","30","blocked","no","not_publication_ready;mixed_script_word;thin_content","publication-quality.ts"
"tierra-del-fuego","/baza-znaniy/tierra-del-fuego","100","ready","yes","none","publication-quality.ts"
"tigre-i-delta","/baza-znaniy/tigre-i-delta","100","ready","yes","none","publication-quality.ts"
"tilcara","/baza-znaniy/tilcara","10","blocked","no","not_publication_ready;non_russian_title;non_russian_summary","publication-quality.ts"
"tilkara","/baza-znaniy/tilkara","100","ready","yes","none","publication-quality.ts"
"tinogasta","/baza-znaniy/tinogasta","10","blocked","no","not_publication_ready;non_russian_title;non_russian_summary","publication-quality.ts"
"tolhuin","/baza-znaniy/tolhuin","10","blocked","no","not_publication_ready;non_russian_title;non_russian_summary","publication-quality.ts"
"tradicion-cervecera-en-santa-fe","/baza-znaniy/tradicion-cervecera-en-santa-fe","80","review","no","thin_content","publication-quality.ts"
"tradiciones-gauchas","/baza-znaniy/tradiciones-gauchas","10","blocked","no","not_publication_ready;non_russian_title;non_russian_summary","publication-quality.ts"
"travesia-4x4-en-tierra-del-fuego","/baza-znaniy/travesia-4x4-en-tierra-del-fuego","45","blocked","no","not_publication_ready;non_russian_summary","publication-quality.ts"
"trekking-en-bosques-y-lagos","/baza-znaniy/trekking-en-bosques-y-lagos","80","review","no","thin_content","publication-quality.ts"
"trekking-en-lihue-calel","/baza-znaniy/trekking-en-lihue-calel","10","blocked","no","not_publication_ready;non_russian_title;non_russian_summary","publication-quality.ts"
"trekking-en-parque-patagonia","/baza-znaniy/trekking-en-parque-patagonia","45","blocked","no","not_publication_ready;non_russian_summary","publication-quality.ts"
"trekking-en-salta","/baza-znaniy/trekking-en-salta","10","blocked","no","not_publication_ready;non_russian_title;non_russian_summary","publication-quality.ts"
"trekking-en-tolhuin","/baza-znaniy/trekking-en-tolhuin","80","review","no","thin_content","publication-quality.ts"
"tren-a-las-nubes","/baza-znaniy/tren-a-las-nubes","80","review","no","thin_content","publication-quality.ts"
"tren-de-las-sierras","/baza-znaniy/tren-de-las-sierras","10","blocked","no","not_publication_ready;non_russian_title;non_russian_summary","publication-quality.ts"
"trevelin","/baza-znaniy/trevelin","65","review","no","thin_content;missing_hero","publication-quality.ts"
"trevelin-el-pueblo-del-molino","/baza-znaniy/trevelin-el-pueblo-del-molino","10","blocked","no","not_publication_ready;non_russian_title;non_russian_summary","publication-quality.ts"
"turismo-aventura-en-chaco","/baza-znaniy/turismo-aventura-en-chaco","10","blocked","no","not_publication_ready;non_russian_title;non_russian_summary","publication-quality.ts"
"turismo-cultural-en-rosario","/baza-znaniy/turismo-cultural-en-rosario","10","blocked","no","not_publication_ready;non_russian_title;non_russian_summary","publication-quality.ts"
"turismo-paleontologico-en-neuquen","/baza-znaniy/turismo-paleontologico-en-neuquen","10","blocked","no","not_publication_ready;non_russian_title;non_russian_summary","publication-quality.ts"
"turismo-religioso-en-salta","/baza-znaniy/turismo-religioso-en-salta","10","blocked","no","not_publication_ready;non_russian_title;non_russian_summary","publication-quality.ts"
"turismo-rural-comunitario","/baza-znaniy/turismo-rural-comunitario","10","blocked","no","not_publication_ready;non_russian_title;non_russian_summary","publication-quality.ts"
"turismo-rural-en-la-pampa","/baza-znaniy/turismo-rural-en-la-pampa","10","blocked","no","not_publication_ready;non_russian_title;non_russian_summary","publication-quality.ts"
"turismo-rural-en-salta","/baza-znaniy/turismo-rural-en-salta","10","blocked","no","not_publication_ready;non_russian_title;non_russian_summary","publication-quality.ts"
"udalyonnaya-rabota-i-oplata","/baza-znaniy/udalyonnaya-rabota-i-oplata","100","ready","yes","none","publication-quality.ts"
"ushuaia","/baza-znaniy/ushuaia","100","ready","yes","none","publication-quality.ts"
"ushuaia-la-ciudad-y-el-tren","/baza-znaniy/ushuaia-la-ciudad-y-el-tren","45","blocked","no","not_publication_ready;non_russian_summary","publication-quality.ts"
"valle-de-la-luna-de-cusi-cusi","/baza-znaniy/valle-de-la-luna-de-cusi-cusi","50","blocked","no","not_publication_ready;thin_content","publication-quality.ts"
"valle-de-punilla-cordoba","/baza-znaniy/valle-de-punilla-cordoba","50","blocked","no","not_publication_ready;thin_content","publication-quality.ts"
"valle-de-traslasierra","/baza-znaniy/valle-de-traslasierra","50","blocked","no","not_publication_ready;thin_content","publication-quality.ts"
"valle-de-uco","/baza-znaniy/valle-de-uco","85","review","no","missing_hero","publication-quality.ts"
"valle-de-uco-mendoza","/baza-znaniy/valle-de-uco-mendoza","80","review","no","thin_content","publication-quality.ts"
"valle-encantado","/baza-znaniy/valle-encantado","50","blocked","no","not_publication_ready;thin_content","publication-quality.ts"
"valle-grande","/baza-znaniy/valle-grande","50","blocked","no","not_publication_ready;thin_content","publication-quality.ts"
"valles-y-bosques-fueguinos","/baza-znaniy/valles-y-bosques-fueguinos","45","blocked","no","not_publication_ready;non_russian_summary","publication-quality.ts"
"verano-en-corrientes","/baza-znaniy/verano-en-corrientes","10","blocked","no","not_publication_ready;non_russian_title;non_russian_summary","publication-quality.ts"
"vida-nocturna-en-buenos-aires","/baza-znaniy/vida-nocturna-en-buenos-aires","40","blocked","no","machine_translation_marker","publication-quality.ts"
"viedma","/baza-znaniy/viedma","10","blocked","no","not_publication_ready;non_russian_title;non_russian_summary","publication-quality.ts"
"villa-carlos-paz","/baza-znaniy/villa-carlos-paz","50","blocked","no","not_publication_ready;thin_content","publication-quality.ts"
"villa-del-carmen-san-luis","/baza-znaniy/villa-del-carmen-san-luis","50","blocked","no","not_publication_ready;thin_content","publication-quality.ts"
"villa-general-belgrano","/baza-znaniy/villa-general-belgrano","50","blocked","no","not_publication_ready;thin_content","publication-quality.ts"
"villa-gesell","/baza-znaniy/villa-gesell","100","ready","yes","none","publication-quality.ts"
"villa-la-angostura","/baza-znaniy/villa-la-angostura","100","ready","yes","none","publication-quality.ts"
"villa-la-punta","/baza-znaniy/villa-la-punta","50","blocked","no","not_publication_ready;thin_content","publication-quality.ts"
"villa-mercedes-san-luis","/baza-znaniy/villa-mercedes-san-luis","50","blocked","no","not_publication_ready;thin_content","publication-quality.ts"
"villa-nougues","/baza-znaniy/villa-nougues","50","blocked","no","not_publication_ready;thin_content","publication-quality.ts"
"villa-ocampo","/baza-znaniy/villa-ocampo","50","blocked","no","not_publication_ready;thin_content","publication-quality.ts"
"villa-paranacito","/baza-znaniy/villa-paranacito","50","blocked","no","not_publication_ready;thin_content","publication-quality.ts"
"villa-pehuenia","/baza-znaniy/villa-pehuenia","50","blocked","no","not_publication_ready;thin_content","publication-quality.ts"
"villa-regina","/baza-znaniy/villa-regina","50","blocked","no","not_publication_ready;thin_content","publication-quality.ts"
"villa-rio-bermejito","/baza-znaniy/villa-rio-bermejito","50","blocked","no","not_publication_ready;thin_content","publication-quality.ts"
"villa-traful","/baza-znaniy/villa-traful","10","blocked","no","not_publication_ready;non_russian_title;non_russian_summary","publication-quality.ts"
"villavicencio","/baza-znaniy/villavicencio","65","review","no","thin_content;missing_hero","publication-quality.ts"
"vinnyy-marshrut","/baza-znaniy/vinnyy-marshrut","100","ready","yes","none","publication-quality.ts"
"vino-argentiny","/baza-znaniy/vino-argentiny","100","ready","yes","none","publication-quality.ts"
"vinos-de-san-juan","/baza-znaniy/vinos-de-san-juan","10","blocked","no","not_publication_ready;non_russian_title;non_russian_summary","publication-quality.ts"
"vinos-de-tolombon","/baza-znaniy/vinos-de-tolombon","10","blocked","no","not_publication_ready;non_russian_title;non_russian_summary","publication-quality.ts"
"vinos-del-valle-patagonico","/baza-znaniy/vinos-del-valle-patagonico","45","blocked","no","not_publication_ready;non_russian_summary","publication-quality.ts"
"viza-cifrovogo-kochevnika","/baza-znaniy/viza-cifrovogo-kochevnika","100","ready","yes","none","publication-quality.ts"
"viza-cifrovogo-kochevnika-chto-daet","/baza-znaniy/viza-cifrovogo-kochevnika-chto-daet","20","blocked","no","missing_sensitive_source;thin_content","publication-quality.ts"
"viza-i-granica-dlya-rossiyan","/baza-znaniy/viza-i-granica-dlya-rossiyan","100","ready","yes","none","publication-quality.ts"
"viza-kochevnika-ne-vnzh","/baza-znaniy/viza-kochevnika-ne-vnzh","100","ready","yes","none","publication-quality.ts"
"viza-rf-v-argentinu","/baza-znaniy/viza-rf-v-argentinu","20","blocked","no","missing_sensitive_source;thin_content","publication-quality.ts"
"viza-v-braziliyu-dlya-iguasu","/baza-znaniy/viza-v-braziliyu-dlya-iguasu","20","blocked","no","missing_sensitive_source;thin_content","publication-quality.ts"
"vnutrennie-aviabilety","/baza-znaniy/vnutrennie-aviabilety","100","ready","yes","none","publication-quality.ts"
"vnzh-argentina","/baza-znaniy/vnzh-argentina","100","ready","yes","none","publication-quality.ts"
"vnzh-po-uchebe","/baza-znaniy/vnzh-po-uchebe","100","ready","yes","none","publication-quality.ts"
"vnzh-rantye","/baza-znaniy/vnzh-rantye","100","ready","yes","none","publication-quality.ts"
"vo-skolko-uzhinayut-v-argentine","/baza-znaniy/vo-skolko-uzhinayut-v-argentine","100","ready","yes","none","publication-quality.ts"
"voditelskie-prava","/baza-znaniy/voditelskie-prava","100","ready","yes","none","publication-quality.ts"
"voinskij-uchet-i-voennyj-bilet","/baza-znaniy/voinskij-uchet-i-voennyj-bilet","100","ready","yes","none","publication-quality.ts"
"volcan-lanin","/baza-znaniy/volcan-lanin","80","review","no","thin_content","publication-quality.ts"
"volcan-malacara","/baza-znaniy/volcan-malacara","50","blocked","no","not_publication_ready;thin_content","publication-quality.ts"
"vossoedinenie-semi","/baza-znaniy/vossoedinenie-semi","100","ready","yes","none","publication-quality.ts"
"vysokogorye-na-avto","/baza-znaniy/vysokogorye-na-avto","100","ready","yes","none","publication-quality.ts"
"yapeyu","/baza-znaniy/yapeyu","10","blocked","no","not_publication_ready;non_russian_title;non_russian_summary","publication-quality.ts"
"yungas-tucumanas","/baza-znaniy/yungas-tucumanas","10","blocked","no","not_publication_ready;non_russian_title;non_russian_summary","publication-quality.ts"
"zashchita-nakoplenij-ot-inflyacii","/baza-znaniy/zashchita-nakoplenij-ot-inflyacii","100","ready","yes","none","publication-quality.ts"
"zemletryaseniya-i-vulkany","/baza-znaniy/zemletryaseniya-i-vulkany","100","ready","yes","none","publication-quality.ts"
"zhile-dlya-turistov","/baza-znaniy/zhile-dlya-turistov","100","ready","yes","none","publication-quality.ts"
"zhile-i-arenda","/baza-znaniy/zhile-i-arenda","100","ready","yes","none","publication-quality.ts"
"zhizn-bez-ispanskogo","/baza-znaniy/zhizn-bez-ispanskogo","100","ready","yes","none","publication-quality.ts"
"zhizn-na-pensii","/baza-znaniy/zhizn-na-pensii","100","ready","yes","none","publication-quality.ts"
