id,type,url,title,inbound_internal_links,outgoing_internal_links,hub_path,hub_coverage,sitemap_expected,orphan_status,orphan_reasons,source_path,evidence
kb:arenda-avto-i-vozhdenie,transport,/baza-znaniy/arenda-avto-i-vozhdenie,Аренда авто и вождение в Аргентине,14,0,/baza-znaniy,yes,yes,needs_review,no_related_or_outgoing_link,content/knowledge-base/transport/arenda-avto-i-vozhdenie.md,Статические ссылки и структурированные related-поля; runtime/CMS ссылки не сканировались.
kb:chto-stoit-deneg-prioritety,guide,/baza-znaniy/chto-stoit-deneg-prioritety,Что реально стоит ваших денег и дней: приоритеты по Аргентине,6,0,/baza-znaniy,yes,yes,needs_review,no_related_or_outgoing_link,content/knowledge-base/puteshestvie/chto-stoit-deneg-prioritety.md,Статические ссылки и структурированные related-поля; runtime/CMS ссылки не сканировались.
kb:dostupnaya-sreda-i-invalidnost,guide,/baza-znaniy/dostupnaya-sreda-i-invalidnost,Доступная среда: путешествие и жизнь с инвалидностью в Аргентине,4,0,/baza-znaniy,yes,yes,needs_review,no_related_or_outgoing_link,content/knowledge-base/puteshestvie/dostupnaya-sreda-i-invalidnost.md,Статические ссылки и структурированные related-поля; runtime/CMS ссылки не сканировались.
kb:empanadas,guide,/baza-znaniy/empanadas,Эмпанадас: как читать главную уличную еду Аргентины,2,0,/baza-znaniy,yes,yes,needs_review,no_related_or_outgoing_link,content/knowledge-base/kultura/empanadas.md,Статические ссылки и структурированные related-поля; runtime/CMS ссылки не сканировались.
kb:folklor-i-muzyka,guide,/baza-znaniy/folklor-i-muzyka,"Музыка Аргентины: фольклор, рок и куартето",2,0,/baza-znaniy,yes,yes,needs_review,no_related_or_outgoing_link,content/knowledge-base/kultura/folklor-i-muzyka.md,Статические ссылки и структурированные related-поля; runtime/CMS ссылки не сканировались.
kb:istoriya-zheleznyh-dorog,transport,/baza-znaniy/istoriya-zheleznyh-dorog,История железных дорог Аргентины: расцвет и упадок,1,0,/baza-znaniy,yes,yes,needs_review,no_related_or_outgoing_link,content/knowledge-base/transport/istoriya-zheleznyh-dorog.md,Статические ссылки и структурированные related-поля; runtime/CMS ссылки не сканировались.
kb:lgbt-travel,guide,/baza-znaniy/lgbt-travel,ЛГБТ-путешествия и жизнь в Аргентине,1,0,/baza-znaniy,yes,yes,needs_review,no_related_or_outgoing_link,content/knowledge-base/kultura/lgbt-travel.md,Статические ссылки и структурированные related-поля; runtime/CMS ссылки не сканировались.
kb:mezhgorodnie-avtobusy,transport,/baza-znaniy/mezhgorodnie-avtobusy,Междугородние автобусы Аргентины (micros),1,0,/baza-znaniy,yes,yes,needs_review,no_related_or_outgoing_link,content/knowledge-base/transport/mezhgorodnie-avtobusy.md,Статические ссылки и структурированные related-поля; runtime/CMS ссылки не сканировались.
kb:narodnye-svyatye,guide,/baza-znaniy/narodnye-svyatye,Народные святые Аргентины: Гаучито Хиль и Дифунта Корреа,3,0,/baza-znaniy,yes,yes,needs_review,no_related_or_outgoing_link,content/knowledge-base/kultura/narodnye-svyatye.md,Статические ссылки и структурированные related-поля; runtime/CMS ссылки не сканировались.
kb:pochemu-net-pryamyh-reisov,transport,/baza-znaniy/pochemu-net-pryamyh-reisov,Почему нет прямых рейсов из России и как летают на самом деле,2,0,/baza-znaniy,yes,yes,needs_review,no_related_or_outgoing_link,content/knowledge-base/transport/pochemu-net-pryamyh-reisov.md,Статические ссылки и структурированные related-поля; runtime/CMS ссылки не сканировались.
kb:poezda,transport,/baza-znaniy/poezda,Поезда дальнего следования в Аргентине,3,0,/baza-znaniy,yes,yes,needs_review,no_related_or_outgoing_link,content/knowledge-base/transport/poezda.md,Статические ссылки и структурированные related-поля; runtime/CMS ссылки не сканировались.
kb:poleznye-prilozheniya,guide,/baza-znaniy/poleznye-prilozheniya,Полезные приложения и сервисы в Аргентине,5,0,/baza-znaniy,yes,yes,needs_review,no_related_or_outgoing_link,content/knowledge-base/svyaz/poleznye-prilozheniya.md,Статические ссылки и структурированные related-поля; runtime/CMS ссылки не сканировались.
kb:razvlecheniya-i-nochnaya-zhizn,guide,/baza-znaniy/razvlecheniya-i-nochnaya-zhizn,Развлечения и ночная жизнь Аргентины,5,0,/baza-znaniy,yes,yes,needs_review,no_related_or_outgoing_link,content/knowledge-base/kultura/razvlecheniya-i-nochnaya-zhizn.md,Статические ссылки и структурированные related-поля; runtime/CMS ссылки не сканировались.
kb:sladkoe-dulce-de-leche,guide,/baza-znaniy/sladkoe-dulce-de-leche,"Сладкое: дульсе-де-лече, альфахорес и фактурас",3,0,/baza-znaniy,yes,yes,needs_review,no_related_or_outgoing_link,content/knowledge-base/kultura/sladkoe-dulce-de-leche.md,Статические ссылки и структурированные related-поля; runtime/CMS ссылки не сканировались.
kb:tango,guide,/baza-znaniy/tango,"Танго в Аргентине: культура, милонги, где смотреть и танцевать",2,0,/baza-znaniy,yes,yes,needs_review,no_related_or_outgoing_link,content/knowledge-base/kultura/tango.md,Статические ссылки и структурированные related-поля; runtime/CMS ссылки не сканировались.
kb:vino-argentiny,guide,/baza-znaniy/vino-argentiny,Вино Аргентины: сорта и регионы,9,0,/baza-znaniy,yes,yes,needs_review,no_related_or_outgoing_link,content/knowledge-base/kultura/vino-argentiny.md,Статические ссылки и структурированные related-поля; runtime/CMS ссылки не сканировались.
kb:zhile-dlya-turistov,guide,/baza-znaniy/zhile-dlya-turistov,Где остановиться туристу в Аргентине,4,0,/baza-znaniy,yes,yes,needs_review,no_related_or_outgoing_link,content/knowledge-base/zhile/zhile-dlya-turistov.md,Статические ссылки и структурированные related-поля; runtime/CMS ссылки не сканировались.
destination:ba,destination,/destinations/ba,Буэнос-Айрес,10,0,/destinations,yes,yes,needs_review,no_related_or_outgoing_link,src/data/destination-pages.ts,Статические ссылки и структурированные related-поля; runtime/CMS ссылки не сканировались.
destination:iguazu,destination,/destinations/iguazu,Пуэрто-Игуасу,2,0,/destinations,yes,yes,needs_review,no_related_or_outgoing_link,src/data/destination-pages.ts,Статические ссылки и структурированные related-поля; runtime/CMS ссылки не сканировались.
destination:mendoza,destination,/destinations/mendoza,Мендоса,3,0,/destinations,yes,yes,needs_review,no_related_or_outgoing_link,src/data/destination-pages.ts,Статические ссылки и структурированные related-поля; runtime/CMS ссылки не сканировались.
destination:patagonia,destination,/destinations/patagonia,Патагония,7,0,/destinations,yes,yes,needs_review,no_related_or_outgoing_link,src/data/destination-pages.ts,Статические ссылки и структурированные related-поля; runtime/CMS ссылки не сканировались.
destination:salta,destination,/destinations/salta,Сальта,2,0,/destinations,yes,yes,needs_review,no_related_or_outgoing_link,src/data/destination-pages.ts,Статические ссылки и структурированные related-поля; runtime/CMS ссылки не сканировались.
place:bariloche,place,/places/bariloche,Барилоче,8,0,/places,yes,yes,needs_review,no_related_or_outgoing_link,src/data/places-seed.ts,Статические ссылки и структурированные related-поля; runtime/CMS ссылки не сканировались.
place:buenos-aires,place,/places/buenos-aires,Буэнос-Айрес,99,0,/places,yes,yes,needs_review,no_related_or_outgoing_link,src/data/places-seed.ts,Статические ссылки и структурированные related-поля; runtime/CMS ссылки не сканировались.
place:cafayate,place,/places/cafayate,Кафаяте,2,0,/places,yes,yes,needs_review,no_related_or_outgoing_link,src/data/places-seed.ts,Статические ссылки и структурированные related-поля; runtime/CMS ссылки не сканировались.
place:cerro-de-los-7-colores,place,/places/cerro-de-los-7-colores,Cerro de los Siete Colores,23,0,/places,yes,yes,needs_review,no_related_or_outgoing_link,src/data/places-seed.ts,Статические ссылки и структурированные related-поля; runtime/CMS ссылки не сканировались.
place:cordoba,place,/places/cordoba,Кордова,1,0,/places,yes,yes,needs_review,no_related_or_outgoing_link,src/data/places-seed.ts,Статические ссылки и структурированные related-поля; runtime/CMS ссылки не сканировались.
place:cueva-de-las-manos,place,/places/cueva-de-las-manos,Cueva de las Manos,1,0,/places,yes,yes,needs_review,no_related_or_outgoing_link,src/data/places-seed.ts,Статические ссылки и структурированные related-поля; runtime/CMS ссылки не сканировались.
place:el-calafate,place,/places/el-calafate,Эль-Калафате,42,0,/places,yes,yes,needs_review,no_related_or_outgoing_link,src/data/places-seed.ts,Статические ссылки и структурированные related-поля; runtime/CMS ссылки не сканировались.
place:el-chalten,place,/places/el-chalten,Эль-Чалтен,46,0,/places,yes,yes,needs_review,no_related_or_outgoing_link,src/data/places-seed.ts,Статические ссылки и структурированные related-поля; runtime/CMS ссылки не сканировались.
place:estero-ibera,place,/places/estero-ibera,Эстерос-дель-Ибера,1,0,/places,yes,yes,needs_review,no_related_or_outgoing_link,src/data/places-seed.ts,Статические ссылки и структурированные related-поля; runtime/CMS ссылки не сканировались.
place:fitz-roy,place,/places/fitz-roy,"Фиц-Рой (Fitz Roy, Cerro Chaltén)",24,0,/places,yes,yes,needs_review,no_related_or_outgoing_link,src/data/places-seed.ts,Статические ссылки и структурированные related-поля; runtime/CMS ссылки не сканировались.
place:iguazu-falls,place,/places/iguazu-falls,Водопады Игуасу,37,0,/places,yes,yes,needs_review,no_related_or_outgoing_link,src/data/places-seed.ts,Статические ссылки и структурированные related-поля; runtime/CMS ссылки не сканировались.
place:los-glaciares-national-park,place,/places/los-glaciares-national-park,Национальный парк Los Glaciares,24,0,/places,yes,yes,needs_review,no_related_or_outgoing_link,src/data/places-seed.ts,Статические ссылки и структурированные related-поля; runtime/CMS ссылки не сканировались.
place:lujan-de-cuyo,place,/places/lujan-de-cuyo,Luján de Cuyo,1,0,/places,yes,yes,needs_review,no_related_or_outgoing_link,src/data/places-seed.ts,Статические ссылки и структурированные related-поля; runtime/CMS ссылки не сканировались.
place:maipu,place,/places/maipu,Maipú,1,0,/places,yes,yes,needs_review,no_related_or_outgoing_link,src/data/places-seed.ts,Статические ссылки и структурированные related-поля; runtime/CMS ссылки не сканировались.
place:mendoza,place,/places/mendoza,Мендоса,20,0,/places,yes,yes,needs_review,no_related_or_outgoing_link,src/data/places-seed.ts,Статические ссылки и структурированные related-поля; runtime/CMS ссылки не сканировались.
place:nahuel-huapi-national-park,place,/places/nahuel-huapi-national-park,Национальный парк Nahuel Huapi,23,0,/places,yes,yes,needs_review,no_related_or_outgoing_link,src/data/places-seed.ts,Статические ссылки и структурированные related-поля; runtime/CMS ссылки не сканировались.
place:perito-moreno-glacier,place,/places/perito-moreno-glacier,Ледник Перито-Морено,30,0,/places,yes,yes,needs_review,no_related_or_outgoing_link,src/data/places-seed.ts,Статические ссылки и структурированные related-поля; runtime/CMS ссылки не сканировались.
place:potrerillos,place,/places/potrerillos,Potrerillos,1,0,/places,yes,yes,needs_review,no_related_or_outgoing_link,src/data/places-seed.ts,Статические ссылки и структурированные related-поля; runtime/CMS ссылки не сканировались.
place:puerto-madryn,place,/places/puerto-madryn,Пуэрто-Мадрин,2,0,/places,yes,yes,needs_review,no_related_or_outgoing_link,src/data/places-seed.ts,Статические ссылки и структурированные related-поля; runtime/CMS ссылки не сканировались.
place:purmamarca,place,/places/purmamarca,Пурмамарка,23,0,/places,yes,yes,needs_review,no_related_or_outgoing_link,src/data/places-seed.ts,Статические ссылки и структурированные related-поля; runtime/CMS ссылки не сканировались.
place:quebrada-de-humahuaca,place,/places/quebrada-de-humahuaca,Кебрада-де-Умауака,2,0,/places,yes,yes,needs_review,no_related_or_outgoing_link,src/data/places-seed.ts,Статические ссылки и структурированные related-поля; runtime/CMS ссылки не сканировались.
place:salinas-grandes,place,/places/salinas-grandes,Салинас-Грандес,2,0,/places,yes,yes,needs_review,no_related_or_outgoing_link,src/data/places-seed.ts,Статические ссылки и структурированные related-поля; runtime/CMS ссылки не сканировались.
place:salta,place,/places/salta,Сальта,25,0,/places,yes,yes,needs_review,no_related_or_outgoing_link,src/data/places-seed.ts,Статические ссылки и структурированные related-поля; runtime/CMS ссылки не сканировались.
place:san-martin-de-los-andes,place,/places/san-martin-de-los-andes,Сан-Мартин-де-лос-Андес,1,0,/places,yes,yes,needs_review,no_related_or_outgoing_link,src/data/places-seed.ts,Статические ссылки и структурированные related-поля; runtime/CMS ссылки не сканировались.
place:talampaya,place,/places/talampaya,Национальный парк Talampaya,3,0,/places,yes,yes,needs_review,no_related_or_outgoing_link,src/data/places-seed.ts,Статические ссылки и структурированные related-поля; runtime/CMS ссылки не сканировались.
place:tierra-del-fuego-national-park,place,/places/tierra-del-fuego-national-park,Национальный парк Tierra del Fuego,3,0,/places,yes,yes,needs_review,no_related_or_outgoing_link,src/data/places-seed.ts,Статические ссылки и структурированные related-поля; runtime/CMS ссылки не сканировались.
place:tilcara,place,/places/tilcara,Тилькара,2,0,/places,yes,yes,needs_review,no_related_or_outgoing_link,src/data/places-seed.ts,Статические ссылки и структурированные related-поля; runtime/CMS ссылки не сканировались.
place:tren-de-las-nubes,place,/places/tren-de-las-nubes,Поезд в облака (Tren a las Nubes),1,0,/places,yes,yes,needs_review,no_related_or_outgoing_link,src/data/places-seed.ts,Статические ссылки и структурированные related-поля; runtime/CMS ссылки не сканировались.
place:uco-valley,place,/places/uco-valley,Valle de Uco,2,0,/places,yes,yes,needs_review,no_related_or_outgoing_link,src/data/places-seed.ts,Статические ссылки и структурированные related-поля; runtime/CMS ссылки не сканировались.
place:ushuaia,place,/places/ushuaia,Ушуайя,20,0,/places,yes,yes,needs_review,no_related_or_outgoing_link,src/data/places-seed.ts,Статические ссылки и структурированные related-поля; runtime/CMS ссылки не сканировались.
place:valdes-peninsula,place,/places/valdes-peninsula,Полуостров Вальдес,22,0,/places,yes,yes,needs_review,no_related_or_outgoing_link,src/data/places-seed.ts,Статические ссылки и структурированные related-поля; runtime/CMS ссылки не сканировались.
place:villa-la-angostura,place,/places/villa-la-angostura,Вилья-Ла-Ангостура,1,0,/places,yes,yes,needs_review,no_related_or_outgoing_link,src/data/places-seed.ts,Статические ссылки и структурированные related-поля; runtime/CMS ссылки не сканировались.
legal:affiliate,legal,/legal/affiliate,Партнёрские ссылки и реклама,0,0,,no,yes,needs_review,no_explicit_inbound_link|no_related_or_outgoing_link|no_hub_path_in_source_model,src/data/legal-content.ts,Статические ссылки и структурированные related-поля; runtime/CMS ссылки не сканировались.
legal:booking,legal,/legal/booking,Условия бронирования,0,0,,no,yes,needs_review,no_explicit_inbound_link|no_related_or_outgoing_link|no_hub_path_in_source_model,src/data/legal-content.ts,Статические ссылки и структурированные related-поля; runtime/CMS ссылки не сканировались.
legal:cookies,legal,/legal/cookies,Политика cookie,0,0,,no,yes,needs_review,no_explicit_inbound_link|no_related_or_outgoing_link|no_hub_path_in_source_model,src/data/legal-content.ts,Статические ссылки и структурированные related-поля; runtime/CMS ссылки не сканировались.
legal:privacy,legal,/legal/privacy,Политика конфиденциальности,0,0,,no,yes,needs_review,no_explicit_inbound_link|no_related_or_outgoing_link|no_hub_path_in_source_model,src/data/legal-content.ts,Статические ссылки и структурированные related-поля; runtime/CMS ссылки не сканировались.
legal:refunds,legal,/legal/refunds,Политика возвратов,0,0,,no,yes,needs_review,no_explicit_inbound_link|no_related_or_outgoing_link|no_hub_path_in_source_model,src/data/legal-content.ts,Статические ссылки и структурированные related-поля; runtime/CMS ссылки не сканировались.
legal:terms,legal,/legal/terms,Пользовательское соглашение,0,0,,no,yes,needs_review,no_explicit_inbound_link|no_related_or_outgoing_link|no_hub_path_in_source_model,src/data/legal-content.ts,Статические ссылки и структурированные related-поля; runtime/CMS ссылки не сканировались.
blog:argentina-10-dnej-3-nedeli,blog,/blog/argentina-10-dnej-3-nedeli,Маршруты по Аргентине на 10 дней и 3 недели (2026),0,0,/blog,yes,yes,needs_review,no_explicit_inbound_link|no_related_or_outgoing_link,src/data/blog.ts,Статические ссылки и структурированные related-поля; runtime/CMS ссылки не сканировались.
blog:argentina-2-nedeli-marshrut,blog,/blog/argentina-2-nedeli-marshrut,Маршрут по Аргентине на 2 недели: классика за один трип (2026),0,0,/blog,yes,yes,needs_review,no_explicit_inbound_link|no_related_or_outgoing_link,src/data/blog.ts,Статические ссылки и структурированные related-поля; runtime/CMS ссылки не сканировались.
blog:bankovskij-schet-argentina,blog,/blog/bankovskij-schet-argentina,Банковский счёт и финансы релоканта в Аргентине (гид 2026),0,0,/blog,yes,yes,needs_review,no_explicit_inbound_link|no_related_or_outgoing_link,src/data/blog.ts,Статические ссылки и структурированные related-поля; runtime/CMS ссылки не сканировались.
blog:byudzhet-poezdki-argentina,blog,/blog/byudzhet-poezdki-argentina,Бюджет поездки по Аргентине 2026: сколько брать денег,0,0,/blog,yes,yes,needs_review,no_explicit_inbound_link|no_related_or_outgoing_link,src/data/blog.ts,Статические ссылки и структурированные related-поля; runtime/CMS ссылки не сканировались.
blog:dni-cuil-argentina,blog,/blog/dni-cuil-argentina,DNI и CUIL в Аргентине 2026: пошаговая инструкция для иностранца,0,0,/blog,yes,yes,needs_review,no_explicit_inbound_link|no_related_or_outgoing_link,src/data/blog.ts,Статические ссылки и структурированные related-поля; runtime/CMS ссылки не сканировались.
blog:grazhdanstvo-argentiny,blog,/blog/grazhdanstvo-argentiny,Гражданство Аргентины за 2 года: натурализация и новые правила (гид 2026),0,0,/blog,yes,yes,needs_review,no_explicit_inbound_link|no_related_or_outgoing_link,src/data/blog.ts,Статические ссылки и структурированные related-поля; runtime/CMS ссылки не сканировались.
blog:kak-dobratsya-v-argentinu,blog,/blog/kak-dobratsya-v-argentinu,"Как добраться из России и СНГ в Аргентину 2026: маршруты, виза, цены",0,0,/blog,yes,yes,needs_review,no_explicit_inbound_link|no_related_or_outgoing_link,src/data/blog.ts,Статические ссылки и структурированные related-поля; runtime/CMS ссылки не сканировались.
blog:kak-menyat-dengi-argentina,blog,/blog/kak-menyat-dengi-argentina,"Как менять деньги в Аргентине 2026: курс, blue, MEP, карты и крипта",0,0,/blog,yes,yes,needs_review,no_explicit_inbound_link|no_related_or_outgoing_link,src/data/blog.ts,Статические ссылки и структурированные related-поля; runtime/CMS ссылки не сканировались.
blog:ruta-40-sem-ozer,blog,/blog/ruta-40-sem-ozer,Дорога семи озёр и Рута 40: роуд-трип по Аргентине (гид 2026),0,0,/blog,yes,yes,needs_review,no_explicit_inbound_link|no_related_or_outgoing_link,src/data/blog.ts,Статические ссылки и структурированные related-поля; runtime/CMS ссылки не сканировались.
blog:stoimost-zhizni-buenos-aires,blog,/blog/stoimost-zhizni-buenos-aires,Сколько стоит жизнь в Буэнос-Айресе 2026: реальный бюджет в долларах,0,0,/blog,yes,yes,needs_review,no_explicit_inbound_link|no_related_or_outgoing_link,src/data/blog.ts,Статические ссылки и структурированные related-поля; runtime/CMS ссылки не сканировались.
blog:viza-cifrovogo-kochevnika-argentina,blog,/blog/viza-cifrovogo-kochevnika-argentina,Виза цифрового кочевника Аргентины: полный гид 2026,0,0,/blog,yes,yes,needs_review,no_explicit_inbound_link|no_related_or_outgoing_link,src/data/blog.ts,Статические ссылки и структурированные related-поля; runtime/CMS ссылки не сканировались.
blog:vnutrennie-aviabilety-argentina,blog,/blog/vnutrennie-aviabilety-argentina,Внутренние авиабилеты по Аргентине 2026: как купить дёшево,0,0,/blog,yes,yes,needs_review,no_explicit_inbound_link|no_related_or_outgoing_link,src/data/blog.ts,Статические ссылки и структурированные related-поля; runtime/CMS ссылки не сканировались.
blog:vnzh-argentina-rezidenciya,blog,/blog/vnzh-argentina-rezidenciya,ВНЖ Аргентины 2026: все легальные пути резиденции и визы,0,0,/blog,yes,yes,needs_review,no_explicit_inbound_link|no_related_or_outgoing_link,src/data/blog.ts,Статические ссылки и структурированные related-поля; runtime/CMS ссылки не сканировались.
destination:bariloche,destination,/destinations/bariloche,Барилоче,0,0,/destinations,yes,yes,needs_review,no_explicit_inbound_link|no_related_or_outgoing_link,src/data/destination-pages.ts,Статические ссылки и структурированные related-поля; runtime/CMS ссылки не сканировались.
destination:calafate,destination,/destinations/calafate,Эль-Калафате,0,0,/destinations,yes,yes,needs_review,no_explicit_inbound_link|no_related_or_outgoing_link,src/data/destination-pages.ts,Статические ссылки и структурированные related-поля; runtime/CMS ссылки не сканировались.
destination:ushuaia,destination,/destinations/ushuaia,Ушуайя,0,0,/destinations,yes,yes,needs_review,no_explicit_inbound_link|no_related_or_outgoing_link,src/data/destination-pages.ts,Статические ссылки и структурированные related-поля; runtime/CMS ссылки не сканировались.
place:aconcagua,place,/places/aconcagua,Аконкагуа,0,0,/places,yes,yes,needs_review,no_explicit_inbound_link|no_related_or_outgoing_link,src/data/places-seed.ts,Статические ссылки и структурированные related-поля; runtime/CMS ссылки не сканировались.
place:bahia-blanca,place,/places/bahia-blanca,Баия-Бланка,0,0,/places,yes,yes,needs_review,no_explicit_inbound_link|no_related_or_outgoing_link,src/data/places-seed.ts,Статические ссылки и структурированные related-поля; runtime/CMS ссылки не сканировались.
place:banado-la-estrella,place,/places/banado-la-estrella,Баньядо-ла-Эстрелья,0,0,/places,yes,yes,needs_review,no_explicit_inbound_link|no_related_or_outgoing_link,src/data/places-seed.ts,Статические ссылки и структурированные related-поля; runtime/CMS ссылки не сканировались.
place:barreal,place,/places/barreal,Барреаль и Эль-Леонсито,0,0,/places,yes,yes,needs_review,no_explicit_inbound_link|no_related_or_outgoing_link,src/data/places-seed.ts,Статические ссылки и структурированные related-поля; runtime/CMS ссылки не сканировались.
place:bosque-petrificado,place,/places/bosque-petrificado,Национальный парк Окаменевшие леса Харамільо,0,0,/places,yes,yes,needs_review,no_explicit_inbound_link|no_related_or_outgoing_link,src/data/places-seed.ts,Статические ссылки и структурированные related-поля; runtime/CMS ссылки не сканировались.
place:catamarca,place,/places/catamarca,Катамарка,0,0,/places,yes,yes,needs_review,no_explicit_inbound_link|no_related_or_outgoing_link,src/data/places-seed.ts,Статические ссылки и структурированные related-поля; runtime/CMS ссылки не сканировались.
place:colon-entre-rios,place,/places/colon-entre-rios,Колóн,0,0,/places,yes,yes,needs_review,no_explicit_inbound_link|no_related_or_outgoing_link,src/data/places-seed.ts,Статические ссылки и структурированные related-поля; runtime/CMS ссылки не сканировались.
place:corrientes,place,/places/corrientes,Корриентес,0,0,/places,yes,yes,needs_review,no_explicit_inbound_link|no_related_or_outgoing_link,src/data/places-seed.ts,Статические ссылки и структурированные related-поля; runtime/CMS ссылки не сканировались.
place:el-bolson,place,/places/el-bolson,Эль-Больсон,0,0,/places,yes,yes,needs_review,no_explicit_inbound_link|no_related_or_outgoing_link,src/data/places-seed.ts,Статические ссылки и структурированные related-поля; runtime/CMS ссылки не сканировались.
place:esquel,place,/places/esquel,Эскель,0,0,/places,yes,yes,needs_review,no_explicit_inbound_link|no_related_or_outgoing_link,src/data/places-seed.ts,Статические ссылки и структурированные related-поля; runtime/CMS ссылки не сканировались.
place:federacion,place,/places/federacion,Федерасьон,0,0,/places,yes,yes,needs_review,no_explicit_inbound_link|no_related_or_outgoing_link,src/data/places-seed.ts,Статические ссылки и структурированные related-поля; runtime/CMS ссылки не сканировались.
place:formosa,place,/places/formosa,Формоса,0,0,/places,yes,yes,needs_review,no_explicit_inbound_link|no_related_or_outgoing_link,src/data/places-seed.ts,Статические ссылки и структурированные related-поля; runtime/CMS ссылки не сканировались.
place:gualeguaychu,place,/places/gualeguaychu,Гуалегуайчу,0,0,/places,yes,yes,needs_review,no_explicit_inbound_link|no_related_or_outgoing_link,src/data/places-seed.ts,Статические ссылки и структурированные related-поля; runtime/CMS ссылки не сканировались.
place:iruya,place,/places/iruya,Ирую,0,0,/places,yes,yes,needs_review,no_explicit_inbound_link|no_related_or_outgoing_link,src/data/places-seed.ts,Статические ссылки и структурированные related-поля; runtime/CMS ссылки не сканировались.
place:ischigualasto,place,/places/ischigualasto,Исчигуаласто (Лунная долина),0,0,/places,yes,yes,needs_review,no_explicit_inbound_link|no_related_or_outgoing_link,src/data/places-seed.ts,Статические ссылки и структурированные related-поля; runtime/CMS ссылки не сканировались.
place:kachi,place,/places/kachi,Качи,0,0,/places,yes,yes,needs_review,no_explicit_inbound_link|no_related_or_outgoing_link,src/data/places-seed.ts,Статические ссылки и структурированные related-поля; runtime/CMS ссылки не сканировались.
place:la-cumbrecita,place,/places/la-cumbrecita,Ла-Кумбресита и Сьерры Кордовы,0,0,/places,yes,yes,needs_review,no_explicit_inbound_link|no_related_or_outgoing_link,src/data/places-seed.ts,Статические ссылки и структурированные related-поля; runtime/CMS ссылки не сканировались.
place:la-plata,place,/places/la-plata,Ла-Плата,0,0,/places,yes,yes,needs_review,no_explicit_inbound_link|no_related_or_outgoing_link,src/data/places-seed.ts,Статические ссылки и структурированные related-поля; runtime/CMS ссылки не сканировались.
place:la-rioja,place,/places/la-rioja,Ла-Риоха,0,0,/places,yes,yes,needs_review,no_explicit_inbound_link|no_related_or_outgoing_link,src/data/places-seed.ts,Статические ссылки и структурированные related-поля; runtime/CMS ссылки не сканировались.
place:lanin,place,/places/lanin,Национальный парк Ланин,0,0,/places,yes,yes,needs_review,no_explicit_inbound_link|no_related_or_outgoing_link,src/data/places-seed.ts,Статические ссылки и структурированные related-поля; runtime/CMS ссылки не сканировались.
place:las-lenas,place,/places/las-lenas,Лас-Леньяс,0,0,/places,yes,yes,needs_review,no_explicit_inbound_link|no_related_or_outgoing_link,src/data/places-seed.ts,Статические ссылки и структурированные related-поля; runtime/CMS ссылки не сканировались.
place:lihue-calel,place,/places/lihue-calel,Национальный парк Лиуэ-Калель,0,0,/places,yes,yes,needs_review,no_explicit_inbound_link|no_related_or_outgoing_link,src/data/places-seed.ts,Статические ссылки и структурированные related-поля; runtime/CMS ссылки не сканировались.
place:los-alerces-national-park,place,/places/los-alerces-national-park,Национальный парк Лос-Алерсес,0,0,/places,yes,yes,needs_review,no_explicit_inbound_link|no_related_or_outgoing_link,src/data/places-seed.ts,Статические ссылки и структурированные related-поля; runtime/CMS ссылки не сканировались.
place:los-antiguos,place,/places/los-antiguos,Лос-Антигуос,0,0,/places,yes,yes,needs_review,no_explicit_inbound_link|no_related_or_outgoing_link,src/data/places-seed.ts,Статические ссылки и структурированные related-поля; runtime/CMS ссылки не сканировались.
place:los-cardones,place,/places/los-cardones,Национальный парк Лос-Кардонес,0,0,/places,yes,yes,needs_review,no_explicit_inbound_link|no_related_or_outgoing_link,src/data/places-seed.ts,Статические ссылки и структурированные related-поля; runtime/CMS ссылки не сканировались.
place:lujan,place,/places/lujan,Лухан,0,0,/places,yes,yes,needs_review,no_explicit_inbound_link|no_related_or_outgoing_link,src/data/places-seed.ts,Статические ссылки и структурированные related-поля; runtime/CMS ссылки не сканировались.
place:mar-de-las-pampas,place,/places/mar-de-las-pampas,Мар-де-лас-Пампас,0,0,/places,yes,yes,needs_review,no_explicit_inbound_link|no_related_or_outgoing_link,src/data/places-seed.ts,Статические ссылки и структурированные related-поля; runtime/CMS ссылки не сканировались.
place:mar-del-plata,place,/places/mar-del-plata,Мар-дель-Плата,0,0,/places,yes,yes,needs_review,no_explicit_inbound_link|no_related_or_outgoing_link,src/data/places-seed.ts,Статические ссылки и структурированные related-поля; runtime/CMS ссылки не сканировались.
place:mercedes-corrientes,place,/places/mercedes-corrientes,Мерседес (Корриентес),0,0,/places,yes,yes,needs_review,no_explicit_inbound_link|no_related_or_outgoing_link,src/data/places-seed.ts,Статические ссылки и структурированные related-поля; runtime/CMS ссылки не сканировались.
place:merlo,place,/places/merlo,Мерло,0,0,/places,yes,yes,needs_review,no_explicit_inbound_link|no_related_or_outgoing_link,src/data/places-seed.ts,Статические ссылки и структурированные related-поля; runtime/CMS ссылки не сканировались.
place:necochea,place,/places/necochea,Некочеа,0,0,/places,yes,yes,needs_review,no_explicit_inbound_link|no_related_or_outgoing_link,src/data/places-seed.ts,Статические ссылки и структурированные related-поля; runtime/CMS ссылки не сканировались.
place:neuquen,place,/places/neuquen,Неукен,0,0,/places,yes,yes,needs_review,no_explicit_inbound_link|no_related_or_outgoing_link,src/data/places-seed.ts,Статические ссылки и структурированные related-поля; runtime/CMS ссылки не сканировались.
place:parana,place,/places/parana,Парана,0,0,/places,yes,yes,needs_review,no_explicit_inbound_link|no_related_or_outgoing_link,src/data/places-seed.ts,Статические ссылки и структурированные related-поля; runtime/CMS ссылки не сканировались.
place:parque-nacional-chaco,place,/places/parque-nacional-chaco,Национальный парк Чако,0,0,/places,yes,yes,needs_review,no_explicit_inbound_link|no_related_or_outgoing_link,src/data/places-seed.ts,Статические ссылки и структурированные related-поля; runtime/CMS ссылки не сканировались.
place:parque-nacional-el-palmar,place,/places/parque-nacional-el-palmar,Национальный парк Эль-Пальмар,0,0,/places,yes,yes,needs_review,no_explicit_inbound_link|no_related_or_outgoing_link,src/data/places-seed.ts,Статические ссылки и структурированные related-поля; runtime/CMS ссылки не сканировались.
place:parque-nacional-rio-pilcomayo,place,/places/parque-nacional-rio-pilcomayo,Национальный парк Рио-Пилькомайо,0,0,/places,yes,yes,needs_review,no_explicit_inbound_link|no_related_or_outgoing_link,src/data/places-seed.ts,Статические ссылки и структурированные related-поля; runtime/CMS ссылки не сканировались.
place:patagonia-park,place,/places/patagonia-park,Национальный парк Патагония,0,0,/places,yes,yes,needs_review,no_explicit_inbound_link|no_related_or_outgoing_link,src/data/places-seed.ts,Статические ссылки и структурированные related-поля; runtime/CMS ссылки не сканировались.
place:pinamar,place,/places/pinamar,Пинамар,0,0,/places,yes,yes,needs_review,no_explicit_inbound_link|no_related_or_outgoing_link,src/data/places-seed.ts,Статические ссылки и структурированные related-поля; runtime/CMS ссылки не сканировались.
place:posadas,place,/places/posadas,Посадас,0,0,/places,yes,yes,needs_review,no_explicit_inbound_link|no_related_or_outgoing_link,src/data/places-seed.ts,Статические ссылки и структурированные related-поля; runtime/CMS ссылки не сканировались.
place:puente-del-inca,place,/places/puente-del-inca,Пуэнте-дель-Инка,0,0,/places,yes,yes,needs_review,no_explicit_inbound_link|no_related_or_outgoing_link,src/data/places-seed.ts,Статические ссылки и структурированные related-поля; runtime/CMS ссылки не сканировались.
place:puerto-deseado,place,/places/puerto-deseado,Пуэрто-Десеадо,0,0,/places,yes,yes,needs_review,no_explicit_inbound_link|no_related_or_outgoing_link,src/data/places-seed.ts,Статические ссылки и структурированные related-поля; runtime/CMS ссылки не сканировались.
place:punta-tombo,place,/places/punta-tombo,Пунта-Томбо,0,0,/places,yes,yes,needs_review,no_explicit_inbound_link|no_related_or_outgoing_link,src/data/places-seed.ts,Статические ссылки и структурированные related-поля; runtime/CMS ссылки не сканировались.
place:quebrada-de-las-conchas,place,/places/quebrada-de-las-conchas,Ущелье Лас-Кончас,0,0,/places,yes,yes,needs_review,no_explicit_inbound_link|no_related_or_outgoing_link,src/data/places-seed.ts,Статические ссылки и структурированные related-поля; runtime/CMS ссылки не сканировались.
place:rio-gallegos,place,/places/rio-gallegos,Рио-Гальегос,0,0,/places,yes,yes,needs_review,no_explicit_inbound_link|no_related_or_outgoing_link,src/data/places-seed.ts,Статические ссылки и структурированные related-поля; runtime/CMS ссылки не сканировались.
place:rosario,place,/places/rosario,Росарио,0,0,/places,yes,yes,needs_review,no_explicit_inbound_link|no_related_or_outgoing_link,src/data/places-seed.ts,Статические ссылки и структурированные related-поля; runtime/CMS ссылки не сканировались.
place:ruinas-de-quilmes,place,/places/ruinas-de-quilmes,Руины Кильмес,0,0,/places,yes,yes,needs_review,no_explicit_inbound_link|no_related_or_outgoing_link,src/data/places-seed.ts,Статические ссылки и структурированные related-поля; runtime/CMS ссылки не сканировались.
place:saltos-del-mocona,place,/places/saltos-del-mocona,Сальтос-дель-Моконá,0,0,/places,yes,yes,needs_review,no_explicit_inbound_link|no_related_or_outgoing_link,src/data/places-seed.ts,Статические ссылки и структурированные related-поля; runtime/CMS ссылки не сканировались.
place:san-antonio-de-areco,place,/places/san-antonio-de-areco,Сан-Антонио-де-Ареко,0,0,/places,yes,yes,needs_review,no_explicit_inbound_link|no_related_or_outgoing_link,src/data/places-seed.ts,Статические ссылки и структурированные related-поля; runtime/CMS ссылки не сканировались.
place:san-ignacio-mini,place,/places/san-ignacio-mini,Сан-Игнасио-Мини,0,0,/places,yes,yes,needs_review,no_explicit_inbound_link|no_related_or_outgoing_link,src/data/places-seed.ts,Статические ссылки и структурированные related-поля; runtime/CMS ссылки не сканировались.
place:san-juan,place,/places/san-juan,Сан-Хуан,0,0,/places,yes,yes,needs_review,no_explicit_inbound_link|no_related_or_outgoing_link,src/data/places-seed.ts,Статические ссылки и структурированные related-поля; runtime/CMS ссылки не сканировались.
place:san-luis,place,/places/san-luis,Сан-Луис,0,0,/places,yes,yes,needs_review,no_explicit_inbound_link|no_related_or_outgoing_link,src/data/places-seed.ts,Статические ссылки и структурированные related-поля; runtime/CMS ссылки не сканировались.
place:san-rafael,place,/places/san-rafael,Сан-Рафаэль,0,0,/places,yes,yes,needs_review,no_explicit_inbound_link|no_related_or_outgoing_link,src/data/places-seed.ts,Статические ссылки и структурированные related-поля; runtime/CMS ссылки не сканировались.
place:san-salvador-de-jujuy,place,/places/san-salvador-de-jujuy,Сан-Сальвадор-де-Жужуй,0,0,/places,yes,yes,needs_review,no_explicit_inbound_link|no_related_or_outgoing_link,src/data/places-seed.ts,Статические ссылки и структурированные related-поля; runtime/CMS ссылки не сканировались.
place:santa-fe,place,/places/santa-fe,Санта-Фе,0,0,/places,yes,yes,needs_review,no_explicit_inbound_link|no_related_or_outgoing_link,src/data/places-seed.ts,Статические ссылки и структурированные related-поля; runtime/CMS ссылки не сканировались.
place:santa-rosa,place,/places/santa-rosa,Санта-Роса,0,0,/places,yes,yes,needs_review,no_explicit_inbound_link|no_related_or_outgoing_link,src/data/places-seed.ts,Статические ссылки и структурированные related-поля; runtime/CMS ссылки не сканировались.
place:santiago-del-estero,place,/places/santiago-del-estero,Сантьяго-дель-Эстеро,0,0,/places,yes,yes,needs_review,no_explicit_inbound_link|no_related_or_outgoing_link,src/data/places-seed.ts,Статические ссылки и структурированные related-поля; runtime/CMS ссылки не сканировались.
place:sierra-de-la-ventana,place,/places/sierra-de-la-ventana,Сьерра-де-ла-Вентана,0,0,/places,yes,yes,needs_review,no_explicit_inbound_link|no_related_or_outgoing_link,src/data/places-seed.ts,Статические ссылки и структурированные related-поля; runtime/CMS ссылки не сканировались.
place:sierra-de-las-quijadas,place,/places/sierra-de-las-quijadas,Национальный парк Сьерра-де-лас-Кихадас,0,0,/places,yes,yes,needs_review,no_explicit_inbound_link|no_related_or_outgoing_link,src/data/places-seed.ts,Статические ссылки и структурированные related-поля; runtime/CMS ссылки не сканировались.
place:susques,place,/places/susques,Сускес,0,0,/places,yes,yes,needs_review,no_explicit_inbound_link|no_related_or_outgoing_link,src/data/places-seed.ts,Статические ссылки и структурированные related-поля; runtime/CMS ссылки не сканировались.
place:tafi-del-valle,place,/places/tafi-del-valle,Тафи-дель-Валье,0,0,/places,yes,yes,needs_review,no_explicit_inbound_link|no_related_or_outgoing_link,src/data/places-seed.ts,Статические ссылки и структурированные related-поля; runtime/CMS ссылки не сканировались.
place:tandil,place,/places/tandil,Тандиль,0,0,/places,yes,yes,needs_review,no_explicit_inbound_link|no_related_or_outgoing_link,src/data/places-seed.ts,Статические ссылки и структурированные related-поля; runtime/CMS ссылки не сканировались.
place:termas-de-rio-hondo,place,/places/termas-de-rio-hondo,Термас-де-Рио-Ондо,0,0,/places,yes,yes,needs_review,no_explicit_inbound_link|no_related_or_outgoing_link,src/data/places-seed.ts,Статические ссылки и структурированные related-поля; runtime/CMS ссылки не сканировались.
place:trelew,place,/places/trelew,Трелью,0,0,/places,yes,yes,needs_review,no_explicit_inbound_link|no_related_or_outgoing_link,src/data/places-seed.ts,Статические ссылки и структурированные related-поля; runtime/CMS ссылки не сканировались.
place:tucuman,place,/places/tucuman,Сан-Мигель-де-Тукуман,0,0,/places,yes,yes,needs_review,no_explicit_inbound_link|no_related_or_outgoing_link,src/data/places-seed.ts,Статические ссылки и структурированные related-поля; runtime/CMS ссылки не сканировались.
place:villa-gesell,place,/places/villa-gesell,Вилья-Хесель,0,0,/places,yes,yes,needs_review,no_explicit_inbound_link|no_related_or_outgoing_link,src/data/places-seed.ts,Статические ссылки и структурированные related-поля; runtime/CMS ссылки не сканировались.
place:villavicencio,place,/places/villavicencio,Вильявисенсио,0,0,/places,yes,yes,needs_review,no_explicit_inbound_link|no_related_or_outgoing_link,src/data/places-seed.ts,Статические ссылки и структурированные related-поля; runtime/CMS ссылки не сканировались.
kb:gde-luchshiy-karnaval-v-argentine,faq,/baza-znaniy/gde-luchshiy-karnaval-v-argentine,Где лучший карнавал в Аргентине?,0,2,/baza-znaniy,yes,yes,needs_review,no_explicit_inbound_link,content/knowledge-base/faq/gde-luchshiy-karnaval-v-argentine.md,Статические ссылки и структурированные related-поля; runtime/CMS ссылки не сканировались.
kb:gid-po-kulture,guide,/baza-znaniy/gid-po-kulture,Культура и жизнь Аргентины: полный тематический гид,0,5,/baza-znaniy,yes,yes,needs_review,no_explicit_inbound_link,content/knowledge-base/kultura/gid-po-kulture.md,Статические ссылки и структурированные related-поля; runtime/CMS ссылки не сканировались.
kb:gid-po-transportu,transport,/baza-znaniy/gid-po-transportu,Транспорт в Аргентине: полный тематический гид,0,13,/baza-znaniy,yes,yes,needs_review,no_explicit_inbound_link,content/knowledge-base/transport/gid-po-transportu.md,Статические ссылки и структурированные related-поля; runtime/CMS ссылки не сканировались.
kb:kak-kupit-aviabilety-deshevle,faq,/baza-znaniy/kak-kupit-aviabilety-deshevle,Как купить внутренние авиабилеты по Аргентине дешевле?,0,2,/baza-znaniy,yes,yes,needs_review,no_explicit_inbound_link,content/knowledge-base/faq/kak-kupit-aviabilety-deshevle.md,Статические ссылки и структурированные related-поля; runtime/CMS ссылки не сканировались.
kb:kakie-rajony-ba-izbegat,faq,/baza-znaniy/kakie-rajony-ba-izbegat,Какие районы Буэнос-Айреса стоит избегать?,0,2,/baza-znaniy,yes,yes,needs_review,no_explicit_inbound_link,content/knowledge-base/faq/kakie-rajony-ba-izbegat.md,Статические ссылки и структурированные related-поля; runtime/CMS ссылки не сканировались.
kb:kakie-rozetki-v-argentine,faq,/baza-znaniy/kakie-rozetki-v-argentine,"Какие розетки и напряжение в Аргентине, нужен ли адаптер?",0,3,/baza-znaniy,yes,yes,needs_review,no_explicit_inbound_link,content/knowledge-base/faq/kakie-rozetki-v-argentine.md,Статические ссылки и структурированные related-поля; runtime/CMS ссылки не сканировались.
kb:nuzhen-li-4x4-ruta-40,faq,/baza-znaniy/nuzhen-li-4x4-ruta-40,Нужен ли полноприводный автомобиль для Дороги семи озёр и Руты 40?,0,2,/baza-znaniy,yes,yes,needs_review,no_explicit_inbound_link,content/knowledge-base/faq/nuzhen-li-4x4-ruta-40.md,Статические ссылки и структурированные related-поля; runtime/CMS ссылки не сканировались.
kb:nuzhno-li-ostavlyat-chaevye,faq,/baza-znaniy/nuzhno-li-ostavlyat-chaevye,Нужно ли оставлять чаевые в Аргентине и сколько?,0,4,/baza-znaniy,yes,yes,needs_review,no_explicit_inbound_link,content/knowledge-base/faq/nuzhno-li-ostavlyat-chaevye.md,Статические ссылки и структурированные related-поля; runtime/CMS ссылки не сканировались.
kb:vo-skolko-uzhinayut-v-argentine,faq,/baza-znaniy/vo-skolko-uzhinayut-v-argentine,Во сколько в Аргентине обедают и ужинают?,0,3,/baza-znaniy,yes,yes,needs_review,no_explicit_inbound_link,content/knowledge-base/faq/vo-skolko-uzhinayut-v-argentine.md,Статические ссылки и структурированные related-поля; runtime/CMS ссылки не сканировались.
blog:banado-la-estrella,blog,/blog/banado-la-estrella,Баньядо-ла-Эстрелья: призрачные болота Формосы (гид 2026),0,3,/blog,yes,yes,needs_review,no_explicit_inbound_link,src/data/blog.ts,Статические ссылки и структурированные related-поля; runtime/CMS ссылки не сканировались.
blog:buenos-aires-бюджет,blog,/blog/buenos-aires-бюджет,Буэнос-Айрес: сколько стоит поездка и как сэкономить,0,6,/blog,yes,yes,needs_review,no_explicit_inbound_link,src/data/blog.ts,Статические ссылки и структурированные related-поля; runtime/CMS ссылки не сканировались.
blog:buenos-aires-с-гидом,blog,/blog/buenos-aires-с-гидом,"Буэнос-Айрес: когда нужен гид, а когда можно самому",0,6,/blog,yes,yes,needs_review,no_explicit_inbound_link,src/data/blog.ts,Статические ссылки и структурированные related-поля; runtime/CMS ссылки не сканировались.
blog:buenos-aires-советы-новичкам,blog,/blog/buenos-aires-советы-новичкам,Буэнос-Айрес: полный гид для новичков — с чего начать,0,6,/blog,yes,yes,needs_review,no_explicit_inbound_link,src/data/blog.ts,Статические ссылки и структурированные related-поля; runtime/CMS ссылки не сканировались.
blog:ischigualasto-valle-de-la-luna,blog,/blog/ischigualasto-valle-de-la-luna,Исчигуаласто (Долина Луны): полный гид по парку (2026),0,3,/blog,yes,yes,needs_review,no_explicit_inbound_link,src/data/blog.ts,Статические ссылки и структурированные related-поля; runtime/CMS ссылки не сканировались.
blog:money-90-дней,blog,/blog/money-90-дней,Финансы при поездке до 90 дней: как планировать расходы,0,3,/blog,yes,yes,needs_review,no_explicit_inbound_link,src/data/blog.ts,Статические ссылки и структурированные related-поля; runtime/CMS ссылки не сканировались.
blog:money-бюджет,blog,/blog/money-бюджет,Деньги в Аргентине: сколько стоит поездка и как сэкономить,0,3,/blog,yes,yes,needs_review,no_explicit_inbound_link,src/data/blog.ts,Статические ссылки и структурированные related-поля; runtime/CMS ссылки не сканировались.
blog:natsionalnyy-park-patagonia,blog,/blog/natsionalnyy-park-patagonia,Национальный парк Патагония: дикие плато и степь Санта-Круса (гид 2026),0,3,/blog,yes,yes,needs_review,no_explicit_inbound_link,src/data/blog.ts,Статические ссылки и структурированные related-поля; runtime/CMS ссылки не сканировались.
blog:northwest-самостоятельно,blog,/blog/northwest-самостоятельно,Северо-запад Аргентины самостоятельно: пошаговый план,0,6,/blog,yes,yes,needs_review,no_explicit_inbound_link,src/data/blog.ts,Статические ссылки и структурированные related-поля; runtime/CMS ссылки не сканировались.
blog:northwest-сезон-дождей,blog,/blog/northwest-сезон-дождей,Северо-запад Аргентины: Сезон дождей — практический гид,0,6,/blog,yes,yes,needs_review,no_explicit_inbound_link,src/data/blog.ts,Статические ссылки и структурированные related-поля; runtime/CMS ссылки не сканировались.
blog:patagonia-camping,blog,/blog/patagonia-camping,Патагония: Кемпинг — практический гид,0,6,/blog,yes,yes,needs_review,no_explicit_inbound_link,src/data/blog.ts,Статические ссылки и структурированные related-поля; runtime/CMS ссылки не сканировались.
blog:patagonia-mini-trekking,blog,/blog/patagonia-mini-trekking,Патагония: Мини-треккинг на Perito Moreno — практический гид,0,6,/blog,yes,yes,needs_review,no_explicit_inbound_link,src/data/blog.ts,Статические ссылки и структурированные related-поля; runtime/CMS ссылки не сканировались.
blog:patagonia-бюджет,blog,/blog/patagonia-бюджет,Патагония: сколько стоит поездка и как сэкономить,0,6,/blog,yes,yes,needs_review,no_explicit_inbound_link,src/data/blog.ts,Статические ссылки и структурированные related-поля; runtime/CMS ссылки не сканировались.
blog:patagonia-весной,blog,/blog/patagonia-весной,"Патагония весной: погода, одежда и что успеть",0,6,/blog,yes,yes,needs_review,no_explicit_inbound_link,src/data/blog.ts,Статические ссылки и структурированные related-поля; runtime/CMS ссылки не сканировались.
blog:patagonia-ветер,blog,/blog/patagonia-ветер,Патагония: Ветреная погода — практический гид,0,6,/blog,yes,yes,needs_review,no_explicit_inbound_link,src/data/blog.ts,Статические ссылки и структурированные related-поля; runtime/CMS ссылки не сканировались.
blog:patagonia-за-10-дней,blog,/blog/patagonia-за-10-дней,Патагония за 10 дней: готовый маршрут по дням,0,6,/blog,yes,yes,needs_review,no_explicit_inbound_link,src/data/blog.ts,Статические ссылки и структурированные related-поля; runtime/CMS ссылки не сканировались.
blog:patagonia-за-14-дней,blog,/blog/patagonia-за-14-дней,Патагония за 14 дней: готовый маршрут по дням,0,6,/blog,yes,yes,needs_review,no_explicit_inbound_link,src/data/blog.ts,Статические ссылки и структурированные related-поля; runtime/CMS ссылки не сканировались.
blog:patagonia-за-3-дня,blog,/blog/patagonia-за-3-дня,Патагония за 3 дня: готовый маршрут по дням,0,6,/blog,yes,yes,needs_review,no_explicit_inbound_link,src/data/blog.ts,Статические ссылки и структурированные related-поля; runtime/CMS ссылки не сканировались.
blog:patagonia-за-5-дней,blog,/blog/patagonia-за-5-дней,Патагония за 5 дней: готовый маршрут по дням,0,6,/blog,yes,yes,needs_review,no_explicit_inbound_link,src/data/blog.ts,Статические ссылки и структурированные related-поля; runtime/CMS ссылки не сканировались.
blog:patagonia-за-7-дней,blog,/blog/patagonia-за-7-дней,Патагония за 7 дней: готовый маршрут по дням,0,6,/blog,yes,yes,needs_review,no_explicit_inbound_link,src/data/blog.ts,Статические ссылки и структурированные related-поля; runtime/CMS ссылки не сканировались.
blog:patagonia-зимой,blog,/blog/patagonia-зимой,"Патагония зимой: погода, одежда и что успеть",0,6,/blog,yes,yes,needs_review,no_explicit_inbound_link,src/data/blog.ts,Статические ссылки и структурированные related-поля; runtime/CMS ссылки не сканировались.
blog:patagonia-летом,blog,/blog/patagonia-летом,"Патагония летом: погода, одежда и что успеть",0,6,/blog,yes,yes,needs_review,no_explicit_inbound_link,src/data/blog.ts,Статические ссылки и структурированные related-поля; runtime/CMS ссылки не сканировались.
blog:patagonia-осенью,blog,/blog/patagonia-осенью,"Патагония осенью: погода, одежда и что успеть",0,6,/blog,yes,yes,needs_review,no_explicit_inbound_link,src/data/blog.ts,Статические ссылки и структурированные related-поля; runtime/CMS ссылки не сканировались.
blog:patagonia-ошибки,blog,/blog/patagonia-ошибки,Патагония: 10 типичных ошибок туристов,0,6,/blog,yes,yes,needs_review,no_explicit_inbound_link,src/data/blog.ts,Статические ссылки и структурированные related-поля; runtime/CMS ссылки не сканировались.
blog:patagonia-с-гидом,blog,/blog/patagonia-с-гидом,"Патагония: когда нужен гид, а когда можно самому",0,6,/blog,yes,yes,needs_review,no_explicit_inbound_link,src/data/blog.ts,Статические ссылки и структурированные related-поля; runtime/CMS ссылки не сканировались.
blog:patagonia-с-ребёнком,blog,/blog/patagonia-с-ребёнком,"Патагония с ребёнком: маршрут, жильё и безопасность",0,6,/blog,yes,yes,needs_review,no_explicit_inbound_link,src/data/blog.ts,Статические ссылки и структурированные related-поля; runtime/CMS ссылки не сканировались.
blog:patagonia-с-чем-совмещать,blog,/blog/patagonia-с-чем-совмещать,Патагония: С чем совмещать маршрут — практический гид,0,6,/blog,yes,yes,needs_review,no_explicit_inbound_link,src/data/blog.ts,Статические ссылки и структурированные related-поля; runtime/CMS ссылки не сканировались.
blog:patagonia-самостоятельно,blog,/blog/patagonia-самостоятельно,Патагония самостоятельно: пошаговый план,0,6,/blog,yes,yes,needs_review,no_explicit_inbound_link,src/data/blog.ts,Статические ссылки и структурированные related-поля; runtime/CMS ссылки не сканировались.
blog:patagonia-советы-новичкам,blog,/blog/patagonia-советы-новичкам,Патагония: полный гид для новичков — с чего начать,0,6,/blog,yes,yes,needs_review,no_explicit_inbound_link,src/data/blog.ts,Статические ссылки и структурированные related-поля; runtime/CMS ссылки не сканировались.
blog:patagonia-фото,blog,/blog/patagonia-фото,Патагония: Фотосъёмка — практический гид,0,6,/blog,yes,yes,needs_review,no_explicit_inbound_link,src/data/blog.ts,Статические ссылки и структурированные related-поля; runtime/CMS ссылки не сканировались.
blog:patagonia-холод,blog,/blog/patagonia-холод,Патагония: Холод и одежда — практический гид,0,6,/blog,yes,yes,needs_review,no_explicit_inbound_link,src/data/blog.ts,Статические ссылки и структурированные related-поля; runtime/CMS ссылки не сканировались.
blog:patagonia-чек-лист,blog,/blog/patagonia-чек-лист,Патагония: чек-лист перед поездкой,0,6,/blog,yes,yes,needs_review,no_explicit_inbound_link,src/data/blog.ts,Статические ссылки и структурированные related-поля; runtime/CMS ссылки не сканировались.
blog:uco-valley-vino-i-gory,blog,/blog/uco-valley-vino-i-gory,"Долина Уко: вино, Аконкагуа и дегустации",0,5,/blog,yes,yes,needs_review,no_explicit_inbound_link,src/data/blog.ts,Статические ссылки и структурированные related-поля; runtime/CMS ссылки не сканировались.
collection:best-for-photographers,collection,/collections/best-for-photographers,Лучшие места для фотографов,0,6,/collections,yes,yes,needs_review,no_explicit_inbound_link,src/data/places-seed.ts,Статические ссылки и структурированные related-поля; runtime/CMS ссылки не сканировались.
collection:best-glaciers,collection,/collections/best-glaciers,Лучшие ледники Аргентины,0,3,/collections,yes,yes,needs_review,no_explicit_inbound_link,src/data/places-seed.ts,Статические ссылки и структурированные related-поля; runtime/CMS ссылки не сканировались.
collection:lake-district,collection,/collections/lake-district,Озёрный край и Дорога семи озёр,0,4,/collections,yes,yes,needs_review,no_explicit_inbound_link,src/data/places-seed.ts,Статические ссылки и структурированные related-поля; runtime/CMS ссылки не сканировались.
collection:patagonia-highlights,collection,/collections/patagonia-highlights,Жемчужины Патагонии,0,7,/collections,yes,yes,needs_review,no_explicit_inbound_link,src/data/places-seed.ts,Статические ссылки и структурированные related-поля; runtime/CMS ссылки не сканировались.
collection:unesco-heritage,collection,/collections/unesco-heritage,Объекты UNESCO,0,8,/collections,yes,yes,needs_review,no_explicit_inbound_link,src/data/places-seed.ts,Статические ссылки и структурированные related-поля; runtime/CMS ссылки не сканировались.
collection:wildlife-argentina,collection,/collections/wildlife-argentina,Дикая природа,0,4,/collections,yes,yes,needs_review,no_explicit_inbound_link,src/data/places-seed.ts,Статические ссылки и структурированные related-поля; runtime/CMS ссылки не сканировались.
guide-topic:istoriya,guide_topic,/guide/istoriya,История,0,4,/guide,yes,yes,needs_review,no_explicit_inbound_link,src/data/guide-topics.ts,Статические ссылки и структурированные related-поля; runtime/CMS ссылки не сканировались.
guide-topic:shopping,guide_topic,/guide/shopping,Шопинг,0,4,/guide,yes,yes,needs_review,no_explicit_inbound_link,src/data/guide-topics.ts,Статические ссылки и структурированные related-поля; runtime/CMS ссылки не сканировались.
guide-topic:yazyk,guide_topic,/guide/yazyk,Язык,0,4,/guide,yes,yes,needs_review,no_explicit_inbound_link,src/data/guide-topics.ts,Статические ссылки и структурированные related-поля; runtime/CMS ссылки не сканировались.
itinerary:buenos-aires-iguazu-5-days,itinerary,/itineraries/buenos-aires-iguazu-5-days,Буэнос-Айрес + Игуасу за 5 дней,0,2,/itineraries,yes,yes,needs_review,no_explicit_inbound_link,src/data/places-seed.ts,Статические ссылки и структурированные related-поля; runtime/CMS ссылки не сканировались.
itinerary:northwest-7-days,itinerary,/itineraries/northwest-7-days,Северо-запад за 7 дней,0,5,/itineraries,yes,yes,needs_review,no_explicit_inbound_link,src/data/places-seed.ts,Статические ссылки и структурированные related-поля; runtime/CMS ссылки не сканировались.
itinerary:patagonia-classic-10-days,itinerary,/itineraries/patagonia-classic-10-days,Классическая Патагония за 10 дней,0,6,/itineraries,yes,yes,needs_review,no_explicit_inbound_link,src/data/places-seed.ts,Статические ссылки и структурированные related-поля; runtime/CMS ссылки не сканировались.
