"id","path","content_type","action","facts_changed","status","owner","evidence"
"bezopasnost-argentina","content/knowledge-base/bezopasnost/bezopasnost-argentina.md","guide","DEEP_REWRITE_OR_EXPANSION","review_current_sources_and_diff","published_quality_gate_passed","Content editor","git diff; words 458→901; sources=4"
"byt-i-zhilyo","content/knowledge-base/byt/byt-i-zhilyo.md","guide","DEEP_REWRITE_OR_EXPANSION","review_current_sources_and_diff","published_quality_gate_passed","Content editor","git diff; words 449→654; sources=2"
"banki-i-perevody","content/knowledge-base/dengi/banki-i-perevody.md","guide","DEEP_REWRITE_OR_EXPANSION","review_current_sources_and_diff","published_quality_gate_passed","Content editor","git diff; words 160→694; sources=3"
"byudzhet-poezdki","content/knowledge-base/dengi/byudzhet-poezdki.md","guide","DEEP_REWRITE_OR_EXPANSION","review_current_sources_and_diff","published_quality_gate_passed","Content editor","git diff; words 119→752; sources=4"
"gid-po-dengam","content/knowledge-base/dengi/gid-po-dengam.md","guide","DEEP_REWRITE_OR_EXPANSION","review_current_sources_and_diff","published_quality_gate_passed","Content editor","git diff; words 365→700; sources=5"
"kak-menyat-valyutu","content/knowledge-base/dengi/kak-menyat-valyutu.md","guide","EDITORIAL_UPDATE","review_current_sources_and_diff","published_quality_gate_passed","Content editor","git diff; words 729→769; sources=6"
"nalogi-i-monotributo","content/knowledge-base/dengi/nalogi-i-monotributo.md","guide","DEEP_REWRITE_OR_EXPANSION","review_current_sources_and_diff","published_quality_gate_passed","Content editor","git diff; words 149→658; sources=1"
"otkrytie-biznesa","content/knowledge-base/dengi/otkrytie-biznesa.md","guide","DEEP_REWRITE_OR_EXPANSION","review_current_sources_and_diff","published_quality_gate_passed","Content editor","git diff; words 146→732; sources=3"
"stoimost-zhizni-ba","content/knowledge-base/dengi/stoimost-zhizni-ba.md","guide","DEEP_REWRITE_OR_EXPANSION","review_current_sources_and_diff","published_quality_gate_passed","Content editor","git diff; words 132→714; sources=3"
"stoimost-zhizni-semya-i-para","content/knowledge-base/dengi/stoimost-zhizni-semya-i-para.md","guide","DEEP_REWRITE_OR_EXPANSION","review_current_sources_and_diff","published_quality_gate_passed","Content editor","git diff; words 57→747; sources=2"
"udalyonnaya-rabota-i-oplata","content/knowledge-base/dengi/udalyonnaya-rabota-i-oplata.md","guide","DEEP_REWRITE_OR_EXPANSION","review_current_sources_and_diff","published_quality_gate_passed","Content editor","git diff; words 371→714; sources=5"
"zashchita-nakoplenij-ot-inflyacii","content/knowledge-base/dengi/zashchita-nakoplenij-ot-inflyacii.md","guide","DEEP_REWRITE_OR_EXPANSION","review_current_sources_and_diff","published_quality_gate_passed","Content editor","git diff; words 335→718; sources=5"
"amaicha-del-valle-y-ciudad-sagrada-de-los-quilmes","content/knowledge-base/dostoprimechatelnosti/amaicha-del-valle-y-ciudad-sagrada-de-los-quilmes.md","attraction","DEEP_REWRITE_OR_EXPANSION","review_current_sources_and_diff","published_quality_gate_passed","Content editor","git diff; words 61→554; sources=2"
"aves-del-chaco","content/knowledge-base/dostoprimechatelnosti/aves-del-chaco.md","attraction","DEEP_REWRITE_OR_EXPANSION","review_current_sources_and_diff","published_quality_gate_passed","Content editor","git diff; words 48→544; sources=3"
"bienal-internacional-de-esculturas-en-resistencia","content/knowledge-base/dostoprimechatelnosti/bienal-internacional-de-esculturas-en-resistencia.md","attraction","DEEP_REWRITE_OR_EXPANSION","review_current_sources_and_diff","published_quality_gate_passed","Content editor","git diff; words 57→531; sources=3"
"campo-del-cielo","content/knowledge-base/dostoprimechatelnosti/campo-del-cielo.md","attraction","DEEP_REWRITE_OR_EXPANSION","review_current_sources_and_diff","published_quality_gate_passed","Content editor","git diff; words 54→538; sources=3"
"casa-historica-tucuman","content/knowledge-base/dostoprimechatelnosti/casa-historica-tucuman.md","attraction","EDITORIAL_UPDATE","review_current_sources_and_diff","published_quality_gate_passed","Content editor","git diff; words 404→503; sources=3"
"caucete-san-juan","content/knowledge-base/dostoprimechatelnosti/caucete-san-juan.md","attraction","DEEP_REWRITE_OR_EXPANSION","review_current_sources_and_diff","published_quality_gate_passed","Content editor","git diff; words 55→548; sources=2"
"circuito-callejero-de-potrero-de-los-funes","content/knowledge-base/dostoprimechatelnosti/circuito-callejero-de-potrero-de-los-funes.md","attraction","DEEP_REWRITE_OR_EXPANSION","review_current_sources_and_diff","published_quality_gate_passed","Content editor","git diff; words 59→571; sources=3"
"circuito-cultural-en-formosa","content/knowledge-base/dostoprimechatelnosti/circuito-cultural-en-formosa.md","attraction","DEEP_REWRITE_OR_EXPANSION","review_current_sources_and_diff","published_quality_gate_passed","Content editor","git diff; words 52→588; sources=3"
"circuito-de-cervecerias-en-rosario","content/knowledge-base/dostoprimechatelnosti/circuito-de-cervecerias-en-rosario.md","attraction","DEEP_REWRITE_OR_EXPANSION","review_current_sources_and_diff","published_quality_gate_passed","Content editor","git diff; words 55→595; sources=4"
"circuito-gastronomico-en-el-rio-parana","content/knowledge-base/dostoprimechatelnosti/circuito-gastronomico-en-el-rio-parana.md","attraction","DEEP_REWRITE_OR_EXPANSION","review_current_sources_and_diff","published_quality_gate_passed","Content editor","git diff; words 52→646; sources=4"
"cueva-de-las-manos","content/knowledge-base/dostoprimechatelnosti/cueva-de-las-manos.md","attraction","DEEP_REWRITE_OR_EXPANSION","review_current_sources_and_diff","published_quality_gate_passed","Content editor","git diff; words 234→534; sources=2"
"gastronomia-de-chaco","content/knowledge-base/dostoprimechatelnosti/gastronomia-de-chaco.md","attraction","DEEP_REWRITE_OR_EXPANSION","review_current_sources_and_diff","published_quality_gate_passed","Content editor","git diff; words 55→522; sources=2"
"hornocal","content/knowledge-base/dostoprimechatelnosti/hornocal.md","attraction","DEEP_REWRITE_OR_EXPANSION","review_current_sources_and_diff","published_quality_gate_passed","Content editor","git diff; words 225→514; sources=2"
"kachi","content/knowledge-base/dostoprimechatelnosti/kachi.md","attraction","DEEP_REWRITE_OR_EXPANSION","review_current_sources_and_diff","published_quality_gate_passed","Content editor","git diff; words 380→637; sources=3"
"kaminito-la-boka","content/knowledge-base/dostoprimechatelnosti/kaminito-la-boka.md","attraction","DEEP_REWRITE_OR_EXPANSION","review_current_sources_and_diff","published_quality_gate_passed","Content editor","git diff; words 198→505; sources=4"
"kanal-bigl-i-poezd-na-kray-sveta","content/knowledge-base/dostoprimechatelnosti/kanal-bigl-i-poezd-na-kray-sveta.md","attraction","EDITORIAL_UPDATE","review_current_sources_and_diff","published_quality_gate_passed","Content editor","git diff; words 626→636; sources=4"
"kladbische-recoleta","content/knowledge-base/dostoprimechatelnosti/kladbische-recoleta.md","attraction","EDITORIAL_UPDATE","review_current_sources_and_diff","published_quality_gate_passed","Content editor","git diff; words 486→626; sources=5"
"las-lenas","content/knowledge-base/dostoprimechatelnosti/las-lenas.md","attraction","DEEP_REWRITE_OR_EXPANSION","review_current_sources_and_diff","published_quality_gate_passed","Content editor","git diff; words 184→655; sources=2"
"mar-de-las-pampas","content/knowledge-base/dostoprimechatelnosti/mar-de-las-pampas.md","attraction","DEEP_REWRITE_OR_EXPANSION","review_current_sources_and_diff","published_quality_gate_passed","Content editor","git diff; words 19→633; sources=2"
"punta-tombo","content/knowledge-base/dostoprimechatelnosti/punta-tombo.md","attraction","EDITORIAL_UPDATE","review_current_sources_and_diff","published_quality_gate_passed","Content editor","git diff; words 444→569; sources=2"
"purmamarka","content/knowledge-base/dostoprimechatelnosti/purmamarka.md","attraction","DEEP_REWRITE_OR_EXPANSION","review_current_sources_and_diff","published_quality_gate_passed","Content editor","git diff; words 334→583; sources=2"
"quebrada-de-humahuaca","content/knowledge-base/dostoprimechatelnosti/quebrada-de-humahuaca.md","attraction","DEEP_REWRITE_OR_EXPANSION","review_current_sources_and_diff","published_quality_gate_passed","Content editor","git diff; words 161→669; sources=2"
"ruinas-de-quilmes","content/knowledge-base/dostoprimechatelnosti/ruinas-de-quilmes.md","attraction","DEEP_REWRITE_OR_EXPANSION","review_current_sources_and_diff","published_quality_gate_passed","Content editor","git diff; words 18→528; sources=2"
"salinas-grandes","content/knowledge-base/dostoprimechatelnosti/salinas-grandes.md","attraction","DEEP_REWRITE_OR_EXPANSION","review_current_sources_and_diff","published_quality_gate_passed","Content editor","git diff; words 356→853; sources=2"
"saltos-del-mocona","content/knowledge-base/dostoprimechatelnosti/saltos-del-mocona.md","attraction","DEEP_REWRITE_OR_EXPANSION","review_current_sources_and_diff","published_quality_gate_passed","Content editor","git diff; words 235→546; sources=2"
"san-ignacio-mini","content/knowledge-base/dostoprimechatelnosti/san-ignacio-mini.md","attraction","EDITORIAL_UPDATE","review_current_sources_and_diff","published_quality_gate_passed","Content editor","git diff; words 571→635; sources=5"
"sierra-de-la-ventana","content/knowledge-base/dostoprimechatelnosti/sierra-de-la-ventana.md","attraction","DEEP_REWRITE_OR_EXPANSION","review_current_sources_and_diff","published_quality_gate_passed","Content editor","git diff; words 215→581; sources=2"
"tafi-del-valle","content/knowledge-base/dostoprimechatelnosti/tafi-del-valle.md","attraction","DEEP_REWRITE_OR_EXPANSION","review_current_sources_and_diff","published_quality_gate_passed","Content editor","git diff; words 235→584; sources=2"
"teatr-kolon","content/knowledge-base/dostoprimechatelnosti/teatr-kolon.md","attraction","DEEP_REWRITE_OR_EXPANSION","review_current_sources_and_diff","published_quality_gate_passed","Content editor","git diff; words 329→507; sources=2"
"termas-de-rio-hondo","content/knowledge-base/dostoprimechatelnosti/termas-de-rio-hondo.md","attraction","DEEP_REWRITE_OR_EXPANSION","review_current_sources_and_diff","published_quality_gate_passed","Content editor","git diff; words 381→596; sources=2"
"tigre-i-delta","content/knowledge-base/dostoprimechatelnosti/tigre-i-delta.md","attraction","EDITORIAL_UPDATE","review_current_sources_and_diff","published_quality_gate_passed","Content editor","git diff; words 383→574; sources=2"
"tilkara","content/knowledge-base/dostoprimechatelnosti/tilkara.md","attraction","EDITORIAL_UPDATE","review_current_sources_and_diff","published_quality_gate_passed","Content editor","git diff; words 384→565; sources=2"
"turismo-aventura-en-chaco","content/knowledge-base/dostoprimechatelnosti/turismo-aventura-en-chaco.md","attraction","DEEP_REWRITE_OR_EXPANSION","review_current_sources_and_diff","published_quality_gate_passed","Content editor","git diff; words 52→584; sources=4"
"villavicencio","content/knowledge-base/dostoprimechatelnosti/villavicencio.md","attraction","DEEP_REWRITE_OR_EXPANSION","review_current_sources_and_diff","published_quality_gate_passed","Content editor","git diff; words 18→500; sources=2"
"aktualen-li-blue-dollar","content/knowledge-base/faq/aktualen-li-blue-dollar.md","faq","DEEP_REWRITE_OR_EXPANSION","review_current_sources_and_diff","published_quality_gate_passed","Content editor","git diff; words 92→336; sources=3"
"bezopasno-li-odnoj-zhenshchine","content/knowledge-base/faq/bezopasno-li-odnoj-zhenshchine.md","faq","DEEP_REWRITE_OR_EXPANSION","review_current_sources_and_diff","published_quality_gate_passed","Content editor","git diff; words 98→276; sources=3"
"bezopasno-li-v-argentine","content/knowledge-base/faq/bezopasno-li-v-argentine.md","faq","DEEP_REWRITE_OR_EXPANSION","review_current_sources_and_diff","published_quality_gate_passed","Content editor","git diff; words 98→275; sources=4"
"chto-delat-krome-dostoprimechatelnostej","content/knowledge-base/faq/chto-delat-krome-dostoprimechatelnostej.md","faq","DEEP_REWRITE_OR_EXPANSION","review_current_sources_and_diff","published_quality_gate_passed","Content editor","git diff; words 226→442; sources=4"
"chto-est-vegetariancu","content/knowledge-base/faq/chto-est-vegetariancu.md","faq","DEEP_REWRITE_OR_EXPANSION","review_current_sources_and_diff","published_quality_gate_passed","Content editor","git diff; words 163→281; sources=2"
"chto-takoe-dni-i-cuil","content/knowledge-base/faq/chto-takoe-dni-i-cuil.md","faq","DEEP_REWRITE_OR_EXPANSION","review_current_sources_and_diff","published_quality_gate_passed","Content editor","git diff; words 111→275; sources=4"
"chto-takoe-mep","content/knowledge-base/faq/chto-takoe-mep.md","faq","DEEP_REWRITE_OR_EXPANSION","review_current_sources_and_diff","published_quality_gate_passed","Content editor","git diff; words 92→289; sources=3"
"kak-oplatit-tur-i-zhilyo-zaranee","content/knowledge-base/faq/kak-oplatit-tur-i-zhilyo-zaranee.md","faq","EDITORIAL_UPDATE","review_current_sources_and_diff","published_quality_gate_passed","Content editor","git diff; words 215→315; sources=3"
"kak-platit-esli-karta-rf-ne-rabotaet","content/knowledge-base/faq/kak-platit-esli-karta-rf-ne-rabotaet.md","faq","DEEP_REWRITE_OR_EXPANSION","review_current_sources_and_diff","published_quality_gate_passed","Content editor","git diff; words 101→336; sources=4"
"kak-poluchit-grazhdanstvo-za-2-goda","content/knowledge-base/faq/kak-poluchit-grazhdanstvo-za-2-goda.md","faq","DEEP_REWRITE_OR_EXPANSION","review_current_sources_and_diff","published_quality_gate_passed","Content editor","git diff; words 105→255; sources=2"
"kakie-dokumenty-vezti-s-soboj","content/knowledge-base/faq/kakie-dokumenty-vezti-s-soboj.md","faq","EDITORIAL_UPDATE","review_current_sources_and_diff","published_quality_gate_passed","Content editor","git diff; words 127→134; sources=1"
"kakie-rajony-ba-izbegat","content/knowledge-base/faq/kakie-rajony-ba-izbegat.md","faq","DEEP_REWRITE_OR_EXPANSION","review_current_sources_and_diff","published_quality_gate_passed","Content editor","git diff; words 101→213; sources=2"
"kakie-rozetki-v-argentine","content/knowledge-base/faq/kakie-rozetki-v-argentine.md","faq","EDITORIAL_UPDATE","review_current_sources_and_diff","published_quality_gate_passed","Content editor","git diff; words 154→199; sources=2"
"kakoj-dohod-nuzhen-dlya-rantye","content/knowledge-base/faq/kakoj-dohod-nuzhen-dlya-rantye.md","faq","DEEP_REWRITE_OR_EXPANSION","review_current_sources_and_diff","published_quality_gate_passed","Content editor","git diff; words 103→232; sources=1"
"kakoj-mesyats-kuda-ehat","content/knowledge-base/faq/kakoj-mesyats-kuda-ehat.md","faq","DEEP_REWRITE_OR_EXPANSION","review_current_sources_and_diff","published_quality_gate_passed","Content editor","git diff; words 36→358; sources=4"
"mozhno-li-delat-vizaran","content/knowledge-base/faq/mozhno-li-delat-vizaran.md","faq","DEEP_REWRITE_OR_EXPANSION","review_current_sources_and_diff","published_quality_gate_passed","Content editor","git diff; words 101→163; sources=1"
"mozhno-li-otkryt-schet-nerezidentu","content/knowledge-base/faq/mozhno-li-otkryt-schet-nerezidentu.md","faq","DEEP_REWRITE_OR_EXPANSION","review_current_sources_and_diff","published_quality_gate_passed","Content editor","git diff; words 92→246; sources=1"
"mozhno-li-uchitsya-v-universitete-besplatno","content/knowledge-base/faq/mozhno-li-uchitsya-v-universitete-besplatno.md","faq","DEEP_REWRITE_OR_EXPANSION","review_current_sources_and_diff","published_quality_gate_passed","Content editor","git diff; words 108→175; sources=1"
"nuzhna-li-strahovka-dlya-vezda","content/knowledge-base/faq/nuzhna-li-strahovka-dlya-vezda.md","faq","DEEP_REWRITE_OR_EXPANSION","review_current_sources_and_diff","published_quality_gate_passed","Content editor","git diff; words 92→248; sources=2"
"nuzhna-li-viza-cifrovomu-kochevniku","content/knowledge-base/faq/nuzhna-li-viza-cifrovomu-kochevniku.md","faq","DEEP_REWRITE_OR_EXPANSION","review_current_sources_and_diff","published_quality_gate_passed","Content editor","git diff; words 92→254; sources=2"
"nuzhno-li-ostavlyat-chaevye","content/knowledge-base/faq/nuzhno-li-ostavlyat-chaevye.md","faq","EDITORIAL_UPDATE","review_current_sources_and_diff","published_quality_gate_passed","Content editor","git diff; words 177→226; sources=3"
"nuzhno-li-otkazyvatsya-ot-grazhdanstva","content/knowledge-base/faq/nuzhno-li-otkazyvatsya-ot-grazhdanstva.md","faq","DEEP_REWRITE_OR_EXPANSION","review_current_sources_and_diff","published_quality_gate_passed","Content editor","git diff; words 71→251; sources=3"
"skam-s-falshivoj-policiej","content/knowledge-base/faq/skam-s-falshivoj-policiej.md","faq","DEEP_REWRITE_OR_EXPANSION","review_current_sources_and_diff","published_quality_gate_passed","Content editor","git diff; words 100→288; sources=3"
"skolko-deneg-brat-na-poezdku","content/knowledge-base/faq/skolko-deneg-brat-na-poezdku.md","faq","DEEP_REWRITE_OR_EXPANSION","review_current_sources_and_diff","published_quality_gate_passed","Content editor","git diff; words 111→293; sources=3"
"skolko-letet-iz-rossii","content/knowledge-base/faq/skolko-letet-iz-rossii.md","faq","DEEP_REWRITE_OR_EXPANSION","review_current_sources_and_diff","published_quality_gate_passed","Content editor","git diff; words 91→236; sources=1"
"skolko-stoit-oformit-vnzh","content/knowledge-base/faq/skolko-stoit-oformit-vnzh.md","faq","DEEP_REWRITE_OR_EXPANSION","review_current_sources_and_diff","published_quality_gate_passed","Content editor","git diff; words 105→251; sources=3"
"skolko-stoit-zhizn-v-buenos-ajrese","content/knowledge-base/faq/skolko-stoit-zhizn-v-buenos-ajrese.md","faq","DEEP_REWRITE_OR_EXPANSION","review_current_sources_and_diff","published_quality_gate_passed","Content editor","git diff; words 115→282; sources=3"
"viza-cifrovogo-kochevnika-chto-daet","content/knowledge-base/faq/viza-cifrovogo-kochevnika-chto-daet.md","faq","DEEP_REWRITE_OR_EXPANSION","review_current_sources_and_diff","published_quality_gate_passed","Content editor","git diff; words 113→238; sources=2"
"viza-rf-v-argentinu","content/knowledge-base/faq/viza-rf-v-argentinu.md","faq","DEEP_REWRITE_OR_EXPANSION","review_current_sources_and_diff","published_quality_gate_passed","Content editor","git diff; words 93→264; sources=3"
"viza-v-braziliyu-dlya-iguasu","content/knowledge-base/faq/viza-v-braziliyu-dlya-iguasu.md","faq","DEEP_REWRITE_OR_EXPANSION","review_current_sources_and_diff","published_quality_gate_passed","Content editor","git diff; words 101→255; sources=2"
"vo-skolko-uzhinayut-v-argentine","content/knowledge-base/faq/vo-skolko-uzhinayut-v-argentine.md","faq","DEEP_REWRITE_OR_EXPANSION","review_current_sources_and_diff","published_quality_gate_passed","Content editor","git diff; words 148→238; sources=2"
"bahia-blanca","content/knowledge-base/goroda/bahia-blanca.md","city","DEEP_REWRITE_OR_EXPANSION","review_current_sources_and_diff","published_quality_gate_passed","Content editor","git diff; words 218→500; sources=1"
"bariloche","content/knowledge-base/goroda/bariloche.md","city","EDITORIAL_UPDATE","review_current_sources_and_diff","published_quality_gate_passed","Content editor","git diff; words 348→513; sources=1"
"cafayate","content/knowledge-base/goroda/cafayate.md","city","DEEP_REWRITE_OR_EXPANSION","review_current_sources_and_diff","published_quality_gate_passed","Content editor","git diff; words 308→502; sources=1"
"catamarca","content/knowledge-base/goroda/catamarca.md","city","EDITORIAL_UPDATE","review_current_sources_and_diff","published_quality_gate_passed","Content editor","git diff; words 406→535; sources=3"
"colon-entre-rios","content/knowledge-base/goroda/colon-entre-rios.md","city","DEEP_REWRITE_OR_EXPANSION","review_current_sources_and_diff","published_quality_gate_passed","Content editor","git diff; words 324→500; sources=1"
"el-bolson","content/knowledge-base/goroda/el-bolson.md","city","EDITORIAL_UPDATE","review_current_sources_and_diff","published_quality_gate_passed","Content editor","git diff; words 413→502; sources=1"
"el-calafate","content/knowledge-base/goroda/el-calafate.md","city","DEEP_REWRITE_OR_EXPANSION","review_current_sources_and_diff","published_quality_gate_passed","Content editor","git diff; words 371→563; sources=1"
"el-chalten","content/knowledge-base/goroda/el-chalten.md","city","EDITORIAL_UPDATE","review_current_sources_and_diff","published_quality_gate_passed","Content editor","git diff; words 410→508; sources=2"
"esquel","content/knowledge-base/goroda/esquel.md","city","DEEP_REWRITE_OR_EXPANSION","review_current_sources_and_diff","published_quality_gate_passed","Content editor","git diff; words 312→500; sources=1"
"formosa","content/knowledge-base/goroda/formosa.md","city","EDITORIAL_UPDATE","review_current_sources_and_diff","published_quality_gate_passed","Content editor","git diff; words 416→614; sources=3"
"kordova","content/knowledge-base/goroda/kordova.md","city","EDITORIAL_UPDATE","review_current_sources_and_diff","published_quality_gate_passed","Content editor","git diff; words 404→547; sources=5"
"korrientes","content/knowledge-base/goroda/korrientes.md","city","EDITORIAL_UPDATE","review_current_sources_and_diff","published_quality_gate_passed","Content editor","git diff; words 509→545; sources=5"
"la-rioja","content/knowledge-base/goroda/la-rioja.md","city","DEEP_REWRITE_OR_EXPANSION","review_current_sources_and_diff","published_quality_gate_passed","Content editor","git diff; words 311→523; sources=4"
"lujan","content/knowledge-base/goroda/lujan.md","city","DEEP_REWRITE_OR_EXPANSION","review_current_sources_and_diff","published_quality_gate_passed","Content editor","git diff; words 217→500; sources=1"
"mar-del-plata","content/knowledge-base/goroda/mar-del-plata.md","city","EDITORIAL_UPDATE","review_current_sources_and_diff","published_quality_gate_passed","Content editor","git diff; words 423→537; sources=5"
"mendoza","content/knowledge-base/goroda/mendoza.md","city","DEEP_REWRITE_OR_EXPANSION","review_current_sources_and_diff","published_quality_gate_passed","Content editor","git diff; words 138→506; sources=1"
"merlo","content/knowledge-base/goroda/merlo.md","city","EDITORIAL_UPDATE","review_current_sources_and_diff","published_quality_gate_passed","Content editor","git diff; words 337→502; sources=1"
"necochea","content/knowledge-base/goroda/necochea.md","city","DEEP_REWRITE_OR_EXPANSION","review_current_sources_and_diff","published_quality_gate_passed","Content editor","git diff; words 300→500; sources=1"
"neuken","content/knowledge-base/goroda/neuken.md","city","EDITORIAL_UPDATE","review_current_sources_and_diff","published_quality_gate_passed","Content editor","git diff; words 548→591; sources=5"
"parana","content/knowledge-base/goroda/parana.md","city","EDITORIAL_UPDATE","review_current_sources_and_diff","published_quality_gate_passed","Content editor","git diff; words 490→505; sources=1"
"puerto-madryn","content/knowledge-base/goroda/puerto-madryn.md","city","EDITORIAL_UPDATE","review_current_sources_and_diff","published_quality_gate_passed","Content editor","git diff; words 407→511; sources=6"
"resistencia","content/knowledge-base/goroda/resistencia.md","city","DEEP_REWRITE_OR_EXPANSION","review_current_sources_and_diff","published_quality_gate_passed","Content editor","git diff; words 333→507; sources=1"
"rosario","content/knowledge-base/goroda/rosario.md","city","EDITORIAL_UPDATE","review_current_sources_and_diff","published_quality_gate_passed","Content editor","git diff; words 369→504; sources=7"
"salta","content/knowledge-base/goroda/salta.md","city","EDITORIAL_UPDATE","review_current_sources_and_diff","published_quality_gate_passed","Content editor","git diff; words 344→500; sources=2"
"san-luis","content/knowledge-base/goroda/san-luis.md","city","DEEP_REWRITE_OR_EXPANSION","review_current_sources_and_diff","published_quality_gate_passed","Content editor","git diff; words 271→500; sources=3"
"san-martin-de-los-andes","content/knowledge-base/goroda/san-martin-de-los-andes.md","city","EDITORIAL_UPDATE","review_current_sources_and_diff","published_quality_gate_passed","Content editor","git diff; words 336→501; sources=1"
"san-miguel-de-tucuman","content/knowledge-base/goroda/san-miguel-de-tucuman.md","city","EDITORIAL_UPDATE","review_current_sources_and_diff","published_quality_gate_passed","Content editor","git diff; words 394→563; sources=4"
"santa-fe","content/knowledge-base/goroda/santa-fe.md","city","EDITORIAL_UPDATE","review_current_sources_and_diff","published_quality_gate_passed","Content editor","git diff; words 627→569; sources=3"
"santa-rosa","content/knowledge-base/goroda/santa-rosa.md","city","EDITORIAL_UPDATE","review_current_sources_and_diff","published_quality_gate_passed","Content editor","git diff; words 449→568; sources=2"
"santiago-del-estero","content/knowledge-base/goroda/santiago-del-estero.md","city","EDITORIAL_UPDATE","review_current_sources_and_diff","published_quality_gate_passed","Content editor","git diff; words 416→579; sources=4"
"susques","content/knowledge-base/goroda/susques.md","city","EDITORIAL_UPDATE","review_current_sources_and_diff","published_quality_gate_passed","Content editor","git diff; words 456→511; sources=2"
"tandil","content/knowledge-base/goroda/tandil.md","city","DEEP_REWRITE_OR_EXPANSION","review_current_sources_and_diff","published_quality_gate_passed","Content editor","git diff; words 321→515; sources=1"
"ushuaia","content/knowledge-base/goroda/ushuaia.md","city","DEEP_REWRITE_OR_EXPANSION","review_current_sources_and_diff","published_quality_gate_passed","Content editor","git diff; words 215→751; sources=3"
"villa-la-angostura","content/knowledge-base/goroda/villa-la-angostura.md","city","EDITORIAL_UPDATE","review_current_sources_and_diff","published_quality_gate_passed","Content editor","git diff; words 384→558; sources=1"
"klimat-po-regionam","content/knowledge-base/klimat/klimat-po-regionam.md","guide","EDITORIAL_UPDATE","review_current_sources_and_diff","published_quality_gate_passed","Content editor","git diff; words 492→671; sources=4"
"futbol","content/knowledge-base/kultura/futbol.md","guide","EDITORIAL_UPDATE","review_current_sources_and_diff","published_quality_gate_passed","Content editor","git diff; words 656→752; sources=4"
"gid-po-kulture","content/knowledge-base/kultura/gid-po-kulture.md","guide","DEEP_REWRITE_OR_EXPANSION","review_current_sources_and_diff","published_quality_gate_passed","Content editor","git diff; words 223→619; sources=1"
"ispanskij-dlya-puteshestvennika","content/knowledge-base/kultura/ispanskij-dlya-puteshestvennika.md","guide","EDITORIAL_UPDATE","review_current_sources_and_diff","published_quality_gate_passed","Content editor","git diff; words 573→734; sources=1"
"kuhnya","content/knowledge-base/kultura/kuhnya.md","guide","EDITORIAL_UPDATE","review_current_sources_and_diff","published_quality_gate_passed","Content editor","git diff; words 727→790; sources=2"
"lgbt-travel","content/knowledge-base/kultura/lgbt-travel.md","guide","EDITORIAL_UPDATE","review_current_sources_and_diff","published_quality_gate_passed","Content editor","git diff; words 457→630; sources=2"
"mate","content/knowledge-base/kultura/mate.md","guide","EDITORIAL_UPDATE","review_current_sources_and_diff","published_quality_gate_passed","Content editor","git diff; words 568→703; sources=3"
"mentalitet-i-etiket","content/knowledge-base/kultura/mentalitet-i-etiket.md","guide","DEEP_REWRITE_OR_EXPANSION","review_current_sources_and_diff","published_quality_gate_passed","Content editor","git diff; words 333→1895; sources=6"
"mify-ob-argentine","content/knowledge-base/kultura/mify-ob-argentine.md","guide","DEEP_REWRITE_OR_EXPANSION","review_current_sources_and_diff","published_quality_gate_passed","Content editor","git diff; words 545→843; sources=6"
"prazdniki-i-traditsii","content/knowledge-base/kultura/prazdniki-i-traditsii.md","guide","DEEP_REWRITE_OR_EXPANSION","review_current_sources_and_diff","published_quality_gate_passed","Content editor","git diff; words 414→617; sources=4"
"rossiya-vs-argentina","content/knowledge-base/kultura/rossiya-vs-argentina.md","guide","DEEP_REWRITE_OR_EXPANSION","review_current_sources_and_diff","published_quality_gate_passed","Content editor","git diff; words 468→940; sources=5"
"sladkoe-dulce-de-leche","content/knowledge-base/kultura/sladkoe-dulce-de-leche.md","guide","DEEP_REWRITE_OR_EXPANSION","review_current_sources_and_diff","published_quality_gate_passed","Content editor","git diff; words 382→731; sources=3"
"dni-cuil-cuit-putanitsa","content/knowledge-base/lichnyy-opyt/dni-cuil-cuit-putanitsa.md","author_tip","EDITORIAL_UPDATE","review_current_sources_and_diff","published_quality_gate_passed","Content editor","git diff; words 231→294; sources=4"
"falshivye-policejskie-i-obmenniki","content/knowledge-base/lichnyy-opyt/falshivye-policejskie-i-obmenniki.md","author_tip","DEEP_REWRITE_OR_EXPANSION","review_current_sources_and_diff","published_quality_gate_passed","Content editor","git diff; words 161→399; sources=2"
"futbol-kak-popast-bez-skama","content/knowledge-base/lichnyy-opyt/futbol-kak-popast-bez-skama.md","author_tip","EDITORIAL_UPDATE","review_current_sources_and_diff","published_quality_gate_passed","Content editor","git diff; words 224→295; sources=3"
"ibera-rassvet-i-tihie-portaly","content/knowledge-base/lichnyy-opyt/ibera-rassvet-i-tihie-portaly.md","author_tip","DEEP_REWRITE_OR_EXPANSION","review_current_sources_and_diff","published_quality_gate_passed","Content editor","git diff; words 159→333; sources=2"
"los-glasiares-ritm-dvuh-baz","content/knowledge-base/lichnyy-opyt/los-glasiares-ritm-dvuh-baz.md","author_tip","DEEP_REWRITE_OR_EXPANSION","review_current_sources_and_diff","published_quality_gate_passed","Content editor","git diff; words 198→366; sources=2"
"lyubimoe-mesto-ne-iz-putevoditelej","content/knowledge-base/lichnyy-opyt/lyubimoe-mesto-ne-iz-putevoditelej.md","author_tip","DEEP_REWRITE_OR_EXPANSION","review_current_sources_and_diff","published_quality_gate_passed","Content editor","git diff; words 215→403; sources=0"
"oshibka-s-dokumentami","content/knowledge-base/lichnyy-opyt/oshibka-s-dokumentami.md","author_tip","DEEP_REWRITE_OR_EXPANSION","review_current_sources_and_diff","published_quality_gate_passed","Content editor","git diff; words 343→572; sources=3"
"oshibka-s-zhilyom","content/knowledge-base/lichnyy-opyt/oshibka-s-zhilyom.md","author_tip","EDITORIAL_UPDATE","review_current_sources_and_diff","published_quality_gate_passed","Content editor","git diff; words 356→507; sources=2"
"pervyj-mesyac-v-argentine","content/knowledge-base/lichnyy-opyt/pervyj-mesyac-v-argentine.md","author_tip","EDITORIAL_UPDATE","review_current_sources_and_diff","published_quality_gate_passed","Content editor","git diff; words 877→915; sources=0"
"argentina-10-dney","content/knowledge-base/marshruty/argentina-10-dney.md","route","DEEP_REWRITE_OR_EXPANSION","review_current_sources_and_diff","published_quality_gate_passed","Content editor","git diff; words 630→834; sources=2"
"argentina-2-nedeli","content/knowledge-base/marshruty/argentina-2-nedeli.md","route","EDITORIAL_UPDATE","review_current_sources_and_diff","published_quality_gate_passed","Content editor","git diff; words 931→991; sources=2"
"argentina-3-nedeli","content/knowledge-base/marshruty/argentina-3-nedeli.md","route","DEEP_REWRITE_OR_EXPANSION","review_current_sources_and_diff","published_quality_gate_passed","Content editor","git diff; words 705→1041; sources=3"
"noa-kolco","content/knowledge-base/marshruty/noa-kolco.md","route","DEEP_REWRITE_OR_EXPANSION","review_current_sources_and_diff","published_quality_gate_passed","Content editor","git diff; words 285→813; sources=2"
"patagonia-yug","content/knowledge-base/marshruty/patagonia-yug.md","route","DEEP_REWRITE_OR_EXPANSION","review_current_sources_and_diff","published_quality_gate_passed","Content editor","git diff; words 258→840; sources=2"
"gid-po-medicine","content/knowledge-base/medicina/gid-po-medicine.md","guide","DEEP_REWRITE_OR_EXPANSION","review_current_sources_and_diff","published_quality_gate_passed","Content editor","git diff; words 186→678; sources=4"
"medicina-i-strahovka","content/knowledge-base/medicina/medicina-i-strahovka.md","guide","DEEP_REWRITE_OR_EXPANSION","review_current_sources_and_diff","published_quality_gate_passed","Content editor","git diff; words 336→620; sources=4"
"provoz-lekarstv","content/knowledge-base/medicina/provoz-lekarstv.md","guide","DEEP_REWRITE_OR_EXPANSION","review_current_sources_and_diff","published_quality_gate_passed","Content editor","git diff; words 128→822; sources=5"
"rody-i-beremennost","content/knowledge-base/medicina/rody-i-beremennost.md","guide","DEEP_REWRITE_OR_EXPANSION","review_current_sources_and_diff","published_quality_gate_passed","Content editor","git diff; words 161→840; sources=6"
"sistema-zdravoohraneniya","content/knowledge-base/medicina/sistema-zdravoohraneniya.md","guide","DEEP_REWRITE_OR_EXPANSION","review_current_sources_and_diff","published_quality_gate_passed","Content editor","git diff; words 152→826; sources=6"
"ibera","content/knowledge-base/natsionalnye-parki/ibera.md","national_park","EDITORIAL_UPDATE","review_current_sources_and_diff","published_quality_gate_passed","Content editor","git diff; words 927→980; sources=3"
"iguasu","content/knowledge-base/natsionalnye-parki/iguasu.md","national_park","EDITORIAL_UPDATE","review_current_sources_and_diff","published_quality_gate_passed","Content editor","git diff; words 486→533; sources=1"
"lihue-calel","content/knowledge-base/natsionalnye-parki/lihue-calel.md","national_park","EDITORIAL_UPDATE","review_current_sources_and_diff","published_quality_gate_passed","Content editor","git diff; words 627→657; sources=4"
"los-glasiares","content/knowledge-base/natsionalnye-parki/los-glasiares.md","national_park","EDITORIAL_UPDATE","review_current_sources_and_diff","published_quality_gate_passed","Content editor","git diff; words 405→531; sources=1"
"parque-nacional-aconquija","content/knowledge-base/natsionalnye-parki/parque-nacional-aconquija.md","national_park","EDITORIAL_UPDATE","review_current_sources_and_diff","published_quality_gate_passed","Content editor","git diff; words 389→560; sources=2"
"parque-nacional-baritu","content/knowledge-base/natsionalnye-parki/parque-nacional-baritu.md","national_park","EDITORIAL_UPDATE","review_current_sources_and_diff","published_quality_gate_passed","Content editor","git diff; words 387→519; sources=2"
"parque-nacional-calilegua","content/knowledge-base/natsionalnye-parki/parque-nacional-calilegua.md","national_park","EDITORIAL_UPDATE","review_current_sources_and_diff","published_quality_gate_passed","Content editor","git diff; words 385→537; sources=2"
"parque-nacional-chaco","content/knowledge-base/natsionalnye-parki/parque-nacional-chaco.md","national_park","EDITORIAL_UPDATE","review_current_sources_and_diff","published_quality_gate_passed","Content editor","git diff; words 444→582; sources=4"
"parque-nacional-ciervo-de-los-pantanos","content/knowledge-base/natsionalnye-parki/parque-nacional-ciervo-de-los-pantanos.md","national_park","EDITORIAL_UPDATE","review_current_sources_and_diff","published_quality_gate_passed","Content editor","git diff; words 373→513; sources=2"
"parque-nacional-el-palmar","content/knowledge-base/natsionalnye-parki/parque-nacional-el-palmar.md","national_park","EDITORIAL_UPDATE","review_current_sources_and_diff","published_quality_gate_passed","Content editor","git diff; words 449→589; sources=4"
"parque-nacional-el-rey","content/knowledge-base/natsionalnye-parki/parque-nacional-el-rey.md","national_park","EDITORIAL_UPDATE","review_current_sources_and_diff","published_quality_gate_passed","Content editor","git diff; words 363→504; sources=2"
"parque-nacional-lago-puelo","content/knowledge-base/natsionalnye-parki/parque-nacional-lago-puelo.md","national_park","EDITORIAL_UPDATE","review_current_sources_and_diff","published_quality_gate_passed","Content editor","git diff; words 351→526; sources=2"
"parque-nacional-los-arrayanes","content/knowledge-base/natsionalnye-parki/parque-nacional-los-arrayanes.md","national_park","EDITORIAL_UPDATE","review_current_sources_and_diff","published_quality_gate_passed","Content editor","git diff; words 363→519; sources=2"
"parque-nacional-perito-moreno","content/knowledge-base/natsionalnye-parki/parque-nacional-perito-moreno.md","national_park","EDITORIAL_UPDATE","review_current_sources_and_diff","published_quality_gate_passed","Content editor","git diff; words 386→542; sources=2"
"parque-nacional-pre-delta","content/knowledge-base/natsionalnye-parki/parque-nacional-pre-delta.md","national_park","EDITORIAL_UPDATE","review_current_sources_and_diff","published_quality_gate_passed","Content editor","git diff; words 374→513; sources=2"
"peninsula-valdes","content/knowledge-base/natsionalnye-parki/peninsula-valdes.md","national_park","EDITORIAL_UPDATE","review_current_sources_and_diff","published_quality_gate_passed","Content editor","git diff; words 416→509; sources=5"
"gid-po-dokumentam","content/knowledge-base/pereezd/gid-po-dokumentam.md","guide","DEEP_REWRITE_OR_EXPANSION","review_current_sources_and_diff","published_quality_gate_passed","Content editor","git diff; words 300→734; sources=4"
"gid-relokanta","content/knowledge-base/pereezd/gid-relokanta.md","guide","EDITORIAL_UPDATE","review_current_sources_and_diff","published_quality_gate_passed","Content editor","git diff; words 749→881; sources=4"
"grazhdanstvo","content/knowledge-base/pereezd/grazhdanstvo.md","guide","DEEP_REWRITE_OR_EXPANSION","review_current_sources_and_diff","published_quality_gate_passed","Content editor","git diff; words 183→697; sources=5"
"pereezd-s-minimalnym-byudzhetom","content/knowledge-base/pereezd/pereezd-s-minimalnym-byudzhetom.md","guide","DEEP_REWRITE_OR_EXPANSION","review_current_sources_and_diff","published_quality_gate_passed","Content editor","git diff; words 349→747; sources=5"
"rabota-i-poisk-raboty","content/knowledge-base/pereezd/rabota-i-poisk-raboty.md","guide","DEEP_REWRITE_OR_EXPANSION","review_current_sources_and_diff","published_quality_gate_passed","Content editor","git diff; words 363→688; sources=5"
"shkola-dlya-detey","content/knowledge-base/pereezd/shkola-dlya-detey.md","guide","DEEP_REWRITE_OR_EXPANSION","review_current_sources_and_diff","published_quality_gate_passed","Content editor","git diff; words 165→613; sources=2"
"status-expediente-migraciones","content/knowledge-base/pereezd/status-expediente-migraciones.md","guide","DEEP_REWRITE_OR_EXPANSION","review_current_sources_and_diff","published_quality_gate_passed","Content editor","git diff; words 171→681; sources=3"
"studencheskaya-zhizn","content/knowledge-base/pereezd/studencheskaya-zhizn.md","guide","DEEP_REWRITE_OR_EXPANSION","review_current_sources_and_diff","published_quality_gate_passed","Content editor","git diff; words 119→915; sources=4"
"vnzh-argentina","content/knowledge-base/pereezd/vnzh-argentina.md","guide","DEEP_REWRITE_OR_EXPANSION","review_current_sources_and_diff","published_quality_gate_passed","Content editor","git diff; words 144→632; sources=2"
"voinskij-uchet-i-voennyj-bilet","content/knowledge-base/pereezd/voinskij-uchet-i-voennyj-bilet.md","guide","DEEP_REWRITE_OR_EXPANSION","review_current_sources_and_diff","published_quality_gate_passed","Content editor","git diff; words 127→624; sources=4"
"zhile-i-arenda","content/knowledge-base/pereezd/zhile-i-arenda.md","guide","DEEP_REWRITE_OR_EXPANSION","review_current_sources_and_diff","published_quality_gate_passed","Content editor","git diff; words 145→621; sources=1"
"zhizn-na-pensii","content/knowledge-base/pereezd/zhizn-na-pensii.md","guide","DEEP_REWRITE_OR_EXPANSION","review_current_sources_and_diff","published_quality_gate_passed","Content editor","git diff; words 333→922; sources=6"
"chto-stoit-deneg-prioritety","content/knowledge-base/puteshestvie/chto-stoit-deneg-prioritety.md","guide","DEEP_REWRITE_OR_EXPANSION","review_current_sources_and_diff","published_quality_gate_passed","Content editor","git diff; words 776→1076; sources=4"
"dostupnaya-sreda-i-invalidnost","content/knowledge-base/puteshestvie/dostupnaya-sreda-i-invalidnost.md","guide","DEEP_REWRITE_OR_EXPANSION","review_current_sources_and_diff","published_quality_gate_passed","Content editor","git diff; words 519→786; sources=5"
"gid-puteshestvennika","content/knowledge-base/puteshestvie/gid-puteshestvennika.md","guide","DEEP_REWRITE_OR_EXPANSION","review_current_sources_and_diff","published_quality_gate_passed","Content editor","git diff; words 454→712; sources=1"
"stoit-li-ehat-v-argentinu","content/knowledge-base/puteshestvie/stoit-li-ehat-v-argentinu.md","guide","DEEP_REWRITE_OR_EXPANSION","review_current_sources_and_diff","published_quality_gate_passed","Content editor","git diff; words 409→976; sources=5"
"viza-i-granica-dlya-rossiyan","content/knowledge-base/puteshestvie/viza-i-granica-dlya-rossiyan.md","guide","DEEP_REWRITE_OR_EXPANSION","review_current_sources_and_diff","published_quality_gate_passed","Content editor","git diff; words 153→612; sources=3"
"buenos-aires-province","content/knowledge-base/regiony/buenos-aires-province.md","region","DEEP_REWRITE_OR_EXPANSION","review_current_sources_and_diff","published_quality_gate_passed","Content editor","git diff; words 299→801; sources=2"
"caba","content/knowledge-base/regiony/caba.md","region","DEEP_REWRITE_OR_EXPANSION","review_current_sources_and_diff","published_quality_gate_passed","Content editor","git diff; words 344→803; sources=2"
"cuyo","content/knowledge-base/regiony/cuyo.md","region","DEEP_REWRITE_OR_EXPANSION","review_current_sources_and_diff","published_quality_gate_passed","Content editor","git diff; words 389→809; sources=1"
"litoral","content/knowledge-base/regiony/litoral.md","region","DEEP_REWRITE_OR_EXPANSION","review_current_sources_and_diff","published_quality_gate_passed","Content editor","git diff; words 378→852; sources=4"
"noa","content/knowledge-base/regiony/noa.md","region","DEEP_REWRITE_OR_EXPANSION","review_current_sources_and_diff","published_quality_gate_passed","Content editor","git diff; words 431→801; sources=1"
"pampa","content/knowledge-base/regiony/pampa.md","region","DEEP_REWRITE_OR_EXPANSION","review_current_sources_and_diff","published_quality_gate_passed","Content editor","git diff; words 357→885; sources=4"
"patagonia","content/knowledge-base/regiony/patagonia.md","region","DEEP_REWRITE_OR_EXPANSION","review_current_sources_and_diff","published_quality_gate_passed","Content editor","git diff; words 470→948; sources=4"
"tierra-del-fuego","content/knowledge-base/regiony/tierra-del-fuego.md","region","DEEP_REWRITE_OR_EXPANSION","review_current_sources_and_diff","published_quality_gate_passed","Content editor","git diff; words 290→862; sources=3"
"esim-i-svyaz","content/knowledge-base/svyaz/esim-i-svyaz.md","guide","EDITORIAL_UPDATE","review_current_sources_and_diff","published_quality_gate_passed","Content editor","git diff; words 453→626; sources=6"
"gosudarstvennye-prilozheniya","content/knowledge-base/svyaz/gosudarstvennye-prilozheniya.md","guide","DEEP_REWRITE_OR_EXPANSION","review_current_sources_and_diff","published_quality_gate_passed","Content editor","git diff; words 155→636; sources=3"
"kovorkingi-i-rabota-nomada","content/knowledge-base/svyaz/kovorkingi-i-rabota-nomada.md","guide","DEEP_REWRITE_OR_EXPANSION","review_current_sources_and_diff","published_quality_gate_passed","Content editor","git diff; words 130→782; sources=4"
"poleznye-prilozheniya","content/knowledge-base/svyaz/poleznye-prilozheniya.md","guide","EDITORIAL_UPDATE","review_current_sources_and_diff","published_quality_gate_passed","Content editor","git diff; words 425→617; sources=2"
"aeroporty","content/knowledge-base/transport/aeroporty.md","transport","DEEP_REWRITE_OR_EXPANSION","review_current_sources_and_diff","published_quality_gate_passed","Content editor","git diff; words 461→682; sources=3"
"arenda-avto-i-vozhdenie","content/knowledge-base/transport/arenda-avto-i-vozhdenie.md","transport","EDITORIAL_UPDATE","review_current_sources_and_diff","published_quality_gate_passed","Content editor","git diff; words 561→684; sources=4"
"gid-po-transportu","content/knowledge-base/transport/gid-po-transportu.md","transport","DEEP_REWRITE_OR_EXPANSION","review_current_sources_and_diff","published_quality_gate_passed","Content editor","git diff; words 202→623; sources=2"
"kak-poluchit-prava-v-argentine","content/knowledge-base/transport/kak-poluchit-prava-v-argentine.md","guide","DEEP_REWRITE_OR_EXPANSION","review_current_sources_and_diff","published_quality_gate_passed","Content editor","git diff; words 363→615; sources=5"
"pokupka-avtomobilya","content/knowledge-base/transport/pokupka-avtomobilya.md","transport","DEEP_REWRITE_OR_EXPANSION","review_current_sources_and_diff","published_quality_gate_passed","Content editor","git diff; words 314→647; sources=3"
"posle-dtp","content/knowledge-base/transport/posle-dtp.md","guide","DEEP_REWRITE_OR_EXPANSION","review_current_sources_and_diff","published_quality_gate_passed","Content editor","git diff; words 279→614; sources=3"
"vnutrennie-aviabilety","content/knowledge-base/transport/vnutrennie-aviabilety.md","transport","EDITORIAL_UPDATE","review_current_sources_and_diff","published_quality_gate_passed","Content editor","git diff; words 569→623; sources=4"
"vysokogorye-na-avto","content/knowledge-base/transport/vysokogorye-na-avto.md","guide","DEEP_REWRITE_OR_EXPANSION","review_current_sources_and_diff","published_quality_gate_passed","Content editor","git diff; words 265→829; sources=4"
"gid-po-zhilyu","content/knowledge-base/zhile/gid-po-zhilyu.md","guide","DEEP_REWRITE_OR_EXPANSION","review_current_sources_and_diff","published_quality_gate_passed","Content editor","git diff; words 144→609; sources=1"
"pokupka-nedvizhimosti","content/knowledge-base/zhile/pokupka-nedvizhimosti.md","guide","DEEP_REWRITE_OR_EXPANSION","review_current_sources_and_diff","published_quality_gate_passed","Content editor","git diff; words 378→705; sources=7"
"zhile-dlya-turistov","content/knowledge-base/zhile/zhile-dlya-turistov.md","guide","DEEP_REWRITE_OR_EXPANSION","review_current_sources_and_diff","published_quality_gate_passed","Content editor","git diff; words 412→638; sources=1"
"pervye-tramites","content/knowledge-base/pereezd/pervye-tramites.md","guide","DEEP_REWRITE_OR_EXPANSION","review_current_sources_and_diff","published_quality_gate_passed","Content editor","git diff; words new→691; sources=3"
"s-detmi-po-argentine","content/knowledge-base/puteshestvie/s-detmi-po-argentine.md","guide","DEEP_REWRITE_OR_EXPANSION","review_current_sources_and_diff","published_quality_gate_passed","Content editor","git diff; words new→650; sources=3"
