id,type,purpose,owner,allowed_content_types,required_data,source_requirements,loading_state,empty_state,error_state,stale_state,analytics_event,accessibility_requirements,performance_budget,schema_version,status,usage_count,last_used_at
article-toc,navigation,"Навигация по длинной статье",content-platform,"guide|immigration|knowledge|blog","ordered section ids and labels","not applicable","skeleton only when article body is deferred","hide when fewer than 2 sections","hide and keep article readable","not applicable",toc_navigate,"nav landmark; aria-current; keyboard links; sticky offset; mobile close and focus return","no blocking client request; <=8 KB hydrated JS increment",1,needs-mobile-state,4,
last-verified,trust,"Показывать дату последней содержательной проверки",editorial,"guide|immigration|knowledge|destination|place|blog","verified_at; verifier; verification_scope","authoritative source check required for dynamic or sensitive claims","render metadata with article shell","show explicit not_verified state","omit date and block sensitive publication","show stale warning from content SLA",content_verification_view,"machine-readable date; visible text; no color-only status","server rendered; 0 client requests",1,partial,1,
source-list,trust,"Список источников статьи",editorial,"guide|immigration|knowledge|destination|place|blog","source ids; titles; publishers; urls; accessed_at","primary or authoritative sources; per-claim mapping for sensitive facts","render with article","show no_sources and fail publication where required","preserve article but fail publication gate","mark unavailable or stale links",source_open,"descriptive link names; external-link announcement; keyboard access","server rendered; <=20 source links initially",1,missing,0,
claim-source,trust,"Связать чувствительное утверждение с источником",editorial,"immigration|guide|knowledge","claim id; source id; verified_at; reviewer","official source required for legal immigration medical financial safety claims","inline placeholder prohibited on published pages","fail publication","fail publication","display verification warning and fail publication",claim_source_open,"footnote target and backlink; unique ids; screen-reader context","server rendered; no layout shift",1,missing,0,
quick-facts,summary,"Краткая выжимка ключевых фактов",editorial,"guide|immigration|destination|place|knowledge","label; value; explanation; optional source id","source required for numeric dynamic or sensitive values","render with article shell","hide empty cards","hide invalid card only","mark dated values",quick_fact_open,"semantic list; headings in document order","server rendered; <=12 cards",1,active,3,
related-content,recommendation,"Показать действительно связанные материалы",content-platform,"guide|immigration|knowledge|destination|place|blog","target ids; relation type; score; editorial override","published targets only; explainable relation; no zero-score filler","skeleton only for remote enrichment","hide entire block","hide entire block and log","remove unpublished targets",related_content_click,"descriptive titles; keyboard links; heading before list","server rendered preferred; <=6 cards",1,needs-consolidation,5,
exchange-rates,dynamic-data,"Официальный справочный курс валют",product-content,"guide|knowledge","official rate; source; observed_at; ttl","official BCRA source; rate type; timestamp; financial disclaimer","server-rendered load","explicit unavailable message","503 with no-store; retry link","cache expires after 1h; stale upstream values retain BCRA observation time",exchange_rate_view,"definition list; no color-only deltas; descriptive external source link","one cached request; 1h TTL; <=20 KB payload",1,active,1,2026-07-15
currency-calculator,calculator,"Пересчитать валюту по выбранному типу курса",product-content,"guide|knowledge","amount; currencies; selected rate; rate source; fetched_at","same source contract as exchange-rates","skeleton tied to exchange-rates","disable calculation with explanation","retry without losing entered amount","freeze value with stale warning",currency_calculate,"labelled inputs; keyboard controls; announce result","no extra request beyond rates widget",1,blocked,0,
exchange-map,map,"Показать официальные точки обмена",product-content,"guide|knowledge","verified locations; type; address; source; checked_at","official or manually verified locations; no unverified informal exchangers","map skeleton and text list","show official alternatives","text fallback with retry","hide stale locations after SLA",exchange_map_open,"complete text-list alternative; keyboard pins; attribution","lazy load; <=250 KB initial map chunk",1,blocked,0,
partner-promo,commercial,"Контекстное партнёрское предложение",commercial,"guide|knowledge|blog","partner id; disclosure; destination; valid dates","approved partner data; visible affiliate disclosure","reserve no empty space","hide block","hide block and log","hide expired offer",partner_offer_click,"disclosure in accessible name; keyboard CTA","lazy; <=50 KB; no CLS",1,blocked,0,
weather-panel,dynamic-data,"Текущая погода по регионам",product-content,"guide|destination|place","coordinates; current weather; source; fetched_at; ttl","named weather provider; timestamp; units","existing skeleton","existing unavailable state","existing retry state","add visible stale badge after TTL",weather_view,"semantic values; unit labels; retry button","cached request; <=60 min TTL; <=30 KB",1,needs-source-display,1,
climate-normals,dynamic-data,"Климатические нормы по месяцам",editorial-data,"guide|destination|place","station/region; normal period; monthly values","official meteorological dataset; normal period displayed","render with weather shell","hide chart and retain prose","hide chart and retain prose","stale only when methodology superseded",climate_chart_view,"data table alternative; chart labels; no color-only encoding","server data; <=40 KB",1,needs-governance,1,
seasonality-matrix,decision-support,"Сравнить сезонность направлений",editorial-data,"guide|destination","destination; month; score; criteria; source; updated_at","published scoring methodology and source inputs","existing skeleton","show no-data explanation","retain source links and prose","show methodology version warning",season_matrix_interact,"table semantics; keyboard cells; text legend","server rendered; <=50 KB",1,needs-methodology,1,
tourism-infographic,visualization,"Сводные туристические показатели",editorial-data,"guide|destination","metrics; period; source ids","source and period beside every metric","static render","hide missing metric","hide invalid panel","show stale period",infographic_view,"text equivalent for every visual value","server rendered; <=80 KB images/data",1,needs-governance,1,
tourism-timeline,visualization,"Хронология развития туризма",editorial,"guide|destination","dated events; source ids","source for each factual milestone","static render","hide empty timeline","hide invalid entries","mark disputed or revised entries",timeline_event_open,"ordered list semantics; keyboard links","server rendered; <=40 events",1,needs-governance,1,
interactive-map,map,"Исследовать места и направления",maps,"destination|place|guide|knowledge","markers; coordinates; categories; attribution; verified_at","verified coordinates; provider attribution; source per disputed location","existing map loading state","existing empty state and text list","existing retry/fallback","remove expired markers",map_marker_open,"text-list alternative; keyboard filters/pins; focus trap and return; Escape","lazy load; <=300 KB initial map chunk; cluster dense markers",1,active-needs-focus-audit,2,
article-mini-map,map,"Показать упомянутые в статье места",maps,"blog|guide|destination|place","article place ids; coordinates; attribution","verified coordinates and map attribution","lazy placeholder","hide map and retain place links","hide map and retain place links","remove stale markers",article_map_marker_open,"visible text-list alternative; keyboard pins; attribution","lazy; <=180 KB chunk",1,needs-list-alternative,2,
budget-summary,calculator,"Сводка ориентировочного бюджета",editorial-data,"blog|guide|destination","cost categories; currency; period; assumptions; source; confidence","dated source and explicit assumptions","static render","show insufficient-data explanation","hide computed total","visible stale warning",budget_estimate_change,"labelled controls; announced total; table alternative","no client request unless rates reused",1,needs-methodology,1,
flight-search,commercial,"Поиск авиабилетов у партнёра",commercial,"guide|destination|blog","origin; destination; dates; partner config; disclosure","approved Travelpayouts/Aviasales feed; visible indicative-price disclaimer","existing loading state","existing fallback link","existing fallback link","hide expired cached offer",flight_search_submit,"labelled form; keyboard date controls; disclosure","lazy third-party script; no blocking article render",1,active-needs-telemetry,2,
flight-price-calendar,dynamic-data,"Показать ориентировочные минимальные цены по датам",commercial,"guide|destination|blog","route; dates; prices; currency; source; fetched_at; ttl","partner source; observed_at; 24h TTL; indicative-price disclaimer","existing skeleton","existing no-price state","existing fallback link","add visible stale badge",flight_price_click,"table/list alternative; full currency labels","cached 24h; <=50 KB payload",1,needs-timestamp,1,
checklist,utility,"Пошаговая подготовка к поездке",editorial,"blog|guide|immigration|knowledge","stable item ids; labels; optional deadlines","source required for legal/medical/document requirements","static render","hide empty list","retain prose fallback","flag outdated regulated requirements",checklist_toggle,"native controls; persistent labels; no color-only completion","local state only; <=10 KB hydrated JS",1,active,1,
comparison-table,utility,"Сравнить варианты и условия",editorial,"blog|guide|immigration|knowledge|destination","headers; rows; units; source ids","source for numeric or regulated cells","static render","hide empty table","retain prose fallback","mark stale cells",comparison_table_view,"caption; headers/scopes; horizontal-scroll hint","server rendered; <=100 rows",1,active,2,
faq,structured-content,"Ответить на частые вопросы",editorial,"blog|guide|immigration|knowledge|destination|place","question; answer; source ids; reviewed_at","source required for sensitive answers; schema matches visible content","static render","hide empty FAQ","hide invalid item","mark stale regulated answers",faq_expand,"button semantics; aria-expanded; keyboard access","server rendered; <=20 items; schema generated once",1,active-needs-source-gate,5,
social-feed,social-proof,"Показать релевантные публикации из соцсетей",social,"home|destination|place|blog","placement id; post ids; rights status; location/topic match","documented media rights; exact placement relevance; no global fallback","skeleton only when embedded","hide entire block","hide entire block","hide posts past rights/verification date",social_post_open,"alt text; keyboard links; no autoplay","lazy media; <=200 KB initial; no third-party embed by default",1,restrict,11,
tour-embed,commercial,"Предложить релевантные туры",commercial,"guide|destination|place|blog|knowledge","query; destination; inventory; disclosure","current inventory and partner/organizer attribution","existing skeleton","hide slot without leaving TOC anchor","existing fallback link","remove unavailable tours",tour_card_click,"semantic list; descriptive links; prices with currency","lazy inventory; <=6 cards; no CLS",1,active-needs-empty-contract,4,
