check_id,domain,entity_or_scope,requirement,status,severity,verification_level,measured_at,total,affected,evidence,notes
DQ-001,knowledge_base,knowledge_entries,canonical entity id,pass,high,artifact,2026-07-15T00:01:24.738Z,689,0,var/ops/content-audit.json,"All audited entries have canonicalEntityId"
DQ-002,knowledge_base,knowledge_entries,unique ids,pass,high,artifact,2026-07-15T00:01:24.738Z,689,0,var/ops/content-audit.json,"No duplicate id groups"
DQ-003,knowledge_base,knowledge_routes,unique canonical routes,pass,high,artifact,2026-07-15T00:01:24.738Z,689,0,var/ops/content-audit.json,"No duplicate route groups"
DQ-004,knowledge_base,geocoded_entries,valid coordinate ranges,pass,high,artifact,2026-07-15T00:01:24.738Z,689,0,var/ops/content-audit.json,"No latitude or longitude outside valid global ranges"
DQ-005,knowledge_base,publication_gate,critical content is quarantined,pass,blocker,artifact,2026-07-15T00:01:24.738Z,388,0,var/ops/content-audit.json,"388 entries are quarantined; none of the 299 published entries carries a critical issue"
DQ-006,knowledge_base,indexable_entries,no critical issues in indexable content,pass,blocker,artifact,2026-07-15T00:01:24.738Z,299,0,var/ops/content-audit.json,"Critical findings are excluded from the indexable set"
DQ-007,knowledge_base,indexable_entries,Russian title completeness,fail,high,artifact,2026-07-15T00:01:24.738Z,299,64,var/ops/content-audit.json,"64 indexable entries have title language detection other than ru; proper-name false positives require editorial review"
DQ-008,knowledge_base,indexable_entries,Russian summary completeness,fail,high,artifact,2026-07-15T00:01:24.738Z,299,40,var/ops/content-audit.json,"40 indexable entries have summary language detection other than ru"
DQ-009,knowledge_base,sensitive_entries,source required before indexing,pass,blocker,artifact,2026-07-15T00:01:24.738Z,29,0,var/ops/content-audit.json,"29 missing-sensitive-source findings exist but none is indexable"
DQ-010,knowledge_base,knowledge_entries,content depth,fail,high,artifact,2026-07-15T00:01:24.738Z,689,163,var/ops/content-audit.json,"163 thin_content findings"
DQ-011,knowledge_base,knowledge_entries,hero media present,fail,medium,artifact,2026-07-15T00:01:24.738Z,689,20,var/ops/content-audit.json,"20 missing_hero findings"
DQ-012,knowledge_base,knowledge_entries,no mixed-script words,fail,high,artifact,2026-07-15T00:01:24.738Z,689,9,var/ops/content-audit.json,"9 mixed_script_word findings"
DQ-013,knowledge_base,knowledge_entries,no placeholder content,fail,blocker,artifact,2026-07-15T00:01:24.738Z,689,2,var/ops/content-audit.json,"2 placeholder_content findings; publication gate keeps critical entries quarantined"
DQ-014,knowledge_base,knowledge_entries,verification freshness,warning,medium,artifact,2026-07-15T00:01:24.738Z,689,3,var/ops/content-audit.json,"3 verification_due findings"
DQ-015,knowledge_base,knowledge_entries,verification timestamp present,warning,medium,artifact,2026-07-15T00:01:24.738Z,689,3,var/ops/content-audit.json,"3 entries have no verifiedAt value"
DQ-016,knowledge_base,knowledge_entries,source provenance recorded,warning,high,artifact,2026-07-15T00:01:24.738Z,689,69,var/ops/content-audit.json,"69 entries have sourceCount=0; not every entity is sensitive, so remediation must be editorial rather than automatic"
DQ-017,places,place_catalog,unique ids slugs names and coordinates,pass,high,test,2026-07-15T03:16:10.000Z,10,0,src/lib/places-catalog-integrity.test.ts,"10 integrity tests passed"
DQ-018,places,collections_and_itineraries,no orphan place references,pass,high,test,2026-07-15T03:16:10.000Z,3,0,src/lib/places-catalog-integrity.test.ts,"Collection places and itinerary stops resolve; collection and itinerary slugs are unique"
DQ-019,media,media_manifest,local asset exists,pass,blocker,release_gate,2026-07-15T00:01:24.738Z,2208,0,var/ops/release-gate-logs/content-media.log,"All manifest localPath files exist under public"
DQ-020,media,runtime_fallback,required tour fallback exists,pass,high,release_gate,2026-07-15T00:01:24.738Z,1,0,var/ops/release-gate-logs/content-media.log,"/media/placeholders/tour-card.jpg is registered"
DQ-021,media,media_metadata,MIME dimensions rights and responsive weight,not_measured,high,gap,2026-07-15T03:20:00.000Z,,,docs/release-2026-07/data-quality-report.csv,"Existing integrity evidence proves file presence only; it does not prove MIME dimensions licensing or byte budgets"
DQ-022,booking,booking_state_machine,only valid state transitions,pass,blocker,test,2026-07-15T03:16:10.000Z,3,0,src/lib/booking-state-machine.test.ts,"Organizer lifecycle tourist cancellation rules and terminal transitions passed"
DQ-023,payments,payment_checkout,provider idempotency and replay safety,pass,blocker,test,2026-07-15T03:16:10.000Z,9,0,src/lib/payments/payment-integrity.test.ts,"Payment key reuse reconciliation and duplicate captured webhook tests passed"
DQ-024,booking,atomic_booking_creation,idempotency and inventory reservation in one transaction,code_verified,blocker,code,2026-07-15T03:20:00.000Z,,,supabase/migrations/20250715000000_atomic_booking_creation.sql,"Migration exists; this report does not repeat a production transaction test"
DQ-025,database,prisma_models,unique constraints for primary Prisma catalogs,code_verified,high,code,2026-07-15T03:20:00.000Z,,,prisma/schema.prisma,"Unique slugs and relation uniqueness are declared for Place Collection Itinerary SavedPlace and PlaceRelation"
DQ-026,database,all_key_entities,foreign keys and orphan relations,partial,blocker,mixed,2026-07-15T03:20:00.000Z,,,prisma/schema.prisma,"Place relations are covered by schema and tests; no single live all-table orphan query artifact was available"
DQ-027,database,all_money_fields,decimal or minor-unit storage and currency units,partial,blocker,mixed,2026-07-15T03:16:10.000Z,16,0,var/ops/release-gate-logs/commerce-booking-payment-integrity.log,"16 booking/payment integrity tests passed; an exhaustive live schema audit of every money column is not present"
DQ-028,database,public_tables,row-level security coverage,pass,blocker,artifact,2026-07-15T00:01:54.021Z,83,0,var/ops/rls-audit-last.json,"Static RLS audit reports no critical issues"
DQ-029,content,editorial_html,sanitization before storage,code_verified,blocker,test_reference,2026-07-15T03:20:00.000Z,1,0,src/lib/content-section-body.test.ts,"A dedicated test covers sanitized HTML and synchronized plain paragraphs; it was not part of the focused 33-test rerun"
DQ-030,data_pipeline,imports_and_syncs,idempotent repeated execution,partial,high,code,2026-07-15T03:20:00.000Z,,,scripts/sync-content-plan-redirects.mjs,"Several jobs use idempotent upsert/check modes; no unified repeat-run result exists for every importer and partner sync"
DQ-031,data_pipeline,partner_entities,external id provenance and last sync,not_measured,high,gap,2026-07-15T03:20:00.000Z,,,docs/release-2026-07/data-quality-report.csv,"No consolidated artifact proves externalId provenance and last-synced freshness across every partner entity"
DQ-032,data_pipeline,partner_degradation,safe behavior when remote entity or integration is unavailable,partial,blocker,code,2026-07-15T03:20:00.000Z,,,src/lib/search/search-query.ts,"Search has Postgres/static degradation; equivalent consolidated evidence for all partner adapters is absent"
DQ-033,rendering,key_entity_counts,DB API SSR and UI count consistency,not_measured,high,gap,2026-07-15T03:20:00.000Z,,,docs/release-2026-07/data-quality-report.csv,"No cross-layer count reconciliation artifact was available"
DQ-034,search,public_search_index,unique document ids,fail,high,production_runtime,2026-07-15T03:14:33.000Z,323,3,https://www.goargentina.ru/api/site/search-index,"Three duplicate nav ids map to distinct excursion URLs; hrefs themselves are unique"
DQ-035,search,public_search_index,title and href completeness,pass,high,production_runtime,2026-07-15T03:14:33.000Z,323,0,https://www.goargentina.ru/api/site/search-index,"No missing titles or hrefs"
DQ-036,search,public_search_index,no private or token routes,pass,blocker,production_runtime,2026-07-15T03:14:33.000Z,323,0,https://www.goargentina.ru/api/site/search-index,"No admin profile organizer auth or password-reset route patterns detected"
DQ-037,search,static_search_index,no noIndex blog posts,pass,blocker,test,2026-07-15T03:16:10.000Z,1,0,src/lib/sprint1-stabilization.test.ts,"Static index exclusion regression test passed"
DQ-038,seo,production_sitemap,URL status and locale integrity,pass,high,production_runtime,2026-07-15T00:32:39.264Z,1172,0,var/ops/seo-audit-last.json,"No sitemap status or i18n issues"
DQ-039,release,focused_data_quality_tests,focused integrity suite,pass,high,test,2026-07-15T03:16:10.000Z,33,0,"Vitest focused run: six files","Search publication places media booking and payment integrity tests passed"
DQ-040,database,migration_dry_run,all pending migrations dry-run against production-equivalent schema,not_measured,blocker,gap,2026-07-15T03:20:00.000Z,,,docs/release-2026-07/data-quality-report.csv,"No current consolidated migration dry-run artifact was available to this agent"
