id,area,route_or_scope,interaction,component_evidence,expected_effect,input_modes,automated_evidence,coverage_gap
INT-001,global,all public pages,skip link,src/components/SiteChrome.tsx,jump to #main-content,keyboard/focus,source only,not explicitly E2E tested
INT-002,global,all public pages,desktop navigation and mega-menu,src/components/navigation/DesktopSiteNav.tsx|src/components/navigation/MegaMenuDropdown.tsx,navigate primary sections,mouse/keyboard,tests/e2e/ux-audit.spec.ts navigation,hover focus and cross-browser menu behavior not asserted
INT-003,global,all public pages,mobile navigation drawer,src/components/navigation/SiteNavDrawer.tsx|src/components/navigation/MobileSiteNavMenu.tsx,open close and navigate nested sections,touch/keyboard,src/lib/mobile-nav.test.ts,no real iOS Safari execution
INT-004,global,all public pages,global search,src/components/SiteSearch.tsx,search and open result,keyboard/touch,source only,autocomplete zero-result offline and typo tolerance not E2E covered
INT-005,global,all public pages,profile menu,src/components/auth/ProfileMenu.tsx,open account menu and sign out,keyboard/touch,source only,authenticated state absent from generic E2E
INT-006,global,all public pages,locale and currency switcher,src/components/LocaleCurrencySwitcher.tsx,change locale and currency,keyboard/touch,tests/e2e/ssr-i18n-chrome.spec.ts covers SSR locale,switch interaction and persistence not E2E covered
INT-007,global,all public pages,cookie consent,src/components/CookieConsentBanner.tsx,accept reject or customize consent,keyboard/touch,src/lib/personalization/interaction-consent.test.ts,browser persistence not evidenced
INT-008,global,footer,newsletter form,src/components/FooterNewsletter.tsx,submit consented email,keyboard/touch,source only,success error retry and double-submit not E2E covered
INT-009,auth,/?auth=sign-in,auth modal,src/components/auth/AuthModal.tsx,email lookup sign-in registration reset,keyboard/touch,tests/e2e/auth-flow.spec.ts|tests/e2e/ux-audit.spec.ts,mocked partial flow; live success unverified
INT-010,auth,/account/update-password,password recovery form,src/app/account/update-password/UpdatePasswordView.tsx,validate recovery session and update password,keyboard/touch,tests/e2e/auth-flow.spec.ts,only missing-session state covered
INT-011,home,/,multi-search tabs,src/components/marketplace/HomeMultiSearch.tsx,switch tours excursions and flights modes,keyboard/touch,tests/e2e/stage2-visual-acceptance.spec.ts route only,active focus long labels not asserted
INT-012,home,/,tour search form,src/components/marketplace/SearchBlock.tsx,submit filters to catalog,keyboard/touch,source only,form state preservation not E2E covered
INT-013,home,/,flight search block,src/components/marketplace/HomeFlightSearchBlock.tsx,open or submit partner flight search,touch/keyboard,tests/e2e/flights-mobile.spec.ts targets /flights,home integration not covered
INT-014,tours,/tours,catalog filter bar,src/components/marketplace/FilterBar.tsx,filter catalog,mouse/keyboard/touch,tests/e2e/ux-audit.spec.ts modal close only,filter correctness not E2E covered
INT-015,tours,/tours,mobile filters sheet,src/components/marketplace/CatalogFiltersSheet.tsx,open edit apply and clear filters,touch/keyboard,tests/e2e/ux-audit.spec.ts,only dialog close control asserted
INT-016,tours,/tours,filter popover,src/components/marketplace/FilterPopover.tsx,open and choose filter options,mouse/keyboard,source only,focus restoration and outside click not E2E covered
INT-017,tours,/tours,date range picker,src/components/marketplace/DateRangePicker.tsx,select departure range,keyboard/touch,src/lib/marketplace-departure-calendar.test.ts,browser date selection not covered
INT-018,tours,/tours,sorting and view toolbar,src/components/marketplace/CatalogToolbar.tsx,sort and change catalog view,keyboard/touch,src/lib/sort-tours.test.ts,URL persistence not E2E covered
INT-019,tours,/tours,lazy load more,src/components/marketplace/CatalogLazyLoadFooter.tsx,request and display next items,scroll/keyboard,source only,loading error retry and double fetch unverified
INT-020,tours,/tours,map/list view,src/components/marketplace/CatalogMapView.tsx,browse matching offers on map and list,touch/keyboard,source only,accessible alternate path not E2E covered
INT-021,tour detail,/tours/[slug],photo gallery lightbox,src/components/shared/DetailPhotoGallery.tsx,open navigate and close gallery,mouse/keyboard/touch,tests/e2e/visual-smoke.spec.ts page screenshot,keyboard reduced motion and missing image unverified
INT-022,tour detail,/tours/[slug],departure dates modal,src/components/marketplace/TourDepartureDatesModal.tsx,select departure and continue,keyboard/touch,partner E2E specs cover selected fixtures,all providers and error states not exhaustive
INT-023,tour detail,/tours/[slug],booking panel and checkout modal,src/components/tour-detail/TourBookingPanel.tsx|src/components/tour-detail/checkout/TourCheckoutModal.tsx,create native request or honest partner handoff,keyboard/touch,tests/e2e/youtravel-booking.spec.ts|tests/e2e/tripster-partner-invariants.spec.ts,requires fixture partner slugs; payment completion not covered
INT-024,excursions,/excursions,catalog filters sheet,src/components/excursions/ExcursionCatalogFiltersSheet.tsx,filter excursion catalog,touch/keyboard,src/lib/excursion-catalog-filters.test.ts,browser interaction not covered
INT-025,excursions,/excursions,search suggestions,src/components/excursions/ExcursionSearchSuggestions.tsx,autocomplete destination or query,keyboard/touch,src/lib/excursion-search-index.test.ts,ARIA keyboard flow not E2E covered
INT-026,excursion detail,/excursions/[slug],schedule date picker,src/components/excursions/ExcursionScheduleDatePicker.tsx,select available date and time,keyboard/touch,src/lib/excursion-calendar.test.ts|src/lib/excursion-schedule.test.ts,dynamic route excluded from generic E2E
INT-027,excursion detail,/excursions/[slug],booking modal,src/components/excursions/ExcursionBookingModal.tsx,collect details and hand off to partner,keyboard/touch,src/lib/tripster/booking-api.test.ts,full browser success and error not covered
INT-028,flights,/flights,Travelpayouts whitelabel search,src/components/flights/FlightsWhitelabelWidgetCore.tsx,partner flight search in Shadow DOM,touch/keyboard,tests/e2e/flights-mobile.spec.ts,Chromium only; Safari and blocked-third-party fallback unverified
INT-029,map,/mapa-argentina,map canvas controls and markers,src/components/map/ArgentinaMapLibreCanvasInner.tsx,pan zoom select marker and request geolocation,touch/mouse/keyboard,src/lib/map-accessibility.test.ts|tests/e2e/stage2-visual-acceptance.spec.ts,real touch geolocation and browser matrix unverified
INT-030,map,/mapa-argentina,search panel,src/components/map/MapSearchPanel.tsx,search and select map objects,keyboard/touch,src/lib/map-search.test.ts,autocomplete browser flow not covered
INT-031,map,/mapa-argentina,category and layer filters,src/components/map/MapCategoryFilters.tsx|src/components/map/MapLayerToggles.tsx,toggle visible object kinds and layers,keyboard/touch,src/lib/map-argentina-url-state.test.ts,focus and URL restoration not E2E covered
INT-032,map,/mapa-argentina,accessible result list,src/components/map/MapTourListItem.tsx|src/components/map/PlaceMapListItem.tsx,open objects without canvas markers,keyboard/touch,src/lib/map-accessibility.test.ts,full keyboard journey not E2E covered
INT-033,blog,/blog,hero search and filters,src/components/blog/BlogHeroSearch.tsx|src/components/blog/BlogSearchFilters.tsx,search and filter articles,keyboard/touch,visual and UX route tests only,zero result typo tolerance and history restoration unverified
INT-034,article,/blog/[slug],save article,src/components/blog/BlogSaveArticleButton.tsx,persist saved article,keyboard/touch,src/lib/blog-reading-history-sync.test.ts,authenticated browser state unverified
INT-035,article,/blog/[slug],share controls,src/components/blog/BlogShareBar.tsx,native share or copy URL,keyboard/touch,source only,Web Share fallback not cross-browser tested
INT-036,article,/blog/[slug],rich gallery carousel,src/components/blog/BlogRichGalleryCarousel.tsx,navigate article media,keyboard/touch,src/lib/blog-post-ux.test.ts,gesture and reduced-motion not E2E covered
INT-037,knowledge base,/baza-znaniy/poisk,knowledge search,src/components/knowledge-base/KbSearch.tsx,query and open results,keyboard/touch,src/lib/knowledge-base/publication-quality.test.ts,zero offline and keyboard browser states unverified
INT-038,gallery,/gallery,gallery and lightbox,src/components/gallery/GalleryPageView.tsx,filter open and navigate media,mouse/keyboard/touch,tests/e2e/visual-smoke.spec.ts,interaction states not asserted
INT-039,faq,/faq,accordion,src/components/faq/FaqAccordionSection.tsx,expand and collapse answers,keyboard/touch,source only,ARIA expanded and focus not E2E covered
INT-040,booking recovery,/booking/find,OTP lookup form,src/components/booking/BookingLookupView.tsx,request and verify purpose-bound lookup,keyboard/touch,tests/e2e/booking-lookup-security.spec.ts,success with real mailbox or session unverified
INT-041,booking,/booking/travelers/[token],travelers form,src/components/booking/BookingTravelersFormView.tsx,save traveler details,keyboard/touch,booking unit tests,valid expired token and browser validation unverified
INT-042,booking,/booking/pay/[token],payment link view,src/components/booking/BookingPaymentLinkView.tsx,load payment state and continue,keyboard/touch,no resolved token E2E route,valid expired success and provider failure unverified
INT-043,profile,/profile/settings,profile settings form,src/app/profile/settings/page.tsx,edit personal settings,keyboard/touch,UX auth-wall only,authenticated success and error not covered
INT-044,profile,/profile/favorites,favorite controls,src/components/profile/FavoriteButton.tsx,open add or remove saved offers,keyboard/touch,src/lib/favorites-store.test.ts|src/lib/favorites-server.test.ts,authenticated browser flow unverified
INT-045,organizer,/organizer/tours/[id]/edit,tour editor,src/components/organizer/OrganizerTourEditorView.tsx,create edit preview and submit tour,keyboard/touch,UX auth-wall; dynamic route unresolved,authenticated save publish and conflict states unverified
INT-046,organizer,/organizer/articles/[id]/edit,article editor,src/components/organizer/OrganizerArticleEditorView.tsx,autosave preview and submit moderation,keyboard/touch,src/lib/cms/author-article-workflow.test.ts|stage2 auth boundary,authenticated editor success unverified
INT-047,organizer,/organizer/bookings/[id],booking CRM controls,src/components/organizer/OrganizerBookingDetailView.tsx|src/components/booking/BookingOrganizerEditModal.tsx,edit status data and comments,keyboard/touch,booking state-machine unit tests,authenticated dynamic E2E absent
INT-048,admin,/admin,command palette,src/components/admin/AdminCommandPalette.tsx,search and open admin destinations,keyboard,source only,shortcut and focus restoration untested
INT-049,admin,/admin,notifications menu,src/components/admin/AdminNotificationsMenu.tsx,open read and mark all notifications,keyboard/touch,source only,API success and error browser flow untested
INT-050,admin CMS,/admin/content/documents/[id],document editor,src/components/admin/views/ContentDocumentEditorView.tsx,edit save schedule publish and restore,keyboard/touch,CMS unit tests; stage2 list route only,authenticated editor conflict and permission states unverified
INT-051,admin CMS,/admin/content/documents/[id],visual page builder,src/components/admin/page-builder/VisualPageBuilder.tsx,add reorder and configure blocks,mouse/keyboard/touch,page-builder unit tests,drag reorder keyboard and persistence unverified
INT-052,admin CMS,/admin/media,media upload,src/components/admin/MediaUploadDropzone.tsx,select drop and upload file,mouse/keyboard/touch,media integrity unit tests,real upload progress retry and Safari drop unverified
INT-053,admin CMS,/admin/media,media lightbox,src/components/admin/MediaLightbox.tsx,inspect and navigate media,keyboard/touch,source only,focus trap and zoom unverified
INT-054,admin CMS,/admin/system/settings,site globals and navigation editor,src/components/admin/site-globals/SiteGlobalForm.tsx,edit owner-managed settings and navigation,keyboard/touch,src/lib/cms/site-globals/normalize.test.ts,authenticated save and preview browser flow unverified
INT-055,admin,/admin/system/redirects,redirect management,src/components/admin/views/RedirectsView.tsx,create edit and delete redirects,keyboard/touch,src/lib/redirects/url-redirect-normalize.test.ts,authenticated API browser flow unverified
INT-056,admin,/admin/feature-flags,feature flag controls,src/components/admin/views/FeatureFlagsView.tsx,enable or disable flags,keyboard/touch,source only,permission rollback and concurrent edit unverified
INT-057,forum,/forum/[category]/[threadId],report action,src/components/forum/ForumReportButton.tsx,submit moderation report,keyboard/touch,source only,dynamic route excluded and backend effect unverified
INT-058,contacts,/contacts,contact actions,src/components/contacts/ContactsPageClient.tsx,copy or open contact channels,keyboard/touch,stage2 visual route only,success error and dynamic time cache not asserted
