id,source,target,category,intended_status,production_result,mechanism,target_check,query_policy,release_status,notes
R001,http://goargentina.ru/,https://www.goargentina.ru/,host-canonicalization,308,308 -> https://goargentina.ru/ -> 308 -> https://www.goargentina.ru/,platform,final 200 self-canonical,preserved,WARN,"Two-hop HTTP bare-domain chain; collapse to one hop when DNS/platform settings permit"
R002,https://goargentina.ru/,https://www.goargentina.ru/,host-canonicalization,308,308,platform,final 200 self-canonical,preserved,PASS,"Single-hop bare-domain canonicalization"
R003,http://www.goargentina.ru/,https://www.goargentina.ru/,scheme-canonicalization,308,308,platform,final 200 self-canonical,preserved,PASS,"Single-hop HTTPS canonicalization"
R004,/map,/mapa-argentina,legacy-exact,308,308,next.config + static middleware,200 self-canonical,preserved,WARN,"Same mapping exists in next.config.ts and CONTENT_PLAN_URL_REDIRECTS; production resolves through Next.js first"
R005,/map/,/mapa-argentina,legacy-trailing-slash,308,308 -> /map -> 308 -> /mapa-argentina,platform + next.config,200 self-canonical,preserved,WARN,"Two-hop chain caused by trailing-slash normalization before the legacy redirect"
R006,/en/map,/mapa-argentina,localized-legacy,301,301,static middleware,200 RU self-canonical,preserved,WARN,"Locale prefix is dropped; acceptable only while no complete English map replacement is published"
R007,/es/map,/mapa-argentina,localized-legacy,301,not separately sampled,static middleware,200 RU self-canonical,preserved,REVIEW,"Code path is shared with /en/map; verify locale policy before release"
R008,/blog/blue-dollar-argentina-2025,/blog/blue-dollar-argentina-2026,dated-content,308,308,next.config,200 self-canonical,preserved,PASS,"Exact successor"
R009,/blog/argentina-tourist-visa-2025,/blog/argentina-tourist-visa-2026,dated-content,308,308,next.config,200 self-canonical,preserved,PASS,"Exact successor"
R010,/marshruty/argentina-2-nedeli,/blog/argentina-2-nedeli-marshrut,content-plan-legacy,301,301,static middleware + duplicate enabled CMS row,200 self-canonical,preserved,PASS,"Exact topic replacement"
R011,/marshruty/argentina-10-dnej,/blog/argentina-10-dnej-3-nedeli,content-plan-legacy,301,301,static middleware + duplicate enabled CMS row,200 self-canonical,preserved,PASS,"Exact topic replacement"
R012,/marshruty/ruta-40-sem-ozer,/blog/ruta-40-sem-ozer,content-plan-legacy,301,301,static middleware + duplicate enabled CMS row,200 self-canonical,preserved,PASS,"Exact topic replacement"
R013,/dengi/stoimost-zhizni-ba,/blog/stoimost-zhizni-buenos-aires,content-plan-legacy,301,301,static middleware + duplicate enabled CMS row,200 self-canonical,preserved,PASS,"Exact topic replacement"
R014,/dengi/kak-menyat-dengi,/blog/kak-menyat-dengi-argentina,content-plan-legacy,301,301,static middleware + duplicate enabled CMS row,200 self-canonical,preserved,PASS,"Exact topic replacement"
R015,/dengi/kak-menyat-valyutu,/blog/kak-menyat-dengi-argentina,content-plan-legacy,301,301,static middleware + duplicate enabled CMS row,200 self-canonical,preserved,PASS,"Exact topic replacement"
R016,/dengi/byudzhet-poezdki,/blog/byudzhet-poezdki-argentina,content-plan-legacy,301,301,static middleware + duplicate enabled CMS row,200 self-canonical,preserved,PASS,"Exact topic replacement"
R017,/transport/vnutrennie-aviabilety,/blog/vnutrennie-aviabilety-argentina,content-plan-legacy,301,301,static middleware + duplicate enabled CMS row,200 self-canonical,preserved,PASS,"Exact topic replacement"
R018,/transport/kak-dobratsya-v-argentinu,/blog/kak-dobratsya-v-argentinu,content-plan-legacy,301,301,static middleware + duplicate enabled CMS row,200 self-canonical,preserved,PASS,"Exact topic replacement"
R019,/goroda/buenos-aires-rajony,/blog/buenos-aires-rajony,content-plan-legacy,301,301,static middleware + duplicate enabled CMS row,200 self-canonical,preserved,PASS,"Exact topic replacement"
R020,/goroda/mendoza-vino,/blog/mendoza-vinnyj-gid,content-plan-legacy,301,301,static middleware + duplicate enabled CMS row,200 self-canonical,preserved,PASS,"Exact topic replacement"
R021,/pereezd/vnzh-argentina,/blog/vnzh-argentina-rezidenciya,content-plan-legacy,301,301,static middleware + duplicate enabled CMS row,200 self-canonical,preserved,PASS,"Exact topic replacement"
R022,/pereezd/viza-cifrovogo-kochevnika,/blog/viza-cifrovogo-kochevnika-argentina,content-plan-legacy,301,301,static middleware + duplicate enabled CMS row,200 self-canonical,preserved,PASS,"Exact topic replacement"
R023,/pereezd/dni-cuil,/blog/dni-cuil-argentina,content-plan-legacy,301,301,static middleware + duplicate enabled CMS row,200 self-canonical,preserved,PASS,"Exact topic replacement"
R024,/pereezd/grazhdanstvo,/blog/grazhdanstvo-argentiny,content-plan-legacy,301,301,static middleware + duplicate enabled CMS row,200 self-canonical,preserved,PASS,"Exact topic replacement"
R025,/pereezd/bankovskij-schet,/blog/bankovskij-schet-argentina,content-plan-legacy,301,301,static middleware + duplicate enabled CMS row,200 self-canonical,preserved,PASS,"Exact topic replacement"
R026,/blog/buenos-aires-neighborhoods,/blog/buenos-aires-rajony,content-plan-legacy,301,301,static middleware + duplicate enabled CMS row,200 self-canonical,preserved,PASS,"Exact language/slug replacement"
R027,/blog/mendoza-wine-route,/blog/mendoza-vinnyj-gid,content-plan-legacy,301,301,static middleware + duplicate enabled CMS row,200 self-canonical,preserved,PASS,"Exact language/slug replacement"
R028,/parki/ischigualasto-valle-de-la-luna,/blog/ischigualasto-valle-de-la-luna,content-plan-legacy,301,301,static middleware + duplicate enabled CMS row,200 self-canonical,preserved,PASS,"Exact topic replacement"
R029,/auth/reset-password,/account/update-password,application-legacy,307,307,App Router redirect,protected utility page,preserved,PASS,"Temporary method-preserving redirect is suitable for auth recovery links"
R030,/contact,/contacts,legacy-exact,301,404 noindex,none,200 self-canonical,n/a,GAP,"Exact replacement exists; add a permanent redirect"
R031,/contact/,/contacts,legacy-trailing-slash,301,308 -> /contact -> 404 noindex,platform then none,200 self-canonical,n/a,GAP,"Current normalization creates a dead-end chain"
R032,/privacy-policy,/legal/privacy,legacy-exact,301,404 noindex,none,200 self-canonical,n/a,GAP,"Exact legal replacement exists; add a permanent redirect"
R033,/politika-konfidencialnosti,/legal/privacy,legacy-exact,301,404 noindex,none,200 self-canonical,n/a,GAP,"Exact legal replacement exists; add a permanent redirect"
R034,/about-us,/about,legacy-exact,301,404 noindex,none,200 self-canonical,n/a,GAP,"Exact replacement exists; add a permanent redirect"
R035,/o-nas,/about,legacy-exact,301,404 noindex,none,200 self-canonical,n/a,GAP,"Exact replacement exists; add a permanent redirect"
R036,/footer,,removed-template-route,410,404 noindex,none,n/a,n/a,GAP,"Known imported template route has no content replacement; 410 is preferable once confirmed in legacy inventory"
R037,/st_location/buenos-aires,,legacy-wordpress-location,404,404 noindex,none,n/a,n/a,PASS,"Do not redirect by pattern; create 301 only after an exact destination/place match is approved"
R038,/st_location/argentina,,legacy-wordpress-location,404,404 noindex,none,n/a,n/a,PASS,"Do not redirect broad location archives to home"
R039,/hotel_room/test,,legacy-wordpress-hotel,410,404 noindex,none,n/a,n/a,GAP,"Known removed test/entity route; use 410 after confirming no equivalent product"
R040,/sample-page,,legacy-wordpress-template,410,404 noindex,none,n/a,n/a,GAP,"Known WordPress sample route; no relevant replacement"
R041,/demo,,removed-demo-route,410,404 noindex,none,n/a,n/a,GAP,"Known demo namespace should explicitly signal removal if it appeared in the old index"
R042,/demo-route,,removed-demo-route,410,404 noindex,none,n/a,n/a,GAP,"Known demo route should explicitly signal removal if it appeared in the old index"
R043,/wp-admin,,blocked-wordpress-probe,403,403,edge/firewall,n/a,n/a,PASS,"Security probe route; 403 is acceptable and must not redirect"
R044,/wp-login.php,,blocked-wordpress-probe,403,403,edge/firewall,n/a,n/a,PASS,"Security probe route; 403 is acceptable and must not redirect"
R045,/wp-content/uploads/example.jpg,,blocked-wordpress-probe,403,403,edge/firewall,n/a,n/a,REVIEW,"Generic probe is blocked; real migrated media URLs require an evidence-based asset map rather than a blanket redirect"
