route_pattern,page_file,render_mode,primary_components,data_and_domain_dependencies,access_boundary,metadata_evidence,e2e_declaration,risk_or_unverified_area
/about,src/app/about/page.tsx,server page with async data,@/components/about/AboutPageView|@/components/social-feed/SocialFeed|@/components/seo/BreadcrumbListJsonLd|@/components/seo/WebPageJsonLd,@/data/marketplace-tours-server|@/lib/i18n/hreflang|@/lib/i18n/server-locale|@/lib/organizer-public|@/lib/page-metadata|@/lib/media-resolver|@/lib/locale-breadcrumbs|@/lib/static-page-copy,public,generateMetadata,declared ux-audit:/about;direct refs:ssr-i18n-chrome.spec.ts,no source-level exception recorded
/account/update-password,src/app/account/update-password/page.tsx,server page with async data,./UpdatePasswordView,@/lib/auth-flow,public_utility,not declared in page file,declared ux-audit:/account/update-password;direct refs:auth-flow.spec.ts,no source-level exception recorded
/admin/analytics/funnels,src/app/admin/analytics/funnels/page.tsx,server page,@/components/admin/views/FunnelsView,no imported data/domain dependency,admin,not declared in page file,declared ux-audit:/admin/analytics/funnels,authenticated success state absent from generic guest crawl
/admin/analytics,src/app/admin/analytics/page.tsx,server page,@/components/admin/views/AnalyticsView,no imported data/domain dependency,admin,not declared in page file,declared ux-audit:/admin/analytics,authenticated success state absent from generic guest crawl
/admin/content-freshness,src/app/admin/content-freshness/page.tsx,server page,@/components/admin/views/ContentFreshnessView,no imported data/domain dependency,admin,not declared in page file,declared ux-audit:/admin/content-freshness,authenticated success state absent from generic guest crawl
/admin/content/documents/[id],src/app/admin/content/documents/[id]/page.tsx,server page with async data,@/components/admin/views/ContentDocumentEditorView,no imported data/domain dependency,admin,not declared in page file,no resolved E2E route,dynamic fixture/data not exhaustively enumerated; authenticated success state absent from generic guest crawl; not resolved by UX route manifest
/admin/content/documents/[id]/preview,src/app/admin/content/documents/[id]/preview/page.tsx,server page with async data,@/components/admin/views/ContentDocumentPreviewView,no imported data/domain dependency,admin_preview,not declared in page file,no resolved E2E route,dynamic fixture/data not exhaustively enumerated; authenticated success state absent from generic guest crawl; not resolved by UX route manifest
/admin/content/documents,src/app/admin/content/documents/page.tsx,server page,@/components/admin/views/ContentDocumentsView,no imported data/domain dependency,admin,not declared in page file,declared ux-audit:/admin/content/documents;direct refs:stage2-visual-acceptance.spec.ts,authenticated success state absent from generic guest crawl
/admin/content/map,src/app/admin/content/map/page.tsx,server page,@/components/admin/views/MapEditorView,no imported data/domain dependency,admin,not declared in page file,declared ux-audit:/admin/content/map,authenticated success state absent from generic guest crawl
/admin/content/social-feed,src/app/admin/content/social-feed/page.tsx,server page,@/components/admin/views/SocialFeedAdminView,no imported data/domain dependency,admin,not declared in page file,declared ux-audit:/admin/content/social-feed,authenticated success state absent from generic guest crawl
/admin/content/translations,src/app/admin/content/translations/page.tsx,server page,@/components/admin/views/ContentTranslationsView,no imported data/domain dependency,admin,not declared in page file,declared ux-audit:/admin/content/translations,authenticated success state absent from generic guest crawl
/admin/feature-flags,src/app/admin/feature-flags/page.tsx,server page,@/components/admin/views/FeatureFlagsView,no imported data/domain dependency,admin,not declared in page file,declared ux-audit:/admin/feature-flags,authenticated success state absent from generic guest crawl
/admin/leads,src/app/admin/leads/page.tsx,server page,inline/local rendering,no imported data/domain dependency,admin,not declared in page file,declared ux-audit:/admin/leads,authenticated success state absent from generic guest crawl; rendering inline or local
/admin/marketplace/excursions,src/app/admin/marketplace/excursions/page.tsx,server page,@/components/admin/views/ExcursionsView,no imported data/domain dependency,admin,not declared in page file,declared ux-audit:/admin/marketplace/excursions,authenticated success state absent from generic guest crawl
/admin/marketplace/experts,src/app/admin/marketplace/experts/page.tsx,server page,@/components/admin/views/MarketplaceExpertsView,no imported data/domain dependency,admin,not declared in page file,declared ux-audit:/admin/marketplace/experts,authenticated success state absent from generic guest crawl
/admin/marketplace/moderation,src/app/admin/marketplace/moderation/page.tsx,server page,@/components/admin/views/ModerationView,no imported data/domain dependency,admin,not declared in page file,declared ux-audit:/admin/marketplace/moderation,authenticated success state absent from generic guest crawl
/admin/marketplace/organizers,src/app/admin/marketplace/organizers/page.tsx,server page,@/components/admin/views/MarketplaceOrganizersView,no imported data/domain dependency,admin,not declared in page file,declared ux-audit:/admin/marketplace/organizers,authenticated success state absent from generic guest crawl
/admin/marketplace/tours,src/app/admin/marketplace/tours/page.tsx,server page,@/components/admin/views/ToursView,no imported data/domain dependency,admin,not declared in page file,declared ux-audit:/admin/marketplace/tours,authenticated success state absent from generic guest crawl
/admin/media,src/app/admin/media/page.tsx,server page,@/components/admin/views/MediaLibraryView,no imported data/domain dependency,admin,not declared in page file,declared ux-audit:/admin/media,authenticated success state absent from generic guest crawl
/admin/operations/bookings,src/app/admin/operations/bookings/page.tsx,server page,@/components/admin/views/BookingsView,no imported data/domain dependency,admin,not declared in page file,declared ux-audit:/admin/operations/bookings,authenticated success state absent from generic guest crawl
/admin/operations/leads,src/app/admin/operations/leads/page.tsx,server page,@/components/admin/views/LeadsView,no imported data/domain dependency,admin,not declared in page file,declared ux-audit:/admin/operations/leads,authenticated success state absent from generic guest crawl
/admin/operations,src/app/admin/operations/page.tsx,server page,@/components/admin/views/OperationsCommandView,no imported data/domain dependency,admin,not declared in page file,declared ux-audit:/admin/operations,authenticated success state absent from generic guest crawl
/admin/operations/payments,src/app/admin/operations/payments/page.tsx,server page,@/components/admin/views/AdminPaymentsView,no imported data/domain dependency,admin,not declared in page file,declared ux-audit:/admin/operations/payments,authenticated success state absent from generic guest crawl
/admin/operations/privacy-requests,src/app/admin/operations/privacy-requests/page.tsx,server page,@/components/admin/views/PrivacyRequestsView,no imported data/domain dependency,admin,not declared in page file,declared ux-audit:/admin/operations/privacy-requests,authenticated success state absent from generic guest crawl
/admin/operations/reconciliation,src/app/admin/operations/reconciliation/page.tsx,server page,@/components/admin/views/AdminPaymentsView,no imported data/domain dependency,admin,not declared in page file,declared ux-audit:/admin/operations/reconciliation,authenticated success state absent from generic guest crawl
/admin/operations/shop-orders,src/app/admin/operations/shop-orders/page.tsx,server page,@/components/admin/views/ShopOrdersView,no imported data/domain dependency,admin,not declared in page file,declared ux-audit:/admin/operations/shop-orders,authenticated success state absent from generic guest crawl
/admin,src/app/admin/page.tsx,client page,@/components/admin/AdminTrendChart|@/components/admin/AdminSidebar|@/components/admin/CapabilityGate|@/components/ui/native-select|@/components/workspace/ActionQueue,@/lib/admin/format|@/lib/cabinet-ui,admin,not declared in page file,declared ux-audit:/admin;direct refs:stage2-visual-acceptance.spec.ts,authenticated success state absent from generic guest crawl
/admin/system/api-keys,src/app/admin/system/api-keys/page.tsx,server page,@/components/admin/views/AdminApiKeysView,no imported data/domain dependency,admin,not declared in page file,declared ux-audit:/admin/system/api-keys,authenticated success state absent from generic guest crawl
/admin/system/audit,src/app/admin/system/audit/page.tsx,server page,@/components/admin/views/AuditLogView,no imported data/domain dependency,admin,not declared in page file,declared ux-audit:/admin/system/audit,authenticated success state absent from generic guest crawl
/admin/system/redirects,src/app/admin/system/redirects/page.tsx,server page,@/components/admin/views/RedirectsView,no imported data/domain dependency,admin,not declared in page file,declared ux-audit:/admin/system/redirects,authenticated success state absent from generic guest crawl
/admin/system/settings,src/app/admin/system/settings/page.tsx,server page,@/components/admin/views/SettingsView,no imported data/domain dependency,admin,not declared in page file,declared ux-audit:/admin/system/settings,authenticated success state absent from generic guest crawl
/admin/system/staff,src/app/admin/system/staff/page.tsx,server page,@/components/admin/views/StaffView,no imported data/domain dependency,admin,not declared in page file,declared ux-audit:/admin/system/staff,authenticated success state absent from generic guest crawl
/admin/users,src/app/admin/users/page.tsx,server page,@/components/admin/views/UsersView,no imported data/domain dependency,admin,not declared in page file,declared ux-audit:/admin/users,authenticated success state absent from generic guest crawl
/audio-guides/[id],src/app/audio-guides/[id]/page.tsx,server page with async data,@/components/audio-guides/AudioGuideDetailView,@/lib/wegottrip/client|@/lib/page-metadata,public,generateMetadata,no resolved E2E route,dynamic fixture/data not exhaustively enumerated; not resolved by UX route manifest
/audio-guides,src/app/audio-guides/page.tsx,server page,@/components/audio-guides/AudioGuidesCatalogView|@/components/seo/WebPageJsonLd,@/lib/page-metadata,public,static metadata,declared ux-audit:/audio-guides,no source-level exception recorded
/auth/error,src/app/auth/error/page.tsx,server page,inline/local rendering,no imported data/domain dependency,public_utility,not declared in page file,declared ux-audit:/auth/error;direct refs:auth-flow.spec.ts,rendering inline or local
/auth/reset-password,src/app/auth/reset-password/page.tsx,server page,inline/local rendering,no imported data/domain dependency,public_utility,not declared in page file,declared ux-audit:/auth/reset-password,rendering inline or local
/baza-znaniy/[slug],src/app/baza-znaniy/[slug]/page.tsx,server page with async data,@/components/knowledge-base/KbBreadcrumbs|@/components/knowledge-base/KbCallout|@/components/knowledge-base/KbEditorialNotice|@/components/knowledge-base/KbFactPanel|@/components/knowledge-base/KbRelated|@/components/knowledge-base/KbSideNav|@/components/knowledge-base/KbSources|@/components/knowledge-base/KbToc|@/components/seo/BreadcrumbListJsonLd|@/components/seo/ContentArticleJsonLd,@/lib/knowledge-base/content|@/lib/content-json-ld|@/lib/knowledge-base/kb-breadcrumbs-json-ld|@/lib/knowledge-base/labels|@/lib/knowledge-base/markdown|@/lib/knowledge-base/types|@/lib/knowledge-base/urls|@/lib/build-static-limits|@/lib/page-metadata,public,generateMetadata,no resolved E2E route,dynamic fixture/data not exhaustively enumerated; not resolved by UX route manifest
/baza-znaniy,src/app/baza-znaniy/page.tsx,server page with async data,@/components/knowledge-base/KbHubCard|@/components/knowledge-base/KbSearchBox|@/components/seo/BreadcrumbListJsonLd|@/components/seo/WebPageJsonLd,@/lib/knowledge-base/content|@/lib/detail-breadcrumbs|@/lib/i18n/server-locale|@/lib/page-metadata,public,static metadata,declared ux-audit:/baza-znaniy,no source-level exception recorded
/baza-znaniy/poisk,src/app/baza-znaniy/poisk/page.tsx,server page with async data,@/components/knowledge-base/KbBreadcrumbs|@/components/knowledge-base/KbSearch,@/lib/knowledge-base/content,public,static metadata,declared ux-audit:/baza-znaniy/poisk,no source-level exception recorded
/baza-znaniy/razdel/[slug],src/app/baza-znaniy/razdel/[slug]/page.tsx,server page with async data,@/components/knowledge-base/KbBreadcrumbs|@/components/knowledge-base/KbEntryCard|@/components/knowledge-base/KbSearchBox|@/components/knowledge-base/KbSideNav|@/components/seo/BreadcrumbListJsonLd|@/components/seo/WebPageJsonLd,@/lib/knowledge-base/content|@/lib/detail-breadcrumbs|@/lib/i18n/server-locale|@/lib/page-metadata,public,generateMetadata,no resolved E2E route,dynamic fixture/data not exhaustively enumerated; not resolved by UX route manifest
/blog/[slug],src/app/blog/[slug]/page.tsx,server page with async data,@/components/blog/BlogPostView|@/components/i18n/TranslationPreparingBanner|@/components/seo/ArticleJsonLd|@/components/seo/BlogFaqJsonLd,@/data/marketplace-tours-server|@/data/blog|@/lib/cms/content-resolver|@/lib/cms/blog-resolver|@/lib/blog-slug-resolve|@/lib/cms/cms-cutover|@/lib/cms/cms-hreflang|@/lib/i18n/server-locale|@/lib/page-metadata|@/lib/blog-utils|@/lib/site-url,public,generateMetadata,declared ux-audit:/blog/buenos-aires-rajony;direct refs:smoke.spec.ts|stage2-visual-acceptance.spec.ts|visual-smoke.spec.ts,dynamic fixture/data not exhaustively enumerated
/blog/author/[slug],src/app/blog/author/[slug]/page.tsx,server page with async data,@/components/blog/BlogPostView|@/components/i18n/TranslationPreparingBanner|@/components/seo/ArticleJsonLd|@/components/seo/BlogFaqJsonLd,@/data/marketplace-tours-server|@/lib/cms/content-resolver|@/lib/cms/author-article-resolver|@/lib/cms/cms-hreflang|@/lib/i18n/server-locale|@/lib/page-metadata|@/lib/site-url,public,generateMetadata,no resolved E2E route,dynamic fixture/data not exhaustively enumerated; not resolved by UX route manifest
/blog/authors/[slug],src/app/blog/authors/[slug]/page.tsx,server page with async data,@/components/blog/BlogCard|@/components/navigation/PageBreadcrumbs,@/data/blog|@/lib/cms/blog-resolver|@/lib/blog-authors|@/lib/blog-utils|@/lib/i18n/hreflang|@/lib/i18n/server-locale|@/lib/page-metadata|@/lib/cn|@/lib/site-container,public,generateMetadata,no resolved E2E route,dynamic fixture/data not exhaustively enumerated; not resolved by UX route manifest
/blog/authors,src/app/blog/authors/page.tsx,server page with async data,@/components/blog/BlogAuthorsGrid|@/components/navigation/PageBreadcrumbs,@/lib/cms/blog-resolver|@/lib/blog-authors|@/lib/blog-utils|@/lib/i18n/hreflang|@/lib/i18n/server-locale|@/lib/page-metadata|@/lib/cn|@/lib/site-container,public,static metadata,declared ux-audit:/blog/authors,no source-level exception recorded
/blog/hub/[hubId],src/app/blog/hub/[hubId]/page.tsx,server page with async data,@/components/blog/BlogHubView,@/data/blog-hubs|@/lib/cms/blog-resolver|@/data/marketplace-tours-server|@/lib/i18n/hreflang|@/lib/i18n/server-locale|@/lib/page-metadata,public,generateMetadata,declared ux-audit:/blog/hub/national-parks,dynamic fixture/data not exhaustively enumerated
/blog,src/app/blog/page.tsx,server page with async data,@/components/blog/BlogIndexView|@/components/blog/BlogIndexHero|@/components/seo/BreadcrumbListJsonLd,@/lib/detail-breadcrumbs|@/lib/cms/blog-resolver|@/lib/blog-analytics-signals|@/lib/blog-utils|@/lib/blog-reading-history-cookie|@/lib/blog-hero-variant-cookie|@/lib/auth-mode|@/lib/supabase/server|@/lib/supabase-auth-provider|@/lib/i18n/hreflang|@/lib/i18n/server-locale|@/lib/page-metadata,public,static metadata,declared ux-audit:/blog;direct refs:smoke.spec.ts|stage2-visual-acceptance.spec.ts|visual-smoke.spec.ts,no source-level exception recorded
/booking/find,src/app/booking/find/page.tsx,server page,@/components/booking/BookingLookupView,no imported data/domain dependency,public_utility,static metadata,declared ux-audit:/booking/find;direct refs:booking-lookup-security.spec.ts|smoke.spec.ts|stage2-visual-acceptance.spec.ts,no source-level exception recorded
/booking/pay/[token],src/app/booking/pay/[token]/page.tsx,server page with async data,@/components/booking/BookingPaymentLinkView,no imported data/domain dependency,public_token,static metadata,no resolved E2E route,dynamic fixture/data not exhaustively enumerated; not resolved by UX route manifest
/booking/pay/[token]/result,src/app/booking/pay/[token]/result/page.tsx,server page with async data,@/components/booking/BookingPaymentResultView,no imported data/domain dependency,public_token,static metadata,no resolved E2E route,dynamic fixture/data not exhaustively enumerated; not resolved by UX route manifest
/booking/travelers/[token],src/app/booking/travelers/[token]/page.tsx,server page with async data,@/components/booking/BookingTravelersFormView,no imported data/domain dependency,public_token,static metadata,no resolved E2E route,dynamic fixture/data not exhaustively enumerated; not resolved by UX route manifest
/car-rental,src/app/car-rental/page.tsx,server page,@/components/car-rental/CarRentalView|@/components/seo/WebPageJsonLd,@/lib/page-metadata,public,static metadata,declared ux-audit:/car-rental,no source-level exception recorded
/collections/[slug],src/app/collections/[slug]/page.tsx,server page with async data,@/components/collections/CollectionDetailView|@/components/seo/CollectionItemListJsonLd,@/lib/page-metadata|@/lib/places-repository,public,generateMetadata,declared ux-audit:/collections/patagonia-highlights,dynamic fixture/data not exhaustively enumerated
/collections,src/app/collections/page.tsx,server page with async data,@/components/collections/CollectionsIndexView,@/lib/i18n/hreflang|@/lib/page-metadata|@/lib/media-resolver|@/lib/places-repository,public,static metadata,declared ux-audit:/collections,no source-level exception recorded
/contacts,src/app/contacts/page.tsx,server page with async data,@/components/contacts/ContactsPageClient|@/components/seo/BreadcrumbListJsonLd|@/components/seo/WebPageJsonLd,@/lib/page-metadata|@/lib/i18n/hreflang|@/lib/i18n/server-locale|@/lib/locale-breadcrumbs|@/lib/media-resolver|@/lib/site-settings-server|@/lib/static-page-copy,public,generateMetadata,declared ux-audit:/contacts;direct refs:stage2-visual-acceptance.spec.ts,no source-level exception recorded
/destinations/[slug],src/app/destinations/[slug]/page.tsx,server page with async data,@/components/destinations/DestinationDetailView|@/components/social-feed/SocialFeed|@/components/flights/DestinationFlightSidebar|@/components/i18n/TranslationPreparingBanner|@/components/seo/BreadcrumbListJsonLd|@/components/seo/FlightOffersJsonLd|@/components/seo/TouristDestinationJsonLd,@/lib/detail-breadcrumbs|@/lib/cms/destination-resolver|@/lib/cms/cms-hreflang|@/lib/cms/content-resolver|@/data/marketplace-tours-server|@/lib/flights/hub-price-teasers|@/lib/i18n/server-locale|@/lib/knowledge-internal-links|@/lib/site-url,public,generateMetadata,declared ux-audit:/destinations/patagonia;direct refs:smoke.spec.ts|visual-smoke.spec.ts,dynamic fixture/data not exhaustively enumerated
/destinations,src/app/destinations/page.tsx,server page with async data,@/components/destinations/GeographyHubView|@/components/seo/BreadcrumbListJsonLd|@/components/seo/CatalogItemListJsonLd|@/components/seo/DestinationsCatalogSeoLinks|@/components/seo/WebPageJsonLd,@/lib/catalog-json-ld|@/lib/cms/destination-resolver|@/lib/cms/place-resolver|@/lib/destinations-catalog-seo|@/lib/i18n/server-locale|@/lib/locale-breadcrumbs|@/lib/places-repository,public,generateMetadata,declared ux-audit:/destinations;direct refs:smoke.spec.ts|ssr-i18n-chrome.spec.ts|visual-smoke.spec.ts,no source-level exception recorded
/dev/design-system,src/app/dev/design-system/page.tsx,server page,@/components/about/DesignSystemShowcase,@/lib/private-page-metadata,internal_production_404,static metadata,no resolved E2E route,not resolved by UX route manifest
/embed/flights/wl,src/app/embed/flights/wl/page.tsx,server page,./FlightsWlEmbedPageClient,no imported data/domain dependency,public_embed,not declared in page file,declared ux-audit:/embed/flights/wl,no source-level exception recorded
/embed/tours,src/app/embed/tours/page.tsx,server page with async data,./EmbedToursPageClient,@/data/marketplace-tours-server|@/lib/tour-embed,public_embed,static metadata,declared ux-audit:/embed/tours,no source-level exception recorded
/esim,src/app/esim/page.tsx,server page,@/components/esim/EsimCatalogView|@/components/seo/WebPageJsonLd,@/lib/page-metadata,public,static metadata,declared ux-audit:/esim,no source-level exception recorded
/excursions/[slug],src/app/excursions/[slug]/page.tsx,server page with async data,@/components/excursions/ExcursionDetailView|@/components/seo/BreadcrumbListJsonLd|@/components/seo/ExcursionJsonLd,@/lib/detail-breadcrumbs|@/lib/build-static-limits|@/lib/i18n/server-locale|@/lib/tripster/excursion-server,public,generateMetadata,no resolved E2E route,dynamic fixture/data not exhaustively enumerated; not resolved by UX route manifest
/excursions/city/[citySlug],src/app/excursions/city/[citySlug]/page.tsx,server page with async data,@/components/excursions/ExcursionsCatalog|@/components/flights/ExcursionCityFlightSidebar|@/components/ui/skeleton,@/lib/flights/destination-airports|@/lib/tripster/excursion-server,public,generateMetadata,no resolved E2E route,dynamic fixture/data not exhaustively enumerated; not resolved by UX route manifest
/excursions/guide/[guideId],src/app/excursions/guide/[guideId]/page.tsx,server page with async data,@/components/excursions/ExcursionGuideProfileView,@/lib/tripster/guide-server|@/lib/site-brand,public,generateMetadata,no resolved E2E route,dynamic fixture/data not exhaustively enumerated; not resolved by UX route manifest
/excursions,src/app/excursions/page.tsx,dynamic server page,@/components/excursions/ExcursionsCatalog|@/components/seo/BreadcrumbListJsonLd|@/components/ui/skeleton,@/lib/i18n/hreflang|@/lib/i18n/server-locale|@/lib/locale-breadcrumbs|@/lib/page-metadata|@/lib/static-page-copy|@/lib/tripster/excursion-server,public,generateMetadata,declared ux-audit:/excursions,no source-level exception recorded
/experts/[slug],src/app/experts/[slug]/page.tsx,server page with async data,@/components/experts/ExpertDetailView|@/components/seo/WebPageJsonLd,@/lib/local-experts-server|@/lib/i18n/hreflang|@/lib/supabase/server,public,generateMetadata,declared ux-audit:/experts/maria-iguazu,dynamic fixture/data not exhaustively enumerated
/experts,src/app/experts/page.tsx,server page with async data,@/components/experts/ExpertsCatalog|@/components/seo/WebPageJsonLd,@/lib/local-experts-server|@/lib/i18n/hreflang|@/lib/supabase/server|@/lib/site-container,public,generateMetadata,declared ux-audit:/experts,no source-level exception recorded
/faq,src/app/faq/page.tsx,server page with async data,@/components/faq/FaqAccordionSection|@/components/navigation/PageBreadcrumbs|@/components/seo/BreadcrumbListJsonLd|@/components/seo/FAQPageJsonLd,@/data/faq|@/lib/detail-breadcrumbs|@/lib/i18n/server-locale|@/lib/page-metadata|@/lib/site-container|@/lib/cn,public,static metadata,declared ux-audit:/faq;direct refs:ssr-i18n-chrome.spec.ts,no source-level exception recorded
/flights/[route],src/app/flights/[route]/page.tsx,server page with async data,@/components/flights/FlightRouteLandingView|@/components/seo/BreadcrumbListJsonLd|@/components/seo/FlightOffersJsonLd,@/lib/detail-breadcrumbs|@/data/flight-popular-routes|@/lib/flights/hub-price-teasers|@/lib/flights/route-labels|@/lib/travelpayouts/price-widget-config|@/lib/page-metadata,public,generateMetadata,declared ux-audit:/flights/mow-bue,dynamic fixture/data not exhaustively enumerated
/flights,src/app/flights/page.tsx,server page with async data,@/components/flights/FlightsWhitelabelView|@/components/flights/FlightsPageSkeleton|@/components/seo/BreadcrumbListJsonLd|@/components/seo/WebPageJsonLd,@/lib/detail-breadcrumbs|@/lib/i18n/server-locale|@/lib/page-metadata|@/lib/travelpayouts/whitelabel/config,public,static metadata,declared ux-audit:/flights;direct refs:flights-mobile.spec.ts|stage2-visual-acceptance.spec.ts,no source-level exception recorded
/forum/[category]/[threadId],src/app/forum/[category]/[threadId]/page.tsx,server page with async data,@/components/forum/ForumThreadView|@/components/seo/BreadcrumbListJsonLd,@/lib/auth-mode|@/lib/detail-breadcrumbs|@/lib/forum/forum-server|@/lib/i18n/server-locale|@/lib/page-metadata|@/lib/supabase/server,public,generateMetadata,no resolved E2E route,dynamic fixture/data not exhaustively enumerated; not resolved by UX route manifest
/forum/[category],src/app/forum/[category]/page.tsx,server page with async data,@/components/forum/ForumCategoryView|@/components/seo/BreadcrumbListJsonLd,@/lib/auth-mode|@/lib/detail-breadcrumbs|@/lib/forum/forum-server|@/lib/i18n/server-locale|@/lib/page-metadata|@/lib/supabase/server,public,generateMetadata,no resolved E2E route,dynamic fixture/data not exhaustively enumerated; not resolved by UX route manifest
/forum,src/app/forum/page.tsx,server page with async data,@/components/forum/ForumIndexView|@/components/seo/BreadcrumbListJsonLd,@/lib/auth-mode|@/lib/detail-breadcrumbs|@/lib/forum/forum-server|@/lib/i18n/server-locale|@/lib/page-metadata|@/lib/supabase/server,public,static metadata,declared ux-audit:/forum,no source-level exception recorded
/gallery,src/app/gallery/page.tsx,server page with async data,@/components/gallery/GalleryPageView|@/components/seo/WebPageJsonLd,@/lib/page-metadata,public,static metadata,declared ux-audit:/gallery;direct refs:visual-smoke.spec.ts,no source-level exception recorded
/guide/[slug],src/app/guide/[slug]/page.tsx,server page with async data,@/components/content/ContentPageView|@/components/guide/hub/KakDobratsyaHubView|@/components/guide/GuidePillarView|@/components/guide/GuideTopicView|@/components/i18n/TranslationPreparingBanner,@/data/guide-hub-kak-dobratsya|@/lib/cms/guide-resolver|@/lib/cms/cms-hreflang|@/lib/cms/content-resolver|@/lib/guide-topics|@/data/marketplace-tours-server|@/lib/i18n/server-locale|@/lib/i18n/hreflang|@/lib/media-resolver|@/lib/page-metadata,public,generateMetadata,declared ux-audit:/guide/sezony-i-klimat;direct refs:smoke.spec.ts,dynamic fixture/data not exhaustively enumerated
/guide/ob-argentine,src/app/guide/ob-argentine/page.tsx,server page,@/components/guide/AboutArgentinaView,no imported data/domain dependency,public,static metadata,declared ux-audit:/guide/ob-argentine,no source-level exception recorded
/guide,src/app/guide/page.tsx,server page with async data,@/components/guide/GuideHubView|@/components/seo/BreadcrumbListJsonLd,@/lib/i18n/hreflang|@/lib/i18n/server-locale|@/lib/locale-breadcrumbs|@/lib/media-resolver|@/lib/page-metadata|@/lib/static-page-copy,public,generateMetadata,declared ux-audit:/guide;direct refs:smoke.spec.ts|ssr-i18n-chrome.spec.ts,no source-level exception recorded
/immigration/[slug],src/app/immigration/[slug]/page.tsx,server page with async data,@/components/content/ContentPageView|@/components/immigration/ImmigrationPillarView,@/lib/content-pages|@/lib/immigration-topics|@/lib/content-freshness-server|@/lib/page-metadata|@/lib/i18n/hreflang,public,generateMetadata,declared ux-audit:/immigration/dokumenty-dlya-vyezda,dynamic fixture/data not exhaustively enumerated
/immigration,src/app/immigration/page.tsx,server page with async data,@/components/flights/ImmigrationFlightHint|@/components/immigration/ImmigrationHubView|@/components/seo/BreadcrumbListJsonLd,@/lib/i18n/hreflang|@/lib/i18n/server-locale|@/lib/locale-breadcrumbs|@/lib/media-resolver|@/lib/page-metadata|@/lib/static-page-copy,public,generateMetadata,declared ux-audit:/immigration;direct refs:ssr-i18n-chrome.spec.ts|visual-smoke.spec.ts,no source-level exception recorded
/insurance,src/app/insurance/page.tsx,server page,@/components/insurance/InsuranceView|@/components/seo/WebPageJsonLd,@/lib/page-metadata|@/lib/travelpayouts/whitelabel/insurance-config,public,static metadata,declared ux-audit:/insurance,no source-level exception recorded
/itineraries/[slug],src/app/itineraries/[slug]/page.tsx,server page with async data,@/components/itineraries/ItineraryDetailView|@/components/social-feed/SocialFeed|@/components/seo/ItineraryTripJsonLd,@/lib/places-repository,public,generateMetadata,declared ux-audit:/itineraries/patagonia-classic-10-days,dynamic fixture/data not exhaustively enumerated
/itineraries,src/app/itineraries/page.tsx,server page with async data,@/components/itineraries/ItinerariesIndexView,@/lib/places-repository,public,static metadata,declared ux-audit:/itineraries,no source-level exception recorded
/join,src/app/join/page.tsx,server page,@/components/join/JoinPageView,no imported data/domain dependency,public,static metadata,declared ux-audit:/join,no source-level exception recorded
/legal/[slug],src/app/legal/[slug]/page.tsx,server page with async data,@/components/i18n/TranslationPreparingBanner|@/components/legal/LegalPageView|@/components/seo/BreadcrumbListJsonLd,@/lib/cms/content-resolver|@/lib/cms/legal-resolver|@/lib/cms/cms-hreflang|@/lib/i18n/server-locale|@/lib/page-metadata,public,generateMetadata,declared ux-audit:/legal/privacy,dynamic fixture/data not exhaustively enumerated
/maintenance,src/app/maintenance/page.tsx,server page with async data,@/components/maintenance/MaintenanceComingSoonView,@/lib/i18n/server-locale|@/lib/maintenance-page|@/lib/site-settings-server,public_utility,static metadata,no resolved E2E route,not resolved by UX route manifest
/map,src/app/map/page.tsx,server page with async data,inline/local rendering,no imported data/domain dependency,public,not declared in page file,declared ux-audit:/map;direct refs:smoke.spec.ts,rendering inline or local
/mapa-argentina,src/app/mapa-argentina/page.tsx,server page with async data,@/components/map/MapaArgentinaClient|@/components/seo/BreadcrumbListJsonLd|@/components/seo/WebPageJsonLd,@/lib/map-objects-server|@/lib/map-argentina-url-state|@/lib/i18n/hreflang,public,generateMetadata,declared ux-audit:/mapa-argentina;direct refs:smoke.spec.ts|stage2-visual-acceptance.spec.ts|visual-smoke.spec.ts,no source-level exception recorded
/organizer/analytics,src/app/organizer/analytics/page.tsx,server page,./OrganizerAnalyticsPageClient,no imported data/domain dependency,authenticated_organizer,static metadata,declared ux-audit:/organizer/analytics,authenticated success state absent from generic guest crawl
/organizer/articles/[id]/edit,src/app/organizer/articles/[id]/edit/page.tsx,server page with async data,./OrganizerArticleEditPageClient,no imported data/domain dependency,authenticated_organizer,not declared in page file,no resolved E2E route,dynamic fixture/data not exhaustively enumerated; authenticated success state absent from generic guest crawl; not resolved by UX route manifest
/organizer/articles/[id]/preview,src/app/organizer/articles/[id]/preview/page.tsx,server page with async data,@/components/organizer/OrganizerArticlePreviewView,no imported data/domain dependency,authenticated_organizer_preview,not declared in page file,no resolved E2E route,dynamic fixture/data not exhaustively enumerated; authenticated success state absent from generic guest crawl; not resolved by UX route manifest
/organizer/articles,src/app/organizer/articles/page.tsx,server page,./OrganizerArticlesPageClient,no imported data/domain dependency,authenticated_organizer,not declared in page file,declared ux-audit:/organizer/articles;direct refs:stage2-visual-acceptance.spec.ts,authenticated success state absent from generic guest crawl
/organizer/bookings/[id],src/app/organizer/bookings/[id]/page.tsx,server page,./OrganizerBookingDetailPageClient,no imported data/domain dependency,authenticated_organizer,static metadata,no resolved E2E route,dynamic fixture/data not exhaustively enumerated; authenticated success state absent from generic guest crawl; not resolved by UX route manifest
/organizer/bookings,src/app/organizer/bookings/page.tsx,server page,./OrganizerBookingsPageClient,no imported data/domain dependency,authenticated_organizer,static metadata,declared ux-audit:/organizer/bookings,authenticated success state absent from generic guest crawl
/organizer/finance,src/app/organizer/finance/page.tsx,server page,./OrganizerFinancePageClient,no imported data/domain dependency,authenticated_organizer,not declared in page file,declared ux-audit:/organizer/finance,authenticated success state absent from generic guest crawl
/organizer/group-trips,src/app/organizer/group-trips/page.tsx,server page,./OrganizerGroupTripsPageClient,no imported data/domain dependency,authenticated_organizer,static metadata,declared ux-audit:/organizer/group-trips,authenticated success state absent from generic guest crawl
/organizer/integrations,src/app/organizer/integrations/page.tsx,server page,./OrganizerIntegrationsPageClient,no imported data/domain dependency,authenticated_organizer,static metadata,declared ux-audit:/organizer/integrations,authenticated success state absent from generic guest crawl
/organizer/messages,src/app/organizer/messages/page.tsx,client page,@/components/organizer/OrganizerShell|@/components/messages/MessagesInboxView,no imported data/domain dependency,authenticated_organizer,not declared in page file,declared ux-audit:/organizer/messages,authenticated success state absent from generic guest crawl
/organizer,src/app/organizer/page.tsx,server page,./OrganizerDashboardPageClient,no imported data/domain dependency,authenticated_organizer,static metadata,declared ux-audit:/organizer;direct refs:stage2-visual-acceptance.spec.ts,authenticated success state absent from generic guest crawl
/organizer/payments,src/app/organizer/payments/page.tsx,server page,./OrganizerPaymentsPageClient,no imported data/domain dependency,authenticated_organizer,static metadata,declared ux-audit:/organizer/payments,authenticated success state absent from generic guest crawl
/organizer/reviews,src/app/organizer/reviews/page.tsx,server page,./OrganizerReviewsPageClient,no imported data/domain dependency,authenticated_organizer,static metadata,declared ux-audit:/organizer/reviews,authenticated success state absent from generic guest crawl
/organizer/settings,src/app/organizer/settings/page.tsx,server page,./OrganizerSettingsPageClient,no imported data/domain dependency,authenticated_organizer,static metadata,declared ux-audit:/organizer/settings,authenticated success state absent from generic guest crawl
/organizer/tours/[id]/edit,src/app/organizer/tours/[id]/edit/page.tsx,server page,./OrganizerTourEditorPageClient,@/data/organizer-tours,authenticated_organizer,static metadata,no resolved E2E route,dynamic fixture/data not exhaustively enumerated; authenticated success state absent from generic guest crawl; not resolved by UX route manifest
/organizer/tours/[id]/preview,src/app/organizer/tours/[id]/preview/page.tsx,server page,./OrganizerTourPreviewPageClient,@/data/organizer-tours,authenticated_organizer_preview,static metadata,no resolved E2E route,dynamic fixture/data not exhaustively enumerated; authenticated success state absent from generic guest crawl; not resolved by UX route manifest
/organizer/tours,src/app/organizer/tours/page.tsx,server page,./OrganizerToursPageClient,no imported data/domain dependency,authenticated_organizer,static metadata,declared ux-audit:/organizer/tours,authenticated success state absent from generic guest crawl
/organizer/waitlist/[id],src/app/organizer/waitlist/[id]/page.tsx,server page with async data,./OrganizerWaitlistDetailPageClient,no imported data/domain dependency,authenticated_organizer,not declared in page file,no resolved E2E route,dynamic fixture/data not exhaustively enumerated; authenticated success state absent from generic guest crawl; not resolved by UX route manifest
/organizers/[slug],src/app/organizers/[slug]/page.tsx,server page with async data,@/components/organizer-public/OrganizerPublicView,@/data/marketplace-tours-server|@/lib/organizer-public|@/data/public-organizers,authenticated_due_prefix_match_conflict,generateMetadata,declared ux-audit:/organizers/ivan-evdokimychev,dynamic fixture/data not exhaustively enumerated; page and sitemap intend public access but middleware and E2E categorizer match /organizer prefix and treat /organizers as protected
/,src/app/page.tsx,server page with async data,@/components/marketplace/MarketplaceHome|@/components/marketplace/HomeHeroCollage|@/components/flights/TravelPrepStrip|@/components/seo/HomePrimarySectionsItemListJsonLd|@/components/seo/WebPageJsonLd,@/data/marketplace-tours-server|@/data/blog|@/lib/homepage-reviews|@/lib/i18n/hreflang|@/lib/organizer-public|@/lib/page-metadata|@/lib/feature-flags/server|@/lib/personalization/interaction-context-server|@/lib/personalization/recommendations-server|@/lib/tripster/excursion-server|@/lib/media-resolver,public,static metadata,declared ux-audit:/;direct refs:auth-flow.spec.ts|smoke.spec.ts|ssr-i18n-chrome.spec.ts|stage2-visual-acceptance.spec.ts|ux-audit.spec.ts|visual-smoke.spec.ts,no source-level exception recorded
/places/[slug],src/app/places/[slug]/page.tsx,server page with async data,@/components/i18n/TranslationPreparingBanner|@/components/places/PlaceDetailView|@/components/social-feed/SocialFeed|@/components/seo/BreadcrumbListJsonLd|@/components/seo/FAQPageJsonLd|@/components/seo/PlaceJsonLd,@/lib/detail-breadcrumbs|@/lib/knowledge-internal-links|@/data/marketplace-tours-server|@/lib/places-urls|@/lib/cms/place-resolver|@/lib/cms/cms-hreflang|@/lib/cms/content-resolver|@/lib/i18n/server-locale|@/lib/places-seo,public,generateMetadata,declared ux-audit:/places/iguazu-falls;direct refs:smoke.spec.ts,dynamic fixture/data not exhaustively enumerated
/places,src/app/places/page.tsx,server page with async data,@/components/places/PlacesCatalog|@/components/seo/BreadcrumbListJsonLd|@/components/seo/CatalogItemListJsonLd|@/components/seo/PlacesCatalogSeoLinks|@/components/seo/WebPageJsonLd,@/lib/places-repository|@/lib/cms/place-resolver|@/lib/catalog-json-ld|@/lib/i18n/server-locale|@/lib/locale-breadcrumbs|@/lib/places-catalog-seo|@/lib/places-catalog-filters,public,generateMetadata,declared ux-audit:/places;direct refs:smoke.spec.ts|ssr-i18n-chrome.spec.ts,no source-level exception recorded
/podbor,src/app/podbor/page.tsx,server page with async data,inline/local rendering,@/data/marketplace-tours-server,public,static metadata,declared ux-audit:/podbor,rendering inline or local
/profile/bookings/[id],src/app/profile/bookings/[id]/page.tsx,client page,@/components/booking/BookingTouristDetailView,no imported data/domain dependency,authenticated_tourist,not declared in page file,no resolved E2E route,dynamic fixture/data not exhaustively enumerated; authenticated success state absent from generic guest crawl; not resolved by UX route manifest
/profile/bookings,src/app/profile/bookings/page.tsx,client page,@/components/booking/BookingStatusBadge|@/components/ui/empty-state|@/components/FormattedPrice|@/components/profile/BookingReviewCta|@/components/profile/BookingListSkeleton|@/components/profile/ProfileWaitlistSection|@/components/feedback/InlineFeedback,@/lib/bookings-store|@/lib/bookings-api|@/lib/messages-store|@/lib/booking-datetime|@/lib/booking-display|@/lib/cn|@/lib/youtravel/booking-status|@/lib/cabinet-ui,authenticated_tourist,not declared in page file,declared ux-audit:/profile/bookings,authenticated success state absent from generic guest crawl
/profile/favorites,src/app/profile/favorites/page.tsx,client page,@/components/profile/FavoriteButton|@/components/profile/ProfileSavedArticlesPanel|@/components/excursions/ExcursionFavoriteButton|@/components/places/PlaceFavoriteButton|@/components/FormattedPrice,@/lib/favorites-store|@/lib/favorite-href|@/lib/favorite-button-styles|@/lib/cn|@/lib/cabinet-ui,authenticated_tourist,not declared in page file,declared ux-audit:/profile/favorites,authenticated success state absent from generic guest crawl
/profile/group-trips,src/app/profile/group-trips/page.tsx,server page,@/components/group-trips/ProfileGroupTripsView,no imported data/domain dependency,authenticated_tourist,static metadata,declared ux-audit:/profile/group-trips,authenticated success state absent from generic guest crawl
/profile/messages,src/app/profile/messages/page.tsx,client page,@/components/messages/MessagesInboxView,no imported data/domain dependency,authenticated_tourist,not declared in page file,declared ux-audit:/profile/messages,authenticated success state absent from generic guest crawl
/profile/orders,src/app/profile/orders/page.tsx,client page,@/components/shop/ShopOrderStatusBadge|@/components/FormattedPrice|@/components/ui/empty-state,@/lib/booking-datetime|@/lib/shop-order-api|@/lib/cabinet-ui,authenticated_tourist,not declared in page file,declared ux-audit:/profile/orders,authenticated success state absent from generic guest crawl
/profile,src/app/profile/page.tsx,client page,@/components/FormattedPrice|@/components/profile/BookingReviewCta|@/components/profile/ProfileNotifications|@/components/profile/ProfileDashboardWidgets|@/components/profile/ProfileQuickActions|@/components/personalization/PersonalizedRecommendationsSection|@/components/ui/empty-state|@/components/booking/BookingStatusBadge|@/components/profile/ProfileNextBestAction,@/lib/tourist-dashboard|@/lib/booking-display|@/lib/messages-store|@/lib/cn|@/lib/cabinet-ui|@/lib/blog-reading-history-sync,authenticated_tourist,not declared in page file,declared ux-audit:/profile;direct refs:stage2-visual-acceptance.spec.ts,authenticated success state absent from generic guest crawl
/profile/reviews,src/app/profile/reviews/page.tsx,client page,@/components/ui/safe-image|@/components/ui/empty-state,@/lib/reviews-store|@/data/tourist-dashboard|@/lib/utils|@/lib/review-listing-link|@/lib/auth-mode|@/lib/cn|@/lib/cabinet-ui,authenticated_tourist,not declared in page file,declared ux-audit:/profile/reviews,authenticated success state absent from generic guest crawl
/profile/settings,src/app/profile/settings/page.tsx,client page,@/components/ui/button|@/components/ui/input|@/components/ui/single-date-picker|@/components/auth/UserAvatar|@/components/feedback/InlineFeedback|@/components/notifications/NotificationPreferencesSection|@/components/settings/PrivacySettingsSection|@/components/settings/ProfilePasswordSection|@/components/settings/PushNotificationsSection|@/components/settings/ThemeSettingsSection,@/lib/auth-input|@/lib/participant-age|@/data/profile-countries|@/lib/cn|@/lib/cabinet-ui|@/lib/site-feedback/normalize-error,authenticated_tourist,not declared in page file,declared ux-audit:/profile/settings,authenticated success state absent from generic guest crawl
/profile/trip-prep,src/app/profile/trip-prep/page.tsx,client page,@/components/trip-prep/TripPrepHub|@/components/trip-prep/TripPrepBookingPicker,no imported data/domain dependency,authenticated_tourist,not declared in page file,declared ux-audit:/profile/trip-prep,authenticated success state absent from generic guest crawl
/services,src/app/services/page.tsx,server page with async data,@/components/flights/FlightPriceTeaserGrid|@/components/services/ServicesPageView|@/components/seo/WebPageJsonLd,@/lib/page-metadata,public,static metadata,declared ux-audit:/services,no source-level exception recorded
/shop/[slug],src/app/shop/[slug]/page.tsx,server page with async data,@/components/shop/ShopProductDetailView|@/components/seo/WebPageJsonLd,@/data/shop-products|@/lib/page-metadata,public,generateMetadata,declared ux-audit:/shop/patagonia-pdf-guide,dynamic fixture/data not exhaustively enumerated
/shop,src/app/shop/page.tsx,server page,@/components/shop/ShopPageView|@/components/seo/WebPageJsonLd,@/lib/page-metadata,public,static metadata,declared ux-audit:/shop,no source-level exception recorded
/tours/[slug],src/app/tours/[slug]/page.tsx,dynamic server page,@/components/tour-detail/TourDetailView|@/components/seo/BreadcrumbListJsonLd|@/components/seo/TourJsonLd|@/components/seo/FlightOffersJsonLd|@/components/flights/TourFlightLogisticsSection,@/lib/detail-breadcrumbs|@/lib/i18n/server-locale|@/lib/tours-server|@/lib/places-repository|@/lib/tours-server-cutover|@/lib/flights/destination-airports|@/lib/flights/hub-price-teasers|@/lib/flights/teaser-labels|@/lib/site-url|@/lib/tour-metadata|@/lib/tour-private-access,public,generateMetadata,declared ux-audit:/tours/patagonia-glaciers;direct refs:stage2-visual-acceptance.spec.ts|tripster-partner-invariants.spec.ts|ux-audit.spec.ts|visual-smoke.spec.ts|youtravel-booking.spec.ts|youtravel-partner-invariants.spec.ts,dynamic fixture/data not exhaustively enumerated
/tours,src/app/tours/page.tsx,dynamic server page,@/components/marketplace/ToursCatalog|@/components/seo/BreadcrumbListJsonLd|@/components/seo/CatalogItemListJsonLd|@/components/seo/CatalogSeoLinks|@/components/ui/skeleton,@/data/marketplace-tours-server|@/lib/catalog-json-ld|@/lib/catalog-seo|@/lib/i18n/server-locale|@/lib/locale-breadcrumbs|@/lib/organizer-public,public,generateMetadata,declared ux-audit:/tours;direct refs:smoke.spec.ts|ssr-i18n-chrome.spec.ts|stage2-visual-acceptance.spec.ts|tripster-partner-invariants.spec.ts|ux-audit.spec.ts|visual-smoke.spec.ts|youtravel-booking.spec.ts|youtravel-partner-invariants.spec.ts,no source-level exception recorded
/transfers,src/app/transfers/page.tsx,server page,@/components/transfers/TransfersSearchView|@/components/seo/WebPageJsonLd,@/lib/page-metadata,public,static metadata,declared ux-audit:/transfers,no source-level exception recorded
/trip-prep,src/app/trip-prep/page.tsx,server page,inline/local rendering,@/data/trip-prep-defaults,public,static metadata,declared ux-audit:/trip-prep,rendering inline or local
/trip/[token],src/app/trip/[token]/page.tsx,server page with async data,@/components/trip/TripClientPortalView,no imported data/domain dependency,public_token,static metadata,no resolved E2E route,dynamic fixture/data not exhaustively enumerated; not resolved by UX route manifest
/yandex-verification,src/app/yandex-verification/page.tsx,server page with async data,inline/local rendering,@/lib/site-settings-server|@/lib/site-url|@/lib/yandex-distribution-verify,public_utility,generateMetadata,declared ux-audit:/yandex-verification,rendering inline or local
