id,route_pattern,kind,methods,access,indexing,locale_behavior,source_file,implementation_status,automated_test_evidence,notes
PAGE-001,/about,page,GET,public,indexable_candidate,optional /en and /es prefix rewritten by middleware,src/app/about/page.tsx,implemented_route,declared ux-audit:/about;direct refs:ssr-i18n-chrome.spec.ts,
PAGE-002,/account/update-password,page,GET,public_utility,noindex_intended,optional /en and /es prefix rewritten by middleware,src/app/account/update-password/page.tsx,implemented_route,declared ux-audit:/account/update-password;direct refs:auth-flow.spec.ts,
PAGE-003,/admin/analytics/funnels,page,GET,admin,noindex_intended,optional /en and /es prefix rewritten by middleware,src/app/admin/analytics/funnels/page.tsx,implemented_route,declared ux-audit:/admin/analytics/funnels,
PAGE-004,/admin/analytics,page,GET,admin,noindex_intended,optional /en and /es prefix rewritten by middleware,src/app/admin/analytics/page.tsx,implemented_route,declared ux-audit:/admin/analytics,
PAGE-005,/admin/content-freshness,page,GET,admin,noindex_intended,optional /en and /es prefix rewritten by middleware,src/app/admin/content-freshness/page.tsx,implemented_route,declared ux-audit:/admin/content-freshness,
PAGE-006,/admin/content/documents/[id],page,GET,admin,noindex_intended,optional /en and /es prefix rewritten by middleware,src/app/admin/content/documents/[id]/page.tsx,implemented_route,no resolved E2E route,dynamic pattern requires fixture/data
PAGE-007,/admin/content/documents/[id]/preview,page,GET,admin_preview,noindex_intended,optional /en and /es prefix rewritten by middleware,src/app/admin/content/documents/[id]/preview/page.tsx,implemented_route,no resolved E2E route,dynamic pattern requires fixture/data
PAGE-008,/admin/content/documents,page,GET,admin,noindex_intended,optional /en and /es prefix rewritten by middleware,src/app/admin/content/documents/page.tsx,implemented_route,declared ux-audit:/admin/content/documents;direct refs:stage2-visual-acceptance.spec.ts,
PAGE-009,/admin/content/map,page,GET,admin,noindex_intended,optional /en and /es prefix rewritten by middleware,src/app/admin/content/map/page.tsx,implemented_route,declared ux-audit:/admin/content/map,
PAGE-010,/admin/content/social-feed,page,GET,admin,noindex_intended,optional /en and /es prefix rewritten by middleware,src/app/admin/content/social-feed/page.tsx,implemented_route,declared ux-audit:/admin/content/social-feed,
PAGE-011,/admin/content/translations,page,GET,admin,noindex_intended,optional /en and /es prefix rewritten by middleware,src/app/admin/content/translations/page.tsx,implemented_route,declared ux-audit:/admin/content/translations,
PAGE-012,/admin/feature-flags,page,GET,admin,noindex_intended,optional /en and /es prefix rewritten by middleware,src/app/admin/feature-flags/page.tsx,implemented_route,declared ux-audit:/admin/feature-flags,
PAGE-013,/admin/leads,page,GET,admin,noindex_intended,optional /en and /es prefix rewritten by middleware,src/app/admin/leads/page.tsx,redirect,declared ux-audit:/admin/leads,
PAGE-014,/admin/marketplace/excursions,page,GET,admin,noindex_intended,optional /en and /es prefix rewritten by middleware,src/app/admin/marketplace/excursions/page.tsx,implemented_route,declared ux-audit:/admin/marketplace/excursions,
PAGE-015,/admin/marketplace/experts,page,GET,admin,noindex_intended,optional /en and /es prefix rewritten by middleware,src/app/admin/marketplace/experts/page.tsx,implemented_route,declared ux-audit:/admin/marketplace/experts,
PAGE-016,/admin/marketplace/moderation,page,GET,admin,noindex_intended,optional /en and /es prefix rewritten by middleware,src/app/admin/marketplace/moderation/page.tsx,implemented_route,declared ux-audit:/admin/marketplace/moderation,
PAGE-017,/admin/marketplace/organizers,page,GET,admin,noindex_intended,optional /en and /es prefix rewritten by middleware,src/app/admin/marketplace/organizers/page.tsx,implemented_route,declared ux-audit:/admin/marketplace/organizers,
PAGE-018,/admin/marketplace/tours,page,GET,admin,noindex_intended,optional /en and /es prefix rewritten by middleware,src/app/admin/marketplace/tours/page.tsx,implemented_route,declared ux-audit:/admin/marketplace/tours,
PAGE-019,/admin/media,page,GET,admin,noindex_intended,optional /en and /es prefix rewritten by middleware,src/app/admin/media/page.tsx,implemented_route,declared ux-audit:/admin/media,
PAGE-020,/admin/operations/bookings,page,GET,admin,noindex_intended,optional /en and /es prefix rewritten by middleware,src/app/admin/operations/bookings/page.tsx,implemented_route,declared ux-audit:/admin/operations/bookings,
PAGE-021,/admin/operations/leads,page,GET,admin,noindex_intended,optional /en and /es prefix rewritten by middleware,src/app/admin/operations/leads/page.tsx,implemented_route,declared ux-audit:/admin/operations/leads,
PAGE-022,/admin/operations,page,GET,admin,noindex_intended,optional /en and /es prefix rewritten by middleware,src/app/admin/operations/page.tsx,implemented_route,declared ux-audit:/admin/operations,
PAGE-023,/admin/operations/payments,page,GET,admin,noindex_intended,optional /en and /es prefix rewritten by middleware,src/app/admin/operations/payments/page.tsx,implemented_route,declared ux-audit:/admin/operations/payments,
PAGE-024,/admin/operations/privacy-requests,page,GET,admin,noindex_intended,optional /en and /es prefix rewritten by middleware,src/app/admin/operations/privacy-requests/page.tsx,implemented_route,declared ux-audit:/admin/operations/privacy-requests,
PAGE-025,/admin/operations/reconciliation,page,GET,admin,noindex_intended,optional /en and /es prefix rewritten by middleware,src/app/admin/operations/reconciliation/page.tsx,implemented_route,declared ux-audit:/admin/operations/reconciliation,
PAGE-026,/admin/operations/shop-orders,page,GET,admin,noindex_intended,optional /en and /es prefix rewritten by middleware,src/app/admin/operations/shop-orders/page.tsx,implemented_route,declared ux-audit:/admin/operations/shop-orders,
PAGE-027,/admin,page,GET,admin,noindex_intended,optional /en and /es prefix rewritten by middleware,src/app/admin/page.tsx,implemented_route,declared ux-audit:/admin;direct refs:stage2-visual-acceptance.spec.ts,
PAGE-028,/admin/system/api-keys,page,GET,admin,noindex_intended,optional /en and /es prefix rewritten by middleware,src/app/admin/system/api-keys/page.tsx,implemented_route,declared ux-audit:/admin/system/api-keys,
PAGE-029,/admin/system/audit,page,GET,admin,noindex_intended,optional /en and /es prefix rewritten by middleware,src/app/admin/system/audit/page.tsx,implemented_route,declared ux-audit:/admin/system/audit,
PAGE-030,/admin/system/redirects,page,GET,admin,noindex_intended,optional /en and /es prefix rewritten by middleware,src/app/admin/system/redirects/page.tsx,implemented_route,declared ux-audit:/admin/system/redirects,
PAGE-031,/admin/system/settings,page,GET,admin,noindex_intended,optional /en and /es prefix rewritten by middleware,src/app/admin/system/settings/page.tsx,implemented_route,declared ux-audit:/admin/system/settings,
PAGE-032,/admin/system/staff,page,GET,admin,noindex_intended,optional /en and /es prefix rewritten by middleware,src/app/admin/system/staff/page.tsx,implemented_route,declared ux-audit:/admin/system/staff,
PAGE-033,/admin/users,page,GET,admin,noindex_intended,optional /en and /es prefix rewritten by middleware,src/app/admin/users/page.tsx,implemented_route,declared ux-audit:/admin/users,
PAGE-034,/audio-guides/[id],page,GET,public,indexable_candidate,optional /en and /es prefix rewritten by middleware,src/app/audio-guides/[id]/page.tsx,dynamic_404_possible,no resolved E2E route,dynamic pattern requires fixture/data
PAGE-035,/audio-guides,page,GET,public,indexable_candidate,optional /en and /es prefix rewritten by middleware,src/app/audio-guides/page.tsx,implemented_route,declared ux-audit:/audio-guides,
PAGE-036,/auth/error,page,GET,public_utility,noindex_intended,optional /en and /es prefix rewritten by middleware,src/app/auth/error/page.tsx,implemented_route,declared ux-audit:/auth/error;direct refs:auth-flow.spec.ts,
PAGE-037,/auth/reset-password,page,GET,public_utility,noindex_intended,optional /en and /es prefix rewritten by middleware,src/app/auth/reset-password/page.tsx,redirect,declared ux-audit:/auth/reset-password,
PAGE-038,/baza-znaniy/[slug],page,GET,public,indexable_candidate,optional /en and /es prefix rewritten by middleware,src/app/baza-znaniy/[slug]/page.tsx,dynamic_404_possible,no resolved E2E route,dynamic pattern requires fixture/data
PAGE-039,/baza-znaniy,page,GET,public,indexable_candidate,optional /en and /es prefix rewritten by middleware,src/app/baza-znaniy/page.tsx,implemented_route,declared ux-audit:/baza-znaniy,
PAGE-040,/baza-znaniy/poisk,page,GET,public,noindex_intended,optional /en and /es prefix rewritten by middleware,src/app/baza-znaniy/poisk/page.tsx,implemented_route,declared ux-audit:/baza-znaniy/poisk,
PAGE-041,/baza-znaniy/razdel/[slug],page,GET,public,indexable_candidate,optional /en and /es prefix rewritten by middleware,src/app/baza-znaniy/razdel/[slug]/page.tsx,dynamic_404_possible,no resolved E2E route,dynamic pattern requires fixture/data
PAGE-042,/blog/[slug],page,GET,public,noindex_intended,optional /en and /es prefix rewritten by middleware,src/app/blog/[slug]/page.tsx,dynamic_404_possible,declared ux-audit:/blog/buenos-aires-rajony;direct refs:smoke.spec.ts|stage2-visual-acceptance.spec.ts|visual-smoke.spec.ts,dynamic pattern requires fixture/data
PAGE-043,/blog/author/[slug],page,GET,public,indexable_candidate,optional /en and /es prefix rewritten by middleware,src/app/blog/author/[slug]/page.tsx,dynamic_404_possible,no resolved E2E route,dynamic pattern requires fixture/data
PAGE-044,/blog/authors/[slug],page,GET,public,indexable_candidate,optional /en and /es prefix rewritten by middleware,src/app/blog/authors/[slug]/page.tsx,dynamic_404_possible,no resolved E2E route,dynamic pattern requires fixture/data
PAGE-045,/blog/authors,page,GET,public,indexable_candidate,optional /en and /es prefix rewritten by middleware,src/app/blog/authors/page.tsx,implemented_route,declared ux-audit:/blog/authors,
PAGE-046,/blog/hub/[hubId],page,GET,public,indexable_candidate,optional /en and /es prefix rewritten by middleware,src/app/blog/hub/[hubId]/page.tsx,dynamic_404_possible,declared ux-audit:/blog/hub/national-parks,dynamic pattern requires fixture/data
PAGE-047,/blog,page,GET,public,indexable_candidate,optional /en and /es prefix rewritten by middleware,src/app/blog/page.tsx,implemented_route,declared ux-audit:/blog;direct refs:smoke.spec.ts|stage2-visual-acceptance.spec.ts|visual-smoke.spec.ts,
PAGE-048,/booking/find,page,GET,public_utility,noindex_intended,optional /en and /es prefix rewritten by middleware,src/app/booking/find/page.tsx,implemented_route,declared ux-audit:/booking/find;direct refs:booking-lookup-security.spec.ts|smoke.spec.ts|stage2-visual-acceptance.spec.ts,
PAGE-049,/booking/pay/[token],page,GET,public_token,noindex_intended,optional /en and /es prefix rewritten by middleware,src/app/booking/pay/[token]/page.tsx,implemented_route,no resolved E2E route,dynamic pattern requires fixture/data
PAGE-050,/booking/pay/[token]/result,page,GET,public_token,noindex_intended,optional /en and /es prefix rewritten by middleware,src/app/booking/pay/[token]/result/page.tsx,implemented_route,no resolved E2E route,dynamic pattern requires fixture/data
PAGE-051,/booking/travelers/[token],page,GET,public_token,noindex_intended,optional /en and /es prefix rewritten by middleware,src/app/booking/travelers/[token]/page.tsx,implemented_route,no resolved E2E route,dynamic pattern requires fixture/data
PAGE-052,/car-rental,page,GET,public,indexable_candidate,optional /en and /es prefix rewritten by middleware,src/app/car-rental/page.tsx,implemented_route,declared ux-audit:/car-rental,
PAGE-053,/collections/[slug],page,GET,public,indexable_candidate,optional /en and /es prefix rewritten by middleware,src/app/collections/[slug]/page.tsx,dynamic_404_possible,declared ux-audit:/collections/patagonia-highlights,dynamic pattern requires fixture/data
PAGE-054,/collections,page,GET,public,indexable_candidate,optional /en and /es prefix rewritten by middleware,src/app/collections/page.tsx,implemented_route,declared ux-audit:/collections,
PAGE-055,/contacts,page,GET,public,indexable_candidate,optional /en and /es prefix rewritten by middleware,src/app/contacts/page.tsx,implemented_route,declared ux-audit:/contacts;direct refs:stage2-visual-acceptance.spec.ts,
PAGE-056,/destinations/[slug],page,GET,public,indexable_candidate,optional /en and /es prefix rewritten by middleware,src/app/destinations/[slug]/page.tsx,dynamic_404_possible,declared ux-audit:/destinations/patagonia;direct refs:smoke.spec.ts|visual-smoke.spec.ts,dynamic pattern requires fixture/data
PAGE-057,/destinations,page,GET,public,indexable_candidate,optional /en and /es prefix rewritten by middleware,src/app/destinations/page.tsx,implemented_route,declared ux-audit:/destinations;direct refs:smoke.spec.ts|ssr-i18n-chrome.spec.ts|visual-smoke.spec.ts,
PAGE-058,/dev/design-system,page,GET,internal_production_404,noindex_intended,optional /en and /es prefix rewritten by middleware,src/app/dev/design-system/page.tsx,expected_404_in_production,no resolved E2E route,
PAGE-059,/embed/flights/wl,page,GET,public_embed,noindex_intended,optional /en and /es prefix rewritten by middleware,src/app/embed/flights/wl/page.tsx,implemented_route,declared ux-audit:/embed/flights/wl,
PAGE-060,/embed/tours,page,GET,public_embed,noindex_intended,optional /en and /es prefix rewritten by middleware,src/app/embed/tours/page.tsx,implemented_route,declared ux-audit:/embed/tours,
PAGE-061,/esim,page,GET,public,indexable_candidate,optional /en and /es prefix rewritten by middleware,src/app/esim/page.tsx,implemented_route,declared ux-audit:/esim,
PAGE-062,/excursions/[slug],page,GET,public,indexable_candidate,optional /en and /es prefix rewritten by middleware,src/app/excursions/[slug]/page.tsx,dynamic_404_possible,no resolved E2E route,dynamic pattern requires fixture/data
PAGE-063,/excursions/city/[citySlug],page,GET,public,indexable_candidate,optional /en and /es prefix rewritten by middleware,src/app/excursions/city/[citySlug]/page.tsx,dynamic_404_possible,no resolved E2E route,dynamic pattern requires fixture/data
PAGE-064,/excursions/guide/[guideId],page,GET,public,indexable_candidate,optional /en and /es prefix rewritten by middleware,src/app/excursions/guide/[guideId]/page.tsx,dynamic_404_possible,no resolved E2E route,dynamic pattern requires fixture/data
PAGE-065,/excursions,page,GET,public,indexable_candidate,optional /en and /es prefix rewritten by middleware,src/app/excursions/page.tsx,implemented_route,declared ux-audit:/excursions,
PAGE-066,/experts/[slug],page,GET,public,indexable_candidate,optional /en and /es prefix rewritten by middleware,src/app/experts/[slug]/page.tsx,dynamic_404_possible,declared ux-audit:/experts/maria-iguazu,dynamic pattern requires fixture/data
PAGE-067,/experts,page,GET,public,indexable_candidate,optional /en and /es prefix rewritten by middleware,src/app/experts/page.tsx,implemented_route,declared ux-audit:/experts,
PAGE-068,/faq,page,GET,public,indexable_candidate,optional /en and /es prefix rewritten by middleware,src/app/faq/page.tsx,implemented_route,declared ux-audit:/faq;direct refs:ssr-i18n-chrome.spec.ts,
PAGE-069,/flights/[route],page,GET,public,indexable_candidate,optional /en and /es prefix rewritten by middleware,src/app/flights/[route]/page.tsx,dynamic_404_possible,declared ux-audit:/flights/mow-bue,dynamic pattern requires fixture/data
PAGE-070,/flights,page,GET,public,indexable_candidate,optional /en and /es prefix rewritten by middleware,src/app/flights/page.tsx,implemented_route,declared ux-audit:/flights;direct refs:flights-mobile.spec.ts|stage2-visual-acceptance.spec.ts,
PAGE-071,/forum/[category]/[threadId],page,GET,public,indexable_candidate,optional /en and /es prefix rewritten by middleware,src/app/forum/[category]/[threadId]/page.tsx,dynamic_404_possible,no resolved E2E route,dynamic pattern requires fixture/data
PAGE-072,/forum/[category],page,GET,public,indexable_candidate,optional /en and /es prefix rewritten by middleware,src/app/forum/[category]/page.tsx,dynamic_404_possible,no resolved E2E route,dynamic pattern requires fixture/data
PAGE-073,/forum,page,GET,public,indexable_candidate,optional /en and /es prefix rewritten by middleware,src/app/forum/page.tsx,dynamic_404_possible,declared ux-audit:/forum,
PAGE-074,/gallery,page,GET,public,indexable_candidate,optional /en and /es prefix rewritten by middleware,src/app/gallery/page.tsx,implemented_route,declared ux-audit:/gallery;direct refs:visual-smoke.spec.ts,
PAGE-075,/guide/[slug],page,GET,public,indexable_candidate,optional /en and /es prefix rewritten by middleware,src/app/guide/[slug]/page.tsx,dynamic_404_possible,declared ux-audit:/guide/sezony-i-klimat;direct refs:smoke.spec.ts,dynamic pattern requires fixture/data
PAGE-076,/guide/ob-argentine,page,GET,public,indexable_candidate,optional /en and /es prefix rewritten by middleware,src/app/guide/ob-argentine/page.tsx,implemented_route,declared ux-audit:/guide/ob-argentine,
PAGE-077,/guide,page,GET,public,indexable_candidate,optional /en and /es prefix rewritten by middleware,src/app/guide/page.tsx,implemented_route,declared ux-audit:/guide;direct refs:smoke.spec.ts|ssr-i18n-chrome.spec.ts,
PAGE-078,/immigration/[slug],page,GET,public,indexable_candidate,optional /en and /es prefix rewritten by middleware,src/app/immigration/[slug]/page.tsx,dynamic_404_possible,declared ux-audit:/immigration/dokumenty-dlya-vyezda,dynamic pattern requires fixture/data
PAGE-079,/immigration,page,GET,public,indexable_candidate,optional /en and /es prefix rewritten by middleware,src/app/immigration/page.tsx,implemented_route,declared ux-audit:/immigration;direct refs:ssr-i18n-chrome.spec.ts|visual-smoke.spec.ts,
PAGE-080,/insurance,page,GET,public,indexable_candidate,optional /en and /es prefix rewritten by middleware,src/app/insurance/page.tsx,implemented_route,declared ux-audit:/insurance,
PAGE-081,/itineraries/[slug],page,GET,public,indexable_candidate,optional /en and /es prefix rewritten by middleware,src/app/itineraries/[slug]/page.tsx,dynamic_404_possible,declared ux-audit:/itineraries/patagonia-classic-10-days,dynamic pattern requires fixture/data
PAGE-082,/itineraries,page,GET,public,indexable_candidate,optional /en and /es prefix rewritten by middleware,src/app/itineraries/page.tsx,implemented_route,declared ux-audit:/itineraries,
PAGE-083,/join,page,GET,public,indexable_candidate,optional /en and /es prefix rewritten by middleware,src/app/join/page.tsx,implemented_route,declared ux-audit:/join,
PAGE-084,/legal/[slug],page,GET,public,indexable_candidate,optional /en and /es prefix rewritten by middleware,src/app/legal/[slug]/page.tsx,dynamic_404_possible,declared ux-audit:/legal/privacy,dynamic pattern requires fixture/data
PAGE-085,/maintenance,page,GET,public_utility,noindex_intended,optional /en and /es prefix rewritten by middleware,src/app/maintenance/page.tsx,implemented_route,no resolved E2E route,
PAGE-086,/map,page,GET,public,redirect,optional /en and /es prefix rewritten by middleware,src/app/map/page.tsx,redirect,declared ux-audit:/map;direct refs:smoke.spec.ts,301 in next.config and runtime redirect fallback
PAGE-087,/mapa-argentina,page,GET,public,indexable_candidate,optional /en and /es prefix rewritten by middleware,src/app/mapa-argentina/page.tsx,implemented_route,declared ux-audit:/mapa-argentina;direct refs:smoke.spec.ts|stage2-visual-acceptance.spec.ts|visual-smoke.spec.ts,
PAGE-088,/organizer/analytics,page,GET,authenticated_organizer,noindex_intended,optional /en and /es prefix rewritten by middleware,src/app/organizer/analytics/page.tsx,implemented_route,declared ux-audit:/organizer/analytics,
PAGE-089,/organizer/articles/[id]/edit,page,GET,authenticated_organizer,noindex_intended,optional /en and /es prefix rewritten by middleware,src/app/organizer/articles/[id]/edit/page.tsx,implemented_route,no resolved E2E route,dynamic pattern requires fixture/data
PAGE-090,/organizer/articles/[id]/preview,page,GET,authenticated_organizer_preview,noindex_intended,optional /en and /es prefix rewritten by middleware,src/app/organizer/articles/[id]/preview/page.tsx,implemented_route,no resolved E2E route,dynamic pattern requires fixture/data
PAGE-091,/organizer/articles,page,GET,authenticated_organizer,noindex_intended,optional /en and /es prefix rewritten by middleware,src/app/organizer/articles/page.tsx,implemented_route,declared ux-audit:/organizer/articles;direct refs:stage2-visual-acceptance.spec.ts,
PAGE-092,/organizer/bookings/[id],page,GET,authenticated_organizer,noindex_intended,optional /en and /es prefix rewritten by middleware,src/app/organizer/bookings/[id]/page.tsx,implemented_route,no resolved E2E route,dynamic pattern requires fixture/data
PAGE-093,/organizer/bookings,page,GET,authenticated_organizer,noindex_intended,optional /en and /es prefix rewritten by middleware,src/app/organizer/bookings/page.tsx,implemented_route,declared ux-audit:/organizer/bookings,
PAGE-094,/organizer/finance,page,GET,authenticated_organizer,noindex_intended,optional /en and /es prefix rewritten by middleware,src/app/organizer/finance/page.tsx,implemented_route,declared ux-audit:/organizer/finance,
PAGE-095,/organizer/group-trips,page,GET,authenticated_organizer,noindex_intended,optional /en and /es prefix rewritten by middleware,src/app/organizer/group-trips/page.tsx,implemented_route,declared ux-audit:/organizer/group-trips,
PAGE-096,/organizer/integrations,page,GET,authenticated_organizer,noindex_intended,optional /en and /es prefix rewritten by middleware,src/app/organizer/integrations/page.tsx,implemented_route,declared ux-audit:/organizer/integrations,
PAGE-097,/organizer/messages,page,GET,authenticated_organizer,noindex_intended,optional /en and /es prefix rewritten by middleware,src/app/organizer/messages/page.tsx,implemented_route,declared ux-audit:/organizer/messages,
PAGE-098,/organizer,page,GET,authenticated_organizer,noindex_intended,optional /en and /es prefix rewritten by middleware,src/app/organizer/page.tsx,implemented_route,declared ux-audit:/organizer;direct refs:stage2-visual-acceptance.spec.ts,
PAGE-099,/organizer/payments,page,GET,authenticated_organizer,noindex_intended,optional /en and /es prefix rewritten by middleware,src/app/organizer/payments/page.tsx,implemented_route,declared ux-audit:/organizer/payments,
PAGE-100,/organizer/reviews,page,GET,authenticated_organizer,noindex_intended,optional /en and /es prefix rewritten by middleware,src/app/organizer/reviews/page.tsx,implemented_route,declared ux-audit:/organizer/reviews,
PAGE-101,/organizer/settings,page,GET,authenticated_organizer,noindex_intended,optional /en and /es prefix rewritten by middleware,src/app/organizer/settings/page.tsx,implemented_route,declared ux-audit:/organizer/settings,
PAGE-102,/organizer/tours/[id]/edit,page,GET,authenticated_organizer,noindex_intended,optional /en and /es prefix rewritten by middleware,src/app/organizer/tours/[id]/edit/page.tsx,implemented_route,no resolved E2E route,dynamic pattern requires fixture/data
PAGE-103,/organizer/tours/[id]/preview,page,GET,authenticated_organizer_preview,noindex_intended,optional /en and /es prefix rewritten by middleware,src/app/organizer/tours/[id]/preview/page.tsx,implemented_route,no resolved E2E route,dynamic pattern requires fixture/data
PAGE-104,/organizer/tours,page,GET,authenticated_organizer,noindex_intended,optional /en and /es prefix rewritten by middleware,src/app/organizer/tours/page.tsx,implemented_route,declared ux-audit:/organizer/tours,
PAGE-105,/organizer/waitlist/[id],page,GET,authenticated_organizer,noindex_intended,optional /en and /es prefix rewritten by middleware,src/app/organizer/waitlist/[id]/page.tsx,implemented_route,no resolved E2E route,dynamic pattern requires fixture/data
PAGE-106,/organizers/[slug],page,GET,authenticated_due_prefix_match_conflict,sitemap_candidate_but_auth_redirect,optional /en and /es prefix rewritten by middleware,src/app/organizers/[slug]/page.tsx,dynamic_404_possible,declared ux-audit:/organizers/ivan-evdokimychev,dynamic pattern requires fixture/data; public page and sitemap entry are intercepted because middleware and E2E categorizer use startsWith(/organizer)
PAGE-107,/,page,GET,public,indexable_candidate,optional /en and /es prefix rewritten by middleware,src/app/page.tsx,implemented_route,declared ux-audit:/;direct refs:auth-flow.spec.ts|smoke.spec.ts|ssr-i18n-chrome.spec.ts|stage2-visual-acceptance.spec.ts|ux-audit.spec.ts|visual-smoke.spec.ts,
PAGE-108,/places/[slug],page,GET,public,indexable_candidate,optional /en and /es prefix rewritten by middleware,src/app/places/[slug]/page.tsx,dynamic_404_possible,declared ux-audit:/places/iguazu-falls;direct refs:smoke.spec.ts,dynamic pattern requires fixture/data
PAGE-109,/places,page,GET,public,indexable_candidate,optional /en and /es prefix rewritten by middleware,src/app/places/page.tsx,implemented_route,declared ux-audit:/places;direct refs:smoke.spec.ts|ssr-i18n-chrome.spec.ts,
PAGE-110,/podbor,page,GET,public,indexable_candidate,optional /en and /es prefix rewritten by middleware,src/app/podbor/page.tsx,implemented_route,declared ux-audit:/podbor,
PAGE-111,/profile/bookings/[id],page,GET,authenticated_tourist,noindex_intended,optional /en and /es prefix rewritten by middleware,src/app/profile/bookings/[id]/page.tsx,implemented_route,no resolved E2E route,dynamic pattern requires fixture/data
PAGE-112,/profile/bookings,page,GET,authenticated_tourist,noindex_intended,optional /en and /es prefix rewritten by middleware,src/app/profile/bookings/page.tsx,implemented_route,declared ux-audit:/profile/bookings,
PAGE-113,/profile/favorites,page,GET,authenticated_tourist,noindex_intended,optional /en and /es prefix rewritten by middleware,src/app/profile/favorites/page.tsx,implemented_route,declared ux-audit:/profile/favorites,
PAGE-114,/profile/group-trips,page,GET,authenticated_tourist,noindex_intended,optional /en and /es prefix rewritten by middleware,src/app/profile/group-trips/page.tsx,implemented_route,declared ux-audit:/profile/group-trips,
PAGE-115,/profile/messages,page,GET,authenticated_tourist,noindex_intended,optional /en and /es prefix rewritten by middleware,src/app/profile/messages/page.tsx,implemented_route,declared ux-audit:/profile/messages,
PAGE-116,/profile/orders,page,GET,authenticated_tourist,noindex_intended,optional /en and /es prefix rewritten by middleware,src/app/profile/orders/page.tsx,implemented_route,declared ux-audit:/profile/orders,
PAGE-117,/profile,page,GET,authenticated_tourist,noindex_intended,optional /en and /es prefix rewritten by middleware,src/app/profile/page.tsx,implemented_route,declared ux-audit:/profile;direct refs:stage2-visual-acceptance.spec.ts,
PAGE-118,/profile/reviews,page,GET,authenticated_tourist,noindex_intended,optional /en and /es prefix rewritten by middleware,src/app/profile/reviews/page.tsx,implemented_route,declared ux-audit:/profile/reviews,
PAGE-119,/profile/settings,page,GET,authenticated_tourist,noindex_intended,optional /en and /es prefix rewritten by middleware,src/app/profile/settings/page.tsx,implemented_route,declared ux-audit:/profile/settings,
PAGE-120,/profile/trip-prep,page,GET,authenticated_tourist,noindex_intended,optional /en and /es prefix rewritten by middleware,src/app/profile/trip-prep/page.tsx,implemented_route,declared ux-audit:/profile/trip-prep,
PAGE-121,/services,page,GET,public,indexable_candidate,optional /en and /es prefix rewritten by middleware,src/app/services/page.tsx,implemented_route,declared ux-audit:/services,
PAGE-122,/shop/[slug],page,GET,public,indexable_candidate,optional /en and /es prefix rewritten by middleware,src/app/shop/[slug]/page.tsx,dynamic_404_possible,declared ux-audit:/shop/patagonia-pdf-guide,dynamic pattern requires fixture/data
PAGE-123,/shop,page,GET,public,indexable_candidate,optional /en and /es prefix rewritten by middleware,src/app/shop/page.tsx,implemented_route,declared ux-audit:/shop,
PAGE-124,/tours/[slug],page,GET,public,indexable_candidate,optional /en and /es prefix rewritten by middleware,src/app/tours/[slug]/page.tsx,implemented_route,declared ux-audit:/tours/patagonia-glaciers;direct refs:stage2-visual-acceptance.spec.ts|tripster-partner-invariants.spec.ts|ux-audit.spec.ts|visual-smoke.spec.ts|youtravel-booking.spec.ts|youtravel-partner-invariants.spec.ts,dynamic pattern requires fixture/data
PAGE-125,/tours,page,GET,public,indexable_candidate,optional /en and /es prefix rewritten by middleware,src/app/tours/page.tsx,implemented_route,declared ux-audit:/tours;direct refs:smoke.spec.ts|ssr-i18n-chrome.spec.ts|stage2-visual-acceptance.spec.ts|tripster-partner-invariants.spec.ts|ux-audit.spec.ts|visual-smoke.spec.ts|youtravel-booking.spec.ts|youtravel-partner-invariants.spec.ts,
PAGE-126,/transfers,page,GET,public,indexable_candidate,optional /en and /es prefix rewritten by middleware,src/app/transfers/page.tsx,implemented_route,declared ux-audit:/transfers,
PAGE-127,/trip-prep,page,GET,public,indexable_candidate,optional /en and /es prefix rewritten by middleware,src/app/trip-prep/page.tsx,implemented_route,declared ux-audit:/trip-prep,
PAGE-128,/trip/[token],page,GET,public_token,noindex_intended,optional /en and /es prefix rewritten by middleware,src/app/trip/[token]/page.tsx,implemented_route,no resolved E2E route,dynamic pattern requires fixture/data
PAGE-129,/yandex-verification,page,GET,public_utility,noindex_intended,optional /en and /es prefix rewritten by middleware,src/app/yandex-verification/page.tsx,implemented_route,declared ux-audit:/yandex-verification,
API-001,/api/admin/analytics/export,API,GET,admin,not_applicable,unprefixed API expected,src/app/api/admin/analytics/export/route.ts,implemented_handler,no direct E2E reference,authorization inferred from namespace; exact policy remains handler-specific
API-002,/api/admin/analytics/funnels,API,GET,admin,not_applicable,unprefixed API expected,src/app/api/admin/analytics/funnels/route.ts,implemented_handler,no direct E2E reference,authorization inferred from namespace; exact policy remains handler-specific
API-003,/api/admin/analytics,API,GET,admin,not_applicable,unprefixed API expected,src/app/api/admin/analytics/route.ts,implemented_handler,no direct E2E reference,authorization inferred from namespace; exact policy remains handler-specific
API-004,/api/admin/api-keys/[id],API,DELETE,admin,not_applicable,unprefixed API expected,src/app/api/admin/api-keys/[id]/route.ts,implemented_handler,no direct E2E reference,authorization inferred from namespace; exact policy remains handler-specific
API-005,/api/admin/api-keys,API,GET|POST,admin,not_applicable,unprefixed API expected,src/app/api/admin/api-keys/route.ts,implemented_handler,no direct E2E reference,authorization inferred from namespace; exact policy remains handler-specific
API-006,/api/admin/audit,API,GET,admin,not_applicable,unprefixed API expected,src/app/api/admin/audit/route.ts,implemented_handler,no direct E2E reference,authorization inferred from namespace; exact policy remains handler-specific
API-007,/api/admin/bookings/[id],API,GET|PATCH,admin,not_applicable,unprefixed API expected,src/app/api/admin/bookings/[id]/route.ts,implemented_handler,no direct E2E reference,authorization inferred from namespace; exact policy remains handler-specific
API-008,/api/admin/bookings/export,API,GET,admin,not_applicable,unprefixed API expected,src/app/api/admin/bookings/export/route.ts,implemented_handler,no direct E2E reference,authorization inferred from namespace; exact policy remains handler-specific
API-009,/api/admin/bookings,API,GET,admin,not_applicable,unprefixed API expected,src/app/api/admin/bookings/route.ts,implemented_handler,no direct E2E reference,authorization inferred from namespace; exact policy remains handler-specific
API-010,/api/admin/cms/cutover-enable,API,POST,admin,not_applicable,unprefixed API expected,src/app/api/admin/cms/cutover-enable/route.ts,implemented_handler,no direct E2E reference,authorization inferred from namespace; exact policy remains handler-specific
API-011,/api/admin/cms/cutover-status,API,GET,admin,not_applicable,unprefixed API expected,src/app/api/admin/cms/cutover-status/route.ts,implemented_handler,no direct E2E reference,authorization inferred from namespace; exact policy remains handler-specific
API-012,/api/admin/content-freshness,API,GET,admin,not_applicable,unprefixed API expected,src/app/api/admin/content-freshness/route.ts,implemented_handler,no direct E2E reference,authorization inferred from namespace; exact policy remains handler-specific
API-013,/api/admin/content/documents/[id]/publish,API,POST,admin,not_applicable,unprefixed API expected,src/app/api/admin/content/documents/[id]/publish/route.ts,implemented_handler,no direct E2E reference,authorization inferred from namespace; exact policy remains handler-specific
API-014,/api/admin/content/documents/[id]/revisions/[revisionId]/restore,API,POST,admin,not_applicable,unprefixed API expected,src/app/api/admin/content/documents/[id]/revisions/[revisionId]/restore/route.ts,implemented_handler,no direct E2E reference,authorization inferred from namespace; exact policy remains handler-specific
API-015,/api/admin/content/documents/[id]/revisions/[revisionId],API,GET,admin,not_applicable,unprefixed API expected,src/app/api/admin/content/documents/[id]/revisions/[revisionId]/route.ts,implemented_handler,no direct E2E reference,authorization inferred from namespace; exact policy remains handler-specific
API-016,/api/admin/content/documents/[id]/revisions,API,GET,admin,not_applicable,unprefixed API expected,src/app/api/admin/content/documents/[id]/revisions/route.ts,implemented_handler,no direct E2E reference,authorization inferred from namespace; exact policy remains handler-specific
API-017,/api/admin/content/documents/[id],API,GET|PATCH|DELETE,admin,not_applicable,unprefixed API expected,src/app/api/admin/content/documents/[id]/route.ts,implemented_handler,no direct E2E reference,authorization inferred from namespace; exact policy remains handler-specific
API-018,/api/admin/content/documents/[id]/schedule,API,POST|DELETE,admin,not_applicable,unprefixed API expected,src/app/api/admin/content/documents/[id]/schedule/route.ts,implemented_handler,no direct E2E reference,authorization inferred from namespace; exact policy remains handler-specific
API-019,/api/admin/content/documents/bulk-import,API,GET|POST,admin,not_applicable,unprefixed API expected,src/app/api/admin/content/documents/bulk-import/route.ts,implemented_handler,no direct E2E reference,authorization inferred from namespace; exact policy remains handler-specific
API-020,/api/admin/content/documents,API,GET|POST,admin,not_applicable,unprefixed API expected,src/app/api/admin/content/documents/route.ts,implemented_handler,no direct E2E reference,authorization inferred from namespace; exact policy remains handler-specific
API-021,/api/admin/content/map,API,GET|PATCH,admin,not_applicable,unprefixed API expected,src/app/api/admin/content/map/route.ts,implemented_handler,no direct E2E reference,authorization inferred from namespace; exact policy remains handler-specific
API-022,/api/admin/content,API,GET,admin,not_applicable,unprefixed API expected,src/app/api/admin/content/route.ts,implemented_handler,no direct E2E reference,authorization inferred from namespace; exact policy remains handler-specific
API-023,/api/admin/content/translations,API,GET,admin,not_applicable,unprefixed API expected,src/app/api/admin/content/translations/route.ts,implemented_handler,no direct E2E reference,authorization inferred from namespace; exact policy remains handler-specific
API-024,/api/admin/dashboard,API,GET,admin,not_applicable,unprefixed API expected,src/app/api/admin/dashboard/route.ts,implemented_handler,no direct E2E reference,authorization inferred from namespace; exact policy remains handler-specific
API-025,/api/admin/excursions,API,GET,admin,not_applicable,unprefixed API expected,src/app/api/admin/excursions/route.ts,implemented_handler,no direct E2E reference,authorization inferred from namespace; exact policy remains handler-specific
API-026,/api/admin/experts/[id],API,PATCH,admin,not_applicable,unprefixed API expected,src/app/api/admin/experts/[id]/route.ts,implemented_handler,no direct E2E reference,authorization inferred from namespace; exact policy remains handler-specific
API-027,/api/admin/experts,API,GET|PATCH,admin,not_applicable,unprefixed API expected,src/app/api/admin/experts/route.ts,implemented_handler,no direct E2E reference,authorization inferred from namespace; exact policy remains handler-specific
API-028,/api/admin/feature-flags,API,GET|POST|PATCH|DELETE,admin,not_applicable,unprefixed API expected,src/app/api/admin/feature-flags/route.ts,implemented_handler,no direct E2E reference,authorization inferred from namespace; exact policy remains handler-specific
API-029,/api/admin/health,API,GET,admin,not_applicable,unprefixed API expected,src/app/api/admin/health/route.ts,implemented_handler,no direct E2E reference,authorization inferred from namespace; exact policy remains handler-specific
API-030,/api/admin/leads/export,API,GET,admin,not_applicable,unprefixed API expected,src/app/api/admin/leads/export/route.ts,implemented_handler,no direct E2E reference,authorization inferred from namespace; exact policy remains handler-specific
API-031,/api/admin/leads,API,GET,admin,not_applicable,unprefixed API expected,src/app/api/admin/leads/route.ts,implemented_handler,no direct E2E reference,authorization inferred from namespace; exact policy remains handler-specific
API-032,/api/admin/media/[id],API,PATCH|DELETE,admin,not_applicable,unprefixed API expected,src/app/api/admin/media/[id]/route.ts,implemented_handler,no direct E2E reference,authorization inferred from namespace; exact policy remains handler-specific
API-033,/api/admin/media,API,GET|POST|PUT,admin,not_applicable,unprefixed API expected,src/app/api/admin/media/route.ts,implemented_handler,no direct E2E reference,authorization inferred from namespace; exact policy remains handler-specific
API-034,/api/admin/moderation/[id],API,PATCH,admin,not_applicable,unprefixed API expected,src/app/api/admin/moderation/[id]/route.ts,implemented_handler,no direct E2E reference,authorization inferred from namespace; exact policy remains handler-specific
API-035,/api/admin/moderation,API,GET,admin,not_applicable,unprefixed API expected,src/app/api/admin/moderation/route.ts,implemented_handler,no direct E2E reference,authorization inferred from namespace; exact policy remains handler-specific
API-036,/api/admin/notifications/[id]/read,API,PATCH,admin,not_applicable,unprefixed API expected,src/app/api/admin/notifications/[id]/read/route.ts,implemented_handler,no direct E2E reference,authorization inferred from namespace; exact policy remains handler-specific
API-037,/api/admin/notifications/digest,API,POST,admin,not_applicable,unprefixed API expected,src/app/api/admin/notifications/digest/route.ts,implemented_handler,no direct E2E reference,authorization inferred from namespace; exact policy remains handler-specific
API-038,/api/admin/notifications/mark-all-read,API,POST,admin,not_applicable,unprefixed API expected,src/app/api/admin/notifications/mark-all-read/route.ts,implemented_handler,no direct E2E reference,authorization inferred from namespace; exact policy remains handler-specific
API-039,/api/admin/notifications,API,GET,admin,not_applicable,unprefixed API expected,src/app/api/admin/notifications/route.ts,implemented_handler,no direct E2E reference,authorization inferred from namespace; exact policy remains handler-specific
API-040,/api/admin/operations/summary,API,GET,admin,not_applicable,unprefixed API expected,src/app/api/admin/operations/summary/route.ts,implemented_handler,no direct E2E reference,authorization inferred from namespace; exact policy remains handler-specific
API-041,/api/admin/organizer-applications/[id],API,PATCH,admin,not_applicable,unprefixed API expected,src/app/api/admin/organizer-applications/[id]/route.ts,implemented_handler,no direct E2E reference,authorization inferred from namespace; exact policy remains handler-specific
API-042,/api/admin/organizer-applications,API,GET,admin,not_applicable,unprefixed API expected,src/app/api/admin/organizer-applications/route.ts,implemented_handler,no direct E2E reference,authorization inferred from namespace; exact policy remains handler-specific
API-043,/api/admin/payments/payouts/[id]/export,API,GET,admin,not_applicable,unprefixed API expected,src/app/api/admin/payments/payouts/[id]/export/route.ts,implemented_handler,no direct E2E reference,authorization inferred from namespace; exact policy remains handler-specific
API-044,/api/admin/payments/payouts,API,GET|POST,admin,not_applicable,unprefixed API expected,src/app/api/admin/payments/payouts/route.ts,implemented_handler,no direct E2E reference,authorization inferred from namespace; exact policy remains handler-specific
API-045,/api/admin/payments/reconciliation,API,GET|POST,admin,not_applicable,unprefixed API expected,src/app/api/admin/payments/reconciliation/route.ts,implemented_handler,no direct E2E reference,authorization inferred from namespace; exact policy remains handler-specific
API-046,/api/admin/payments/refund,API,POST,admin,not_applicable,unprefixed API expected,src/app/api/admin/payments/refund/route.ts,implemented_handler,no direct E2E reference,authorization inferred from namespace; exact policy remains handler-specific
API-047,/api/admin/payments/refunds/[id]/approve,API,POST,admin,not_applicable,unprefixed API expected,src/app/api/admin/payments/refunds/[id]/approve/route.ts,implemented_handler,no direct E2E reference,authorization inferred from namespace; exact policy remains handler-specific
API-048,/api/admin/payments/refunds/[id]/reject,API,POST,admin,not_applicable,unprefixed API expected,src/app/api/admin/payments/refunds/[id]/reject/route.ts,implemented_handler,no direct E2E reference,authorization inferred from namespace; exact policy remains handler-specific
API-049,/api/admin/payments,API,GET,admin,not_applicable,unprefixed API expected,src/app/api/admin/payments/route.ts,implemented_handler,no direct E2E reference,authorization inferred from namespace; exact policy remains handler-specific
API-050,/api/admin/payments/transactions/[id],API,GET,admin,not_applicable,unprefixed API expected,src/app/api/admin/payments/transactions/[id]/route.ts,implemented_handler,no direct E2E reference,authorization inferred from namespace; exact policy remains handler-specific
API-051,/api/admin/payments/transactions,API,GET,admin,not_applicable,unprefixed API expected,src/app/api/admin/payments/transactions/route.ts,implemented_handler,no direct E2E reference,authorization inferred from namespace; exact policy remains handler-specific
API-052,/api/admin/privacy-requests,API,GET|PATCH,admin,not_applicable,unprefixed API expected,src/app/api/admin/privacy-requests/route.ts,implemented_handler,no direct E2E reference,authorization inferred from namespace; exact policy remains handler-specific
API-053,/api/admin/redirects/[id],API,PATCH|DELETE,admin,not_applicable,unprefixed API expected,src/app/api/admin/redirects/[id]/route.ts,implemented_handler,no direct E2E reference,authorization inferred from namespace; exact policy remains handler-specific
API-054,/api/admin/redirects,API,GET|POST,admin,not_applicable,unprefixed API expected,src/app/api/admin/redirects/route.ts,implemented_handler,no direct E2E reference,authorization inferred from namespace; exact policy remains handler-specific
API-055,/api/admin/search/reindex,API,POST,admin,not_applicable,unprefixed API expected,src/app/api/admin/search/reindex/route.ts,implemented_handler,no direct E2E reference,authorization inferred from namespace; exact policy remains handler-specific
API-056,/api/admin/session,API,GET,admin,not_applicable,unprefixed API expected,src/app/api/admin/session/route.ts,implemented_handler,no direct E2E reference,authorization inferred from namespace; exact policy remains handler-specific
API-057,/api/admin/settings,API,GET|PATCH,admin,not_applicable,unprefixed API expected,src/app/api/admin/settings/route.ts,implemented_handler,no direct E2E reference,authorization inferred from namespace; exact policy remains handler-specific
API-058,/api/admin/shop/orders/[id],API,GET|PATCH,admin,not_applicable,unprefixed API expected,src/app/api/admin/shop/orders/[id]/route.ts,implemented_handler,no direct E2E reference,authorization inferred from namespace; exact policy remains handler-specific
API-059,/api/admin/shop/orders/export,API,GET,admin,not_applicable,unprefixed API expected,src/app/api/admin/shop/orders/export/route.ts,implemented_handler,no direct E2E reference,authorization inferred from namespace; exact policy remains handler-specific
API-060,/api/admin/shop/orders,API,GET,admin,not_applicable,unprefixed API expected,src/app/api/admin/shop/orders/route.ts,implemented_handler,no direct E2E reference,authorization inferred from namespace; exact policy remains handler-specific
API-061,/api/admin/social-feed,API,GET|PUT,admin,not_applicable,unprefixed API expected,src/app/api/admin/social-feed/route.ts,implemented_handler,no direct E2E reference,authorization inferred from namespace; exact policy remains handler-specific
API-062,/api/admin/staff/[userId],API,PATCH|DELETE,admin,not_applicable,unprefixed API expected,src/app/api/admin/staff/[userId]/route.ts,implemented_handler,no direct E2E reference,authorization inferred from namespace; exact policy remains handler-specific
API-063,/api/admin/staff,API,GET|POST,admin,not_applicable,unprefixed API expected,src/app/api/admin/staff/route.ts,implemented_handler,no direct E2E reference,authorization inferred from namespace; exact policy remains handler-specific
API-064,/api/admin/summary,API,GET,admin,not_applicable,unprefixed API expected,src/app/api/admin/summary/route.ts,implemented_handler,no direct E2E reference,authorization inferred from namespace; exact policy remains handler-specific
API-065,/api/admin/tours,API,GET,admin,not_applicable,unprefixed API expected,src/app/api/admin/tours/route.ts,implemented_handler,no direct E2E reference,authorization inferred from namespace; exact policy remains handler-specific
API-066,/api/admin/tours/seed,API,POST,admin,not_applicable,unprefixed API expected,src/app/api/admin/tours/seed/route.ts,implemented_handler,no direct E2E reference,authorization inferred from namespace; exact policy remains handler-specific
API-067,/api/admin/trip-prep/templates,API,GET|PUT|DELETE,admin,not_applicable,unprefixed API expected,src/app/api/admin/trip-prep/templates/route.ts,implemented_handler,no direct E2E reference,authorization inferred from namespace; exact policy remains handler-specific
API-068,/api/admin/users/[id],API,PATCH,admin,not_applicable,unprefixed API expected,src/app/api/admin/users/[id]/route.ts,implemented_handler,no direct E2E reference,authorization inferred from namespace; exact policy remains handler-specific
API-069,/api/admin/users,API,GET,admin,not_applicable,unprefixed API expected,src/app/api/admin/users/route.ts,implemented_handler,no direct E2E reference,authorization inferred from namespace; exact policy remains handler-specific
API-070,/api/admin/youtravel/affise,API,GET,admin,not_applicable,unprefixed API expected,src/app/api/admin/youtravel/affise/route.ts,implemented_handler,no direct E2E reference,authorization inferred from namespace; exact policy remains handler-specific
API-071,/api/affiliate/audio-guides/book,API,GET,route_specific_review_required,not_applicable,unprefixed API expected,src/app/api/affiliate/audio-guides/book/route.ts,implemented_handler,no direct E2E reference,authorization inferred from namespace; exact policy remains handler-specific
API-072,/api/affiliate/esim/book,API,GET,route_specific_review_required,not_applicable,unprefixed API expected,src/app/api/affiliate/esim/book/route.ts,implemented_handler,no direct E2E reference,authorization inferred from namespace; exact policy remains handler-specific
API-073,/api/affiliate/flights/book,API,GET,route_specific_review_required,not_applicable,unprefixed API expected,src/app/api/affiliate/flights/book/route.ts,implemented_handler,no direct E2E reference,authorization inferred from namespace; exact policy remains handler-specific
API-074,/api/affiliate/go/[slug],API,GET,route_specific_review_required,not_applicable,unprefixed API expected,src/app/api/affiliate/go/[slug]/route.ts,implemented_handler,direct/prefix refs:tripster-partner-invariants.spec.ts|youtravel-booking.spec.ts|youtravel-partner-invariants.spec.ts,authorization inferred from namespace; exact policy remains handler-specific
API-075,/api/affiliate/transfers/book,API,GET,route_specific_review_required,not_applicable,unprefixed API expected,src/app/api/affiliate/transfers/book/route.ts,implemented_handler,no direct E2E reference,authorization inferred from namespace; exact policy remains handler-specific
API-076,/api/affiliate/transfers/search,API,GET,route_specific_review_required,not_applicable,unprefixed API expected,src/app/api/affiliate/transfers/search/route.ts,implemented_handler,no direct E2E reference,authorization inferred from namespace; exact policy remains handler-specific
API-077,/api/ai/tour-match,API,POST|GET,route_specific_review_required,not_applicable,unprefixed API expected,src/app/api/ai/tour-match/route.ts,implemented_handler,no direct E2E reference,authorization inferred from namespace; exact policy remains handler-specific
API-078,/api/assistant/ask,API,POST|GET,route_specific_review_required,not_applicable,unprefixed API expected,src/app/api/assistant/ask/route.ts,implemented_handler,no direct E2E reference,authorization inferred from namespace; exact policy remains handler-specific
API-079,/api/audio-guides/products/[id],API,GET,route_specific_review_required,not_applicable,unprefixed API expected,src/app/api/audio-guides/products/[id]/route.ts,implemented_handler,no direct E2E reference,authorization inferred from namespace; exact policy remains handler-specific
API-080,/api/audio-guides/products,API,GET,route_specific_review_required,not_applicable,unprefixed API expected,src/app/api/audio-guides/products/route.ts,implemented_handler,no direct E2E reference,authorization inferred from namespace; exact policy remains handler-specific
API-081,/api/audio-guides/search,API,GET,route_specific_review_required,not_applicable,unprefixed API expected,src/app/api/audio-guides/search/route.ts,implemented_handler,no direct E2E reference,authorization inferred from namespace; exact policy remains handler-specific
API-082,/api/auth/ensure-profile,API,POST,public_auth_rate_limited,not_applicable,unprefixed API expected,src/app/api/auth/ensure-profile/route.ts,implemented_handler,no direct E2E reference,withRateLimit-wrapped handler
API-083,/api/auth/experience,API,GET,public_auth_rate_limited,not_applicable,unprefixed API expected,src/app/api/auth/experience/route.ts,implemented_handler,no direct E2E reference,authorization inferred from namespace; exact policy remains handler-specific
API-084,/api/auth/login-by-phone,API,POST,public_auth_rate_limited,not_applicable,unprefixed API expected,src/app/api/auth/login-by-phone/route.ts,implemented_handler,no direct E2E reference,withRateLimit-wrapped handler
API-085,/api/auth/login-email,API,POST,public_auth_rate_limited,not_applicable,unprefixed API expected,src/app/api/auth/login-email/route.ts,implemented_handler,no direct E2E reference,withRateLimit-wrapped handler
API-086,/api/auth/lookup-email,API,POST,public_auth_rate_limited,not_applicable,unprefixed API expected,src/app/api/auth/lookup-email/route.ts,implemented_handler,direct/prefix refs:auth-flow.spec.ts,withRateLimit-wrapped handler
API-087,/api/auth/lookup-phone,API,POST,public_auth_rate_limited,not_applicable,unprefixed API expected,src/app/api/auth/lookup-phone/route.ts,implemented_handler,no direct E2E reference,withRateLimit-wrapped handler
API-088,/api/auth/register,API,POST,public_auth_rate_limited,not_applicable,unprefixed API expected,src/app/api/auth/register/route.ts,implemented_handler,no direct E2E reference,withRateLimit-wrapped handler
API-089,/api/auth/request-password-reset,API,POST,public_auth_rate_limited,not_applicable,unprefixed API expected,src/app/api/auth/request-password-reset/route.ts,implemented_handler,direct/prefix refs:auth-flow.spec.ts,authorization inferred from namespace; exact policy remains handler-specific
API-090,/api/auth/update-password,API,POST,public_auth_rate_limited,not_applicable,unprefixed API expected,src/app/api/auth/update-password/route.ts,implemented_handler,no direct E2E reference,authorization inferred from namespace; exact policy remains handler-specific
API-091,/api/auth/workspace,API,POST,public_auth_rate_limited,not_applicable,unprefixed API expected,src/app/api/auth/workspace/route.ts,implemented_handler,no direct E2E reference,authorization inferred from namespace; exact policy remains handler-specific
API-092,/api/blog/comments/report,API,POST,route_specific_review_required,not_applicable,unprefixed API expected,src/app/api/blog/comments/report/route.ts,implemented_handler,no direct E2E reference,authorization inferred from namespace; exact policy remains handler-specific
API-093,/api/blog/comments,API,GET|POST,route_specific_review_required,not_applicable,unprefixed API expected,src/app/api/blog/comments/route.ts,implemented_handler,no direct E2E reference,authorization inferred from namespace; exact policy remains handler-specific
API-094,/api/blog/reading-history,API,GET|POST,route_specific_review_required,not_applicable,unprefixed API expected,src/app/api/blog/reading-history/route.ts,implemented_handler,no direct E2E reference,authorization inferred from namespace; exact policy remains handler-specific
API-095,/api/blog/recommendations,API,POST,route_specific_review_required,not_applicable,unprefixed API expected,src/app/api/blog/recommendations/route.ts,implemented_handler,no direct E2E reference,authorization inferred from namespace; exact policy remains handler-specific
API-096,/api/bookings/[id]/payment/preference,API,POST,route_specific_review_required,not_applicable,unprefixed API expected,src/app/api/bookings/[id]/payment/preference/route.ts,implemented_handler,no direct E2E reference,authorization inferred from namespace; exact policy remains handler-specific
API-097,/api/bookings/[id]/payment/receipt,API,GET,route_specific_review_required,not_applicable,unprefixed API expected,src/app/api/bookings/[id]/payment/receipt/route.ts,implemented_handler,no direct E2E reference,authorization inferred from namespace; exact policy remains handler-specific
API-098,/api/bookings/[id]/payment/refund,API,GET|POST,route_specific_review_required,not_applicable,unprefixed API expected,src/app/api/bookings/[id]/payment/refund/route.ts,implemented_handler,no direct E2E reference,authorization inferred from namespace; exact policy remains handler-specific
API-099,/api/bookings/[id]/payment/sandbox,API,POST,route_specific_review_required,not_applicable,unprefixed API expected,src/app/api/bookings/[id]/payment/sandbox/route.ts,implemented_handler,no direct E2E reference,authorization inferred from namespace; exact policy remains handler-specific
API-100,/api/bookings/[id]/payment/stripe/session,API,POST,route_specific_review_required,not_applicable,unprefixed API expected,src/app/api/bookings/[id]/payment/stripe/session/route.ts,implemented_handler,no direct E2E reference,authorization inferred from namespace; exact policy remains handler-specific
API-101,/api/bookings/[id],API,GET|PATCH,route_specific_review_required,not_applicable,unprefixed API expected,src/app/api/bookings/[id]/route.ts,implemented_handler,direct/prefix refs:booking-lookup-security.spec.ts,authorization inferred from namespace; exact policy remains handler-specific
API-102,/api/bookings/attach-guest,API,POST,route_specific_review_required,not_applicable,unprefixed API expected,src/app/api/bookings/attach-guest/route.ts,implemented_handler,no direct E2E reference,authorization inferred from namespace; exact policy remains handler-specific
API-103,/api/bookings/lookup/results,API,GET,route_specific_review_required,not_applicable,unprefixed API expected,src/app/api/bookings/lookup/results/route.ts,implemented_handler,direct/prefix refs:booking-lookup-security.spec.ts,authorization inferred from namespace; exact policy remains handler-specific
API-104,/api/bookings/lookup,API,POST,route_specific_review_required,not_applicable,unprefixed API expected,src/app/api/bookings/lookup/route.ts,implemented_handler,direct/prefix refs:booking-lookup-security.spec.ts,authorization inferred from namespace; exact policy remains handler-specific
API-105,/api/bookings/lookup/verify,API,POST,route_specific_review_required,not_applicable,unprefixed API expected,src/app/api/bookings/lookup/verify/route.ts,implemented_handler,no direct E2E reference,authorization inferred from namespace; exact policy remains handler-specific
API-106,/api/bookings/notify,API,POST,route_specific_review_required,not_applicable,unprefixed API expected,src/app/api/bookings/notify/route.ts,implemented_handler,no direct E2E reference,authorization inferred from namespace; exact policy remains handler-specific
API-107,/api/bookings/payment-link/[token],API,GET,route_specific_review_required,not_applicable,unprefixed API expected,src/app/api/bookings/payment-link/[token]/route.ts,implemented_handler,no direct E2E reference,authorization inferred from namespace; exact policy remains handler-specific
API-108,/api/bookings,API,GET,route_specific_review_required,not_applicable,unprefixed API expected,src/app/api/bookings/route.ts,implemented_handler,direct/prefix refs:booking-lookup-security.spec.ts,authorization inferred from namespace; exact policy remains handler-specific
API-109,/api/cms/blog/link-suggestions,API,POST,route_specific_review_required,not_applicable,unprefixed API expected,src/app/api/cms/blog/link-suggestions/route.ts,implemented_handler,no direct E2E reference,authorization inferred from namespace; exact policy remains handler-specific
API-110,/api/contact,API,POST,route_specific_review_required,not_applicable,unprefixed API expected,src/app/api/contact/route.ts,implemented_handler,no direct E2E reference,authorization inferred from namespace; exact policy remains handler-specific
API-111,/api/conversations/[threadId]/messages,API,GET|POST,route_specific_review_required,not_applicable,unprefixed API expected,src/app/api/conversations/[threadId]/messages/route.ts,implemented_handler,no direct E2E reference,authorization inferred from namespace; exact policy remains handler-specific
API-112,/api/conversations/[threadId]/read,API,POST,route_specific_review_required,not_applicable,unprefixed API expected,src/app/api/conversations/[threadId]/read/route.ts,implemented_handler,no direct E2E reference,authorization inferred from namespace; exact policy remains handler-specific
API-113,/api/conversations/[threadId]/typing,API,GET|POST,route_specific_review_required,not_applicable,unprefixed API expected,src/app/api/conversations/[threadId]/typing/route.ts,implemented_handler,no direct E2E reference,authorization inferred from namespace; exact policy remains handler-specific
API-114,/api/conversations/by-booking/[bookingId],API,GET,route_specific_review_required,not_applicable,unprefixed API expected,src/app/api/conversations/by-booking/[bookingId]/route.ts,implemented_handler,no direct E2E reference,authorization inferred from namespace; exact policy remains handler-specific
API-115,/api/conversations/inbox,API,GET,route_specific_review_required,not_applicable,unprefixed API expected,src/app/api/conversations/inbox/route.ts,implemented_handler,no direct E2E reference,authorization inferred from namespace; exact policy remains handler-specific
API-116,/api/cron/affiliate-sync,API,GET,cron_secret,not_applicable,unprefixed API expected,src/app/api/cron/affiliate-sync/route.ts,implemented_handler,no direct E2E reference,authorization inferred from namespace; exact policy remains handler-specific
API-117,/api/cron/bookings/expire-unpaid,API,GET,cron_secret,not_applicable,unprefixed API expected,src/app/api/cron/bookings/expire-unpaid/route.ts,implemented_handler,no direct E2E reference,authorization inferred from namespace; exact policy remains handler-specific
API-118,/api/cron/cms/publish-scheduled,API,GET|POST,cron_secret,not_applicable,unprefixed API expected,src/app/api/cron/cms/publish-scheduled/route.ts,implemented_handler,no direct E2E reference,authorization inferred from namespace; exact policy remains handler-specific
API-119,/api/cron/content-freshness,API,GET|POST,cron_secret,not_applicable,unprefixed API expected,src/app/api/cron/content-freshness/route.ts,implemented_handler,no direct E2E reference,authorization inferred from namespace; exact policy remains handler-specific
API-120,/api/cron/messaging/booking-reminder-24h,API,POST|GET,cron_secret,not_applicable,unprefixed API expected,src/app/api/cron/messaging/booking-reminder-24h/route.ts,implemented_handler,no direct E2E reference,authorization inferred from namespace; exact policy remains handler-specific
API-121,/api/cron/messaging/cleanup-typing,API,POST|GET,cron_secret,not_applicable,unprefixed API expected,src/app/api/cron/messaging/cleanup-typing/route.ts,implemented_handler,no direct E2E reference,authorization inferred from namespace; exact policy remains handler-specific
API-122,/api/cron/notifications/digest,API,POST|GET,cron_secret,not_applicable,unprefixed API expected,src/app/api/cron/notifications/digest/route.ts,implemented_handler,no direct E2E reference,authorization inferred from namespace; exact policy remains handler-specific
API-123,/api/cron/ops/backup-hint,API,POST|GET,cron_secret,not_applicable,unprefixed API expected,src/app/api/cron/ops/backup-hint/route.ts,implemented_handler,no direct E2E reference,authorization inferred from namespace; exact policy remains handler-specific
API-124,/api/cron/ops/health-report,API,GET,cron_secret,not_applicable,unprefixed API expected,src/app/api/cron/ops/health-report/route.ts,implemented_handler,no direct E2E reference,authorization inferred from namespace; exact policy remains handler-specific
API-125,/api/cron/platform-maintenance,API,GET,cron_secret,not_applicable,unprefixed API expected,src/app/api/cron/platform-maintenance/route.ts,implemented_handler,no direct E2E reference,authorization inferred from namespace; exact policy remains handler-specific
API-126,/api/cron/privacy/process,API,GET|POST,cron_secret,not_applicable,unprefixed API expected,src/app/api/cron/privacy/process/route.ts,implemented_handler,no direct E2E reference,authorization inferred from namespace; exact policy remains handler-specific
API-127,/api/cron/search/reindex,API,GET,cron_secret,not_applicable,unprefixed API expected,src/app/api/cron/search/reindex/route.ts,implemented_handler,no direct E2E reference,authorization inferred from namespace; exact policy remains handler-specific
API-128,/api/cron/sputnik8-sync,API,GET,cron_secret,not_applicable,unprefixed API expected,src/app/api/cron/sputnik8-sync/route.ts,implemented_handler,no direct E2E reference,authorization inferred from namespace; exact policy remains handler-specific
API-129,/api/cron/trip-prep/reminders,API,GET|POST,cron_secret,not_applicable,unprefixed API expected,src/app/api/cron/trip-prep/reminders/route.ts,implemented_handler,no direct E2E reference,authorization inferred from namespace; exact policy remains handler-specific
API-130,/api/cron/tripster-sync,API,GET,cron_secret,not_applicable,unprefixed API expected,src/app/api/cron/tripster-sync/route.ts,implemented_handler,no direct E2E reference,authorization inferred from namespace; exact policy remains handler-specific
API-131,/api/cron/youtravel-affise-snapshot,API,GET,cron_secret,not_applicable,unprefixed API expected,src/app/api/cron/youtravel-affise-snapshot/route.ts,implemented_handler,no direct E2E reference,authorization inferred from namespace; exact policy remains handler-specific
API-132,/api/cron/youtravel-booking-status,API,GET,cron_secret,not_applicable,unprefixed API expected,src/app/api/cron/youtravel-booking-status/route.ts,implemented_handler,no direct E2E reference,authorization inferred from namespace; exact policy remains handler-specific
API-133,/api/cron/youtravel-sync,API,GET,cron_secret,not_applicable,unprefixed API expected,src/app/api/cron/youtravel-sync/route.ts,implemented_handler,no direct E2E reference,authorization inferred from namespace; exact policy remains handler-specific
API-134,/api/esim/offers,API,GET,route_specific_review_required,not_applicable,unprefixed API expected,src/app/api/esim/offers/route.ts,implemented_handler,no direct E2E reference,authorization inferred from namespace; exact policy remains handler-specific
API-135,/api/exchange-rates,API,GET,route_specific_review_required,not_applicable,unprefixed API expected,src/app/api/exchange-rates/route.ts,implemented_handler,no direct E2E reference,authorization inferred from namespace; exact policy remains handler-specific
API-136,/api/excursions/[slug]/book,API,POST,route_specific_review_required,not_applicable,unprefixed API expected,src/app/api/excursions/[slug]/book/route.ts,implemented_handler,no direct E2E reference,authorization inferred from namespace; exact policy remains handler-specific
API-137,/api/excursions/[slug]/booking-conditions,API,GET,route_specific_review_required,not_applicable,unprefixed API expected,src/app/api/excursions/[slug]/booking-conditions/route.ts,implemented_handler,no direct E2E reference,authorization inferred from namespace; exact policy remains handler-specific
API-138,/api/excursions/[slug]/price,API,GET,route_specific_review_required,not_applicable,unprefixed API expected,src/app/api/excursions/[slug]/price/route.ts,implemented_handler,no direct E2E reference,authorization inferred from namespace; exact policy remains handler-specific
API-139,/api/excursions/[slug],API,GET,route_specific_review_required,not_applicable,unprefixed API expected,src/app/api/excursions/[slug]/route.ts,implemented_handler,no direct E2E reference,authorization inferred from namespace; exact policy remains handler-specific
API-140,/api/excursions/[slug]/schedule,API,GET,route_specific_review_required,not_applicable,unprefixed API expected,src/app/api/excursions/[slug]/schedule/route.ts,implemented_handler,no direct E2E reference,authorization inferred from namespace; exact policy remains handler-specific
API-141,/api/excursions,API,GET,route_specific_review_required,not_applicable,unprefixed API expected,src/app/api/excursions/route.ts,implemented_handler,no direct E2E reference,authorization inferred from namespace; exact policy remains handler-specific
API-142,/api/excursions/search-index,API,GET,route_specific_review_required,not_applicable,unprefixed API expected,src/app/api/excursions/search-index/route.ts,implemented_handler,no direct E2E reference,authorization inferred from namespace; exact policy remains handler-specific
API-143,/api/experts/[slug]/inquiry,API,POST,route_specific_review_required,not_applicable,unprefixed API expected,src/app/api/experts/[slug]/inquiry/route.ts,implemented_handler,no direct E2E reference,authorization inferred from namespace; exact policy remains handler-specific
API-144,/api/experts/[slug],API,GET,route_specific_review_required,not_applicable,unprefixed API expected,src/app/api/experts/[slug]/route.ts,implemented_handler,no direct E2E reference,authorization inferred from namespace; exact policy remains handler-specific
API-145,/api/experts/apply,API,POST,route_specific_review_required,not_applicable,unprefixed API expected,src/app/api/experts/apply/route.ts,implemented_handler,no direct E2E reference,authorization inferred from namespace; exact policy remains handler-specific
API-146,/api/experts,API,GET,route_specific_review_required,not_applicable,unprefixed API expected,src/app/api/experts/route.ts,implemented_handler,no direct E2E reference,authorization inferred from namespace; exact policy remains handler-specific
API-147,/api/favorites,API,GET|POST|DELETE,route_specific_review_required,not_applicable,unprefixed API expected,src/app/api/favorites/route.ts,implemented_handler,no direct E2E reference,authorization inferred from namespace; exact policy remains handler-specific
API-148,/api/feature-flags,API,GET,route_specific_review_required,not_applicable,unprefixed API expected,src/app/api/feature-flags/route.ts,implemented_handler,no direct E2E reference,authorization inferred from namespace; exact policy remains handler-specific
API-149,/api/flights/prices,API,GET,route_specific_review_required,not_applicable,unprefixed API expected,src/app/api/flights/prices/route.ts,implemented_handler,no direct E2E reference,authorization inferred from namespace; exact policy remains handler-specific
API-150,/api/forum/categories/[slug]/threads,API,GET|POST,route_specific_review_required,not_applicable,unprefixed API expected,src/app/api/forum/categories/[slug]/threads/route.ts,implemented_handler,no direct E2E reference,authorization inferred from namespace; exact policy remains handler-specific
API-151,/api/forum/categories,API,GET,route_specific_review_required,not_applicable,unprefixed API expected,src/app/api/forum/categories/route.ts,implemented_handler,no direct E2E reference,authorization inferred from namespace; exact policy remains handler-specific
API-152,/api/forum/posts/[postId]/report,API,POST,route_specific_review_required,not_applicable,unprefixed API expected,src/app/api/forum/posts/[postId]/report/route.ts,implemented_handler,no direct E2E reference,authorization inferred from namespace; exact policy remains handler-specific
API-153,/api/forum/threads/[threadId]/posts,API,POST,route_specific_review_required,not_applicable,unprefixed API expected,src/app/api/forum/threads/[threadId]/posts/route.ts,implemented_handler,no direct E2E reference,authorization inferred from namespace; exact policy remains handler-specific
API-154,/api/forum/threads/[threadId],API,GET,route_specific_review_required,not_applicable,unprefixed API expected,src/app/api/forum/threads/[threadId]/route.ts,implemented_handler,no direct E2E reference,authorization inferred from namespace; exact policy remains handler-specific
API-155,/api/group-trips/[id]/join,API,POST,route_specific_review_required,not_applicable,unprefixed API expected,src/app/api/group-trips/[id]/join/route.ts,implemented_handler,no direct E2E reference,authorization inferred from namespace; exact policy remains handler-specific
API-156,/api/group-trips/[id]/leave,API,POST,route_specific_review_required,not_applicable,unprefixed API expected,src/app/api/group-trips/[id]/leave/route.ts,implemented_handler,no direct E2E reference,authorization inferred from namespace; exact policy remains handler-specific
API-157,/api/group-trips,API,GET|POST,route_specific_review_required,not_applicable,unprefixed API expected,src/app/api/group-trips/route.ts,implemented_handler,no direct E2E reference,authorization inferred from namespace; exact policy remains handler-specific
API-158,/api/health,API,GET,route_specific_review_required,not_applicable,unprefixed API expected,src/app/api/health/route.ts,implemented_handler,direct/prefix refs:smoke.spec.ts,authorization inferred from namespace; exact policy remains handler-specific
API-159,/api/interactions,API,POST,route_specific_review_required,not_applicable,unprefixed API expected,src/app/api/interactions/route.ts,implemented_handler,no direct E2E reference,authorization inferred from namespace; exact policy remains handler-specific
API-160,/api/map/layers,API,GET,route_specific_review_required,not_applicable,unprefixed API expected,src/app/api/map/layers/route.ts,implemented_handler,no direct E2E reference,authorization inferred from namespace; exact policy remains handler-specific
API-161,/api/map/objects,API,GET,route_specific_review_required,not_applicable,unprefixed API expected,src/app/api/map/objects/route.ts,implemented_handler,no direct E2E reference,authorization inferred from namespace; exact policy remains handler-specific
API-162,/api/newsletter,API,POST,route_specific_review_required,not_applicable,unprefixed API expected,src/app/api/newsletter/route.ts,implemented_handler,no direct E2E reference,authorization inferred from namespace; exact policy remains handler-specific
API-163,/api/notifications/preferences,API,GET|PATCH,route_specific_review_required,not_applicable,unprefixed API expected,src/app/api/notifications/preferences/route.ts,implemented_handler,no direct E2E reference,authorization inferred from namespace; exact policy remains handler-specific
API-164,/api/notifications/push/subscribe,API,POST|DELETE,route_specific_review_required,not_applicable,unprefixed API expected,src/app/api/notifications/push/subscribe/route.ts,implemented_handler,no direct E2E reference,authorization inferred from namespace; exact policy remains handler-specific
API-165,/api/notifications,API,GET|PATCH,route_specific_review_required,not_applicable,unprefixed API expected,src/app/api/notifications/route.ts,implemented_handler,no direct E2E reference,authorization inferred from namespace; exact policy remains handler-specific
API-166,/api/notifications/unsubscribe,API,GET|POST,route_specific_review_required,not_applicable,unprefixed API expected,src/app/api/notifications/unsubscribe/route.ts,implemented_handler,no direct E2E reference,authorization inferred from namespace; exact policy remains handler-specific
API-167,/api/organizer-applications,API,POST,authenticated_organizer,not_applicable,unprefixed API expected,src/app/api/organizer-applications/route.ts,implemented_handler,no direct E2E reference,authorization inferred from namespace; exact policy remains handler-specific
API-168,/api/organizer/analytics,API,GET,authenticated_organizer,not_applicable,unprefixed API expected,src/app/api/organizer/analytics/route.ts,implemented_handler,no direct E2E reference,authorization inferred from namespace; exact policy remains handler-specific
API-169,/api/organizer/api-keys/[id],API,DELETE,authenticated_organizer,not_applicable,unprefixed API expected,src/app/api/organizer/api-keys/[id]/route.ts,implemented_handler,no direct E2E reference,authorization inferred from namespace; exact policy remains handler-specific
API-170,/api/organizer/api-keys,API,GET|POST,authenticated_organizer,not_applicable,unprefixed API expected,src/app/api/organizer/api-keys/route.ts,implemented_handler,no direct E2E reference,authorization inferred from namespace; exact policy remains handler-specific
API-171,/api/organizer/articles/[id],API,GET|PATCH,authenticated_organizer,not_applicable,unprefixed API expected,src/app/api/organizer/articles/[id]/route.ts,implemented_handler,no direct E2E reference,authorization inferred from namespace; exact policy remains handler-specific
API-172,/api/organizer/articles/[id]/submit,API,POST,authenticated_organizer,not_applicable,unprefixed API expected,src/app/api/organizer/articles/[id]/submit/route.ts,implemented_handler,no direct E2E reference,authorization inferred from namespace; exact policy remains handler-specific
API-173,/api/organizer/articles,API,GET|POST,authenticated_organizer,not_applicable,unprefixed API expected,src/app/api/organizer/articles/route.ts,implemented_handler,no direct E2E reference,authorization inferred from namespace; exact policy remains handler-specific
API-174,/api/organizer/bookings/[id]/commission,API,GET,authenticated_organizer,not_applicable,unprefixed API expected,src/app/api/organizer/bookings/[id]/commission/route.ts,implemented_handler,no direct E2E reference,authorization inferred from namespace; exact policy remains handler-specific
API-175,/api/organizer/bookings/[id]/trip-prep-summary,API,GET,authenticated_organizer,not_applicable,unprefixed API expected,src/app/api/organizer/bookings/[id]/trip-prep-summary/route.ts,implemented_handler,no direct E2E reference,authorization inferred from namespace; exact policy remains handler-specific
API-176,/api/organizer/bookings,API,GET,authenticated_organizer,not_applicable,unprefixed API expected,src/app/api/organizer/bookings/route.ts,implemented_handler,no direct E2E reference,authorization inferred from namespace; exact policy remains handler-specific
API-177,/api/organizer/finance/statement,API,GET,authenticated_organizer,not_applicable,unprefixed API expected,src/app/api/organizer/finance/statement/route.ts,implemented_handler,no direct E2E reference,authorization inferred from namespace; exact policy remains handler-specific
API-178,/api/organizer/finance/summary,API,GET,authenticated_organizer,not_applicable,unprefixed API expected,src/app/api/organizer/finance/summary/route.ts,implemented_handler,no direct E2E reference,authorization inferred from namespace; exact policy remains handler-specific
API-179,/api/organizer/group-trips/[id],API,PATCH,authenticated_organizer,not_applicable,unprefixed API expected,src/app/api/organizer/group-trips/[id]/route.ts,implemented_handler,no direct E2E reference,authorization inferred from namespace; exact policy remains handler-specific
API-180,/api/organizer/inbox,API,GET|PATCH,authenticated_organizer,not_applicable,unprefixed API expected,src/app/api/organizer/inbox/route.ts,implemented_handler,no direct E2E reference,authorization inferred from namespace; exact policy remains handler-specific
API-181,/api/organizer/payments/refund-request,API,POST,authenticated_organizer,not_applicable,unprefixed API expected,src/app/api/organizer/payments/refund-request/route.ts,implemented_handler,no direct E2E reference,authorization inferred from namespace; exact policy remains handler-specific
API-182,/api/organizer/reviews/[id],API,PATCH,authenticated_organizer,not_applicable,unprefixed API expected,src/app/api/organizer/reviews/[id]/route.ts,implemented_handler,no direct E2E reference,authorization inferred from namespace; exact policy remains handler-specific
API-183,/api/organizer/reviews,API,GET,authenticated_organizer,not_applicable,unprefixed API expected,src/app/api/organizer/reviews/route.ts,implemented_handler,no direct E2E reference,authorization inferred from namespace; exact policy remains handler-specific
API-184,/api/organizer/tours/[id]/availability,API,GET|PUT,authenticated_organizer,not_applicable,unprefixed API expected,src/app/api/organizer/tours/[id]/availability/route.ts,implemented_handler,no direct E2E reference,authorization inferred from namespace; exact policy remains handler-specific
API-185,/api/organizer/tours/[id]/draft,API,GET|PATCH,authenticated_organizer,not_applicable,unprefixed API expected,src/app/api/organizer/tours/[id]/draft/route.ts,implemented_handler,no direct E2E reference,authorization inferred from namespace; exact policy remains handler-specific
API-186,/api/organizer/tours/sync,API,POST,authenticated_organizer,not_applicable,unprefixed API expected,src/app/api/organizer/tours/sync/route.ts,implemented_handler,no direct E2E reference,authorization inferred from namespace; exact policy remains handler-specific
API-187,/api/organizer/webhooks/[id],API,PATCH|DELETE,authenticated_organizer,not_applicable,unprefixed API expected,src/app/api/organizer/webhooks/[id]/route.ts,implemented_handler,no direct E2E reference,authorization inferred from namespace; exact policy remains handler-specific
API-188,/api/organizer/webhooks/[id]/test,API,POST,authenticated_organizer,not_applicable,unprefixed API expected,src/app/api/organizer/webhooks/[id]/test/route.ts,implemented_handler,no direct E2E reference,authorization inferred from namespace; exact policy remains handler-specific
API-189,/api/organizer/webhooks,API,GET|POST,authenticated_organizer,not_applicable,unprefixed API expected,src/app/api/organizer/webhooks/route.ts,implemented_handler,no direct E2E reference,authorization inferred from namespace; exact policy remains handler-specific
API-190,/api/partner-tours/[slug]/price,API,GET,route_specific_review_required,not_applicable,unprefixed API expected,src/app/api/partner-tours/[slug]/price/route.ts,implemented_handler,no direct E2E reference,authorization inferred from namespace; exact policy remains handler-specific
API-191,/api/partner-tours/[slug]/schedule,API,GET,route_specific_review_required,not_applicable,unprefixed API expected,src/app/api/partner-tours/[slug]/schedule/route.ts,implemented_handler,no direct E2E reference,authorization inferred from namespace; exact policy remains handler-specific
API-192,/api/payments/sandbox-mode,API,GET,route_specific_review_required,not_applicable,unprefixed API expected,src/app/api/payments/sandbox-mode/route.ts,implemented_handler,no direct E2E reference,authorization inferred from namespace; exact policy remains handler-specific
API-193,/api/places/ai/itinerary-suggest,API,POST|GET,route_specific_review_required,not_applicable,unprefixed API expected,src/app/api/places/ai/itinerary-suggest/route.ts,implemented_handler,no direct E2E reference,authorization inferred from namespace; exact policy remains handler-specific
API-194,/api/places,API,GET,route_specific_review_required,not_applicable,unprefixed API expected,src/app/api/places/route.ts,implemented_handler,no direct E2E reference,authorization inferred from namespace; exact policy remains handler-specific
API-195,/api/podbor/narrative,API,POST,route_specific_review_required,not_applicable,unprefixed API expected,src/app/api/podbor/narrative/route.ts,implemented_handler,no direct E2E reference,authorization inferred from namespace; exact policy remains handler-specific
API-196,/api/privacy/delete-request,API,POST,route_specific_review_required,not_applicable,unprefixed API expected,src/app/api/privacy/delete-request/route.ts,implemented_handler,no direct E2E reference,authorization inferred from namespace; exact policy remains handler-specific
API-197,/api/privacy/export,API,POST,route_specific_review_required,not_applicable,unprefixed API expected,src/app/api/privacy/export/route.ts,implemented_handler,no direct E2E reference,authorization inferred from namespace; exact policy remains handler-specific
API-198,/api/quick-explore,API,GET,route_specific_review_required,not_applicable,unprefixed API expected,src/app/api/quick-explore/route.ts,implemented_handler,no direct E2E reference,authorization inferred from namespace; exact policy remains handler-specific
API-199,/api/recommendations,API,GET,route_specific_review_required,not_applicable,unprefixed API expected,src/app/api/recommendations/route.ts,implemented_handler,no direct E2E reference,authorization inferred from namespace; exact policy remains handler-specific
API-200,/api/reviews/[id]/report,API,POST,route_specific_review_required,not_applicable,unprefixed API expected,src/app/api/reviews/[id]/report/route.ts,implemented_handler,no direct E2E reference,authorization inferred from namespace; exact policy remains handler-specific
API-201,/api/reviews/[id],API,PATCH,route_specific_review_required,not_applicable,unprefixed API expected,src/app/api/reviews/[id]/route.ts,implemented_handler,no direct E2E reference,authorization inferred from namespace; exact policy remains handler-specific
API-202,/api/reviews/eligibility,API,GET,route_specific_review_required,not_applicable,unprefixed API expected,src/app/api/reviews/eligibility/route.ts,implemented_handler,no direct E2E reference,authorization inferred from namespace; exact policy remains handler-specific
API-203,/api/reviews,API,GET|POST,route_specific_review_required,not_applicable,unprefixed API expected,src/app/api/reviews/route.ts,implemented_handler,no direct E2E reference,authorization inferred from namespace; exact policy remains handler-specific
API-204,/api/saved-articles,API,GET|POST|DELETE,route_specific_review_required,not_applicable,unprefixed API expected,src/app/api/saved-articles/route.ts,implemented_handler,no direct E2E reference,authorization inferred from namespace; exact policy remains handler-specific
API-205,/api/search,API,GET,route_specific_review_required,not_applicable,unprefixed API expected,src/app/api/search/route.ts,implemented_handler,no direct E2E reference,authorization inferred from namespace; exact policy remains handler-specific
API-206,/api/shop/orders/[id],API,GET,route_specific_review_required,not_applicable,unprefixed API expected,src/app/api/shop/orders/[id]/route.ts,implemented_handler,no direct E2E reference,authorization inferred from namespace; exact policy remains handler-specific
API-207,/api/shop/orders,API,POST|GET,route_specific_review_required,not_applicable,unprefixed API expected,src/app/api/shop/orders/route.ts,implemented_handler,no direct E2E reference,authorization inferred from namespace; exact policy remains handler-specific
API-208,/api/site/globals,API,GET,route_specific_review_required,not_applicable,unprefixed API expected,src/app/api/site/globals/route.ts,implemented_handler,no direct E2E reference,authorization inferred from namespace; exact policy remains handler-specific
API-209,/api/site/legal,API,GET,route_specific_review_required,not_applicable,unprefixed API expected,src/app/api/site/legal/route.ts,implemented_handler,no direct E2E reference,authorization inferred from namespace; exact policy remains handler-specific
API-210,/api/site/search-index,API,GET,route_specific_review_required,not_applicable,unprefixed API expected,src/app/api/site/search-index/route.ts,implemented_handler,no direct E2E reference,authorization inferred from namespace; exact policy remains handler-specific
API-211,/api/social-feed,API,GET,route_specific_review_required,not_applicable,unprefixed API expected,src/app/api/social-feed/route.ts,implemented_handler,no direct E2E reference,authorization inferred from namespace; exact policy remains handler-specific
API-212,/api/tours/[slug]/availability,API,GET,route_specific_review_required,not_applicable,unprefixed API expected,src/app/api/tours/[slug]/availability/route.ts,implemented_handler,no direct E2E reference,authorization inferred from namespace; exact policy remains handler-specific
API-213,/api/tours/[slug],API,GET,route_specific_review_required,not_applicable,unprefixed API expected,src/app/api/tours/[slug]/route.ts,implemented_handler,no direct E2E reference,authorization inferred from namespace; exact policy remains handler-specific
API-214,/api/tours/[slug]/waitlist,API,POST,route_specific_review_required,not_applicable,unprefixed API expected,src/app/api/tours/[slug]/waitlist/route.ts,implemented_handler,no direct E2E reference,authorization inferred from namespace; exact policy remains handler-specific
API-215,/api/tours,API,GET,route_specific_review_required,not_applicable,unprefixed API expected,src/app/api/tours/route.ts,implemented_handler,no direct E2E reference,authorization inferred from namespace; exact policy remains handler-specific
API-216,/api/transfers/autocomplete,API,GET,route_specific_review_required,not_applicable,unprefixed API expected,src/app/api/transfers/autocomplete/route.ts,implemented_handler,no direct E2E reference,authorization inferred from namespace; exact policy remains handler-specific
API-217,/api/transfers/search,API,GET,route_specific_review_required,not_applicable,unprefixed API expected,src/app/api/transfers/search/route.ts,implemented_handler,no direct E2E reference,authorization inferred from namespace; exact policy remains handler-specific
API-218,/api/travelpayouts/links,API,POST,route_specific_review_required,not_applicable,unprefixed API expected,src/app/api/travelpayouts/links/route.ts,implemented_handler,no direct E2E reference,authorization inferred from namespace; exact policy remains handler-specific
API-219,/api/trip-prep/progress,API,PATCH,route_specific_review_required,not_applicable,unprefixed API expected,src/app/api/trip-prep/progress/route.ts,implemented_handler,no direct E2E reference,authorization inferred from namespace; exact policy remains handler-specific
API-220,/api/trip-prep,API,GET,route_specific_review_required,not_applicable,unprefixed API expected,src/app/api/trip-prep/route.ts,implemented_handler,no direct E2E reference,authorization inferred from namespace; exact policy remains handler-specific
API-221,/api/tripster/booking-request,API,GET,route_specific_review_required,not_applicable,unprefixed API expected,src/app/api/tripster/booking-request/route.ts,implemented_handler,no direct E2E reference,authorization inferred from namespace; exact policy remains handler-specific
API-222,/api/v1/excursions,API,GET|OPTIONS,route_specific_review_required,not_applicable,unprefixed API expected,src/app/api/v1/excursions/route.ts,implemented_handler,no direct E2E reference,authorization inferred from namespace; exact policy remains handler-specific
API-223,/api/v1/tours/[slug],API,GET|OPTIONS,route_specific_review_required,not_applicable,unprefixed API expected,src/app/api/v1/tours/[slug]/route.ts,implemented_handler,no direct E2E reference,authorization inferred from namespace; exact policy remains handler-specific
API-224,/api/v1/tours,API,GET|OPTIONS,route_specific_review_required,not_applicable,unprefixed API expected,src/app/api/v1/tours/route.ts,implemented_handler,no direct E2E reference,authorization inferred from namespace; exact policy remains handler-specific
API-225,/api/webhooks/payments/mercadopago,API,POST,signed_external_webhook,not_applicable,unprefixed API expected,src/app/api/webhooks/payments/mercadopago/route.ts,implemented_handler,no direct E2E reference,authorization inferred from namespace; exact policy remains handler-specific
API-226,/api/webhooks/payments/stripe,API,POST,signed_external_webhook,not_applicable,unprefixed API expected,src/app/api/webhooks/payments/stripe/route.ts,implemented_handler,no direct E2E reference,authorization inferred from namespace; exact policy remains handler-specific
API-227,/api/webhooks/youtravel/booking,API,POST,signed_external_webhook,not_applicable,unprefixed API expected,src/app/api/webhooks/youtravel/booking/route.ts,implemented_handler,no direct E2E reference,authorization inferred from namespace; exact policy remains handler-specific
API-228,/api/youtravel/booking-request/[id]/refresh,API,POST,route_specific_review_required,not_applicable,unprefixed API expected,src/app/api/youtravel/booking-request/[id]/refresh/route.ts,implemented_handler,no direct E2E reference,authorization inferred from namespace; exact policy remains handler-specific
API-229,/api/youtravel/booking-request,API,GET,route_specific_review_required,not_applicable,unprefixed API expected,src/app/api/youtravel/booking-request/route.ts,implemented_handler,direct/prefix refs:youtravel-booking.spec.ts,authorization inferred from namespace; exact policy remains handler-specific
API-230,/api/youtravel/tours/[slug]/offers,API,GET,route_specific_review_required,not_applicable,unprefixed API expected,src/app/api/youtravel/tours/[slug]/offers/route.ts,implemented_handler,no direct E2E reference,authorization inferred from namespace; exact policy remains handler-specific
API-231,/auth/callback,API,GET,route_specific_review_required,not_applicable,unprefixed API expected,src/app/auth/callback/route.ts,implemented_handler,no direct E2E reference,authorization inferred from namespace; exact policy remains handler-specific
API-232,/auth/confirm,API,GET,route_specific_review_required,not_applicable,unprefixed API expected,src/app/auth/confirm/route.ts,implemented_handler,no direct E2E reference,authorization inferred from namespace; exact policy remains handler-specific
API-233,/blog/feed.xml,API,GET,route_specific_review_required,not_applicable,unprefixed API expected,src/app/blog/feed.xml/route.ts,implemented_handler,no direct E2E reference,authorization inferred from namespace; exact policy remains handler-specific
API-234,/robots.txt,API,GET,route_specific_review_required,not_applicable,unprefixed API expected,src/app/robots.txt/route.ts,implemented_handler,no direct E2E reference,authorization inferred from namespace; exact policy remains handler-specific
META-001,/sitemap.xml,metadata route,GET,public,indexable_discovery,not locale-prefixed,src/app/sitemap.ts,dynamic_generated_route,no direct E2E reference,entries aggregate navigation and CMS or repository entity slugs
VIRTUAL-001,/en/*,locale rewrite,GET,mirrors_underlying_route,mirrors_underlying_route,en prefix stripped by middleware and locale cookie set,src/middleware.ts,implemented_rewrite,direct refs:ssr-i18n-chrome.spec.ts,not a separate app route tree
VIRTUAL-002,/es/*,locale rewrite,GET,mirrors_underlying_route,mirrors_underlying_route,es prefix stripped by middleware and locale cookie set,src/middleware.ts,implemented_rewrite,direct refs:ssr-i18n-chrome.spec.ts,not a separate app route tree
LEGACY-001,/map,legacy redirect,GET,public,redirect,query fields mapped to canonical route,next.config.ts|src/app/map/page.tsx,permanent_301,direct refs:smoke.spec.ts|ux-audit.spec.ts,target /mapa-argentina
LEGACY-002,/blog/blue-dollar-argentina-2025,legacy redirect,GET,public,redirect,locale prefix handled before underlying route,next.config.ts,permanent_301,no direct E2E reference,target /blog/blue-dollar-argentina-2026
LEGACY-003,/blog/argentina-tourist-visa-2025,legacy redirect,GET,public,redirect,locale prefix handled before underlying route,next.config.ts,permanent_301,no direct E2E reference,target /blog/argentina-tourist-visa-2026
LEGACY-DB,/<url_redirects.from_path>,database redirect,GET,public,redirect,locale prefix stripped before lookup,src/lib/redirects/url-redirect-server.ts|src/middleware.ts,database_managed,no complete E2E enumeration,database contents were not queried in this source-and-test audit
